0.000000000000000000e+00,0.000000000000000000e+00,0.000000000000000000e+00,0.000000000000000000e+00,0.000000000000000000e+00,0.000000000000000000e+00,0.000000000000000000e+00,0.000000000000000000e+00,0.000000000000000000e+00,0.000000000000000000e+00,0.000000000000000000e+00,0.000000000000000000e+00,0.000000000000000000e+00,0.000000000000000000e+00,0.000000000000000000e+00,0.000000000000000000e+00,0.000000000000000000e+00,0.000000000000000000e+00,0.000000000000000000e+00,0.000000000000000000e+00,0.000000000000000000e+00,0.000000000000000000e+00,0.000000000000000000e+00,0.000000000000000000e+00,0.000000000000000000e+00,0.000000000000000000e+00,0.000000000000000000e+00,0.000000000000000000e+00,0.000000000000000000e+00,0.000000000000000000e+00,0.000000000000000000e+00,0.000000000000000000e+00,0.000000000000000000e+00,0.000000000000000000e+00,0.000000000000000000e+00,0.000000000000000000e+00,0.000000000000000000e+00,0.000000000000000000e+00,0.000000000000000000e+00,0.000000000000000000e+00,0.000000000000000000e+00,0.000000000000000000e+00,0.000000000000000000e+00,0.000000000000000000e+00,0.000000000000000000e+00,0.000000000000000000e+00,0.000000000000000000e+00,0.000000000000000000e+00,0.000000000000000000e+00,0.000000000000000000e+00,0.000000000000000000e+00,0.000000000000000000e+00,0.000000000000000000e+00,0.000000000000000000e+00,0.000000000000000000e+00,0.000000000000000000e+00,0.000000000000000000e+00,0.000000000000000000e+00,0.000000000000000000e+00,0.000000000000000000e+00,0.000000000000000000e+00,0.000000000000000000e+00,0.000000000000000000e+00,0.000000000000000000e+00,0.000000000000000000e+00,0.000000000000000000e+00,0.000000000000000000e+00,0.000000000000000000e+00,0.000000000000000000e+00,0.000000000000000000e+00,0.000000000000000000e+00,0.000000000000000000e+00,0.000000000000000000e+00,0.000000000000000000e+00,0.000000000000000000e+00,0.000000000000000000e+00,0.000000000000000000e+00,0.000000000000000000e+00,0.000000000000000000e+00,0.000000000000000000e+00,0.000000000000000000e+00,0.000000000000000000e+00,0.000000000000000000e+00,0.000000000000000000e+00,0.000000000000000000e+00,0.000000000000000000e+00,0.000000000000000000e+00,0.000000000000000000e+00,0.000000000000000000e+00,0.000000000000000000e+00,0.000000000000000000e+00,0.000000000000000000e+00,0.000000000000000000e+00,0.000000000000000000e+00,0.000000000000000000e+00,0.000000000000000000e+00,0.000000000000000000e+00,0.000000000000000000e+00,0.000000000000000000e+00,0.000000000000000000e+00
1.000000000000000000e+00,7.516510256336159657e-01,6.672191130143926285e-01,5.773151675640858516e-01,5.029523051402600142e-01,4.422600737260295456e-01,3.931741143759420742e-01,3.532555995363830803e-01,3.204448518219912834e-01,2.931523461037475742e-01,2.702055553374129726e-01,2.507501112218450956e-01,2.341558100855731517e-01,2.199417997845237727e-01,2.077233263810295827e-01,1.971777665818623404e-01,1.880257611005299034e-01,1.800226474351666883e-01,1.729556453687612350e-01,1.666432510251613375e-01,1.609345611911829343e-01,1.557075168794660180e-01,1.508659295884376972e-01,1.463356930540379852e-01,1.420606969636921679e-01,1.379989319041128037e-01,1.341190660547751934e-01,1.303976505412042797e-01,1.268169335384198015e-01,1.233632371060490590e-01,1.200257681776253638e-01,1.167957857572217706e-01,1.136660072829512313e-01,1.106302091241977703e-01,1.076829422401417019e-01,1.048193505416213089e-01,1.020350417662156256e-01,9.932601539980492888e-02,9.668861477692056172e-02,9.411951260614616344e-02,9.161570844153490989e-02,8.917454479783701315e-02,8.679373009532537209e-02,8.447136838969210304e-02,8.220599409621034970e-02,7.999660235793171204e-02,7.784268443135546056e-02,7.574424786610522986e-02,7.370184323198340770e-02,7.171656549726104779e-02,6.979006504206403116e-02,6.792452462369258370e-02,6.612265068226022557e-02,6.438762404692782715e-02,6.272307112821078057e-02,6.113299054923829190e-02,5.962170732637443737e-02,5.819378119021991619e-02,5.685394959536763104e-02,5.560702595823390632e-02,5.445783878207104828e-02,5.341112897125035314e-02,5.247149230483384025e-02,5.164328434407311486e-02,5.093057209492565796e-02,5.033705310924233012e-02,4.986601988297283128e-02,4.952029708527717899e-02,4.930221960467884995e-02,4.921358899220612537e-02,4.925566359685041445e-02,4.942913272756423171e-02,4.973411532587678624e-02,5.017014825819794688e-02,5.073618850829127169e-02,5.143061034668590381e-02,5.225120484033667079e-02,5.319517901618651956e-02,5.425914493381059356e-02,5.543911143490076049e-02,5.673045169075753569e-02,5.812787257646231942e-02,5.962534116470053630e-02,6.121600292302243479e-02,6.289202562590436030e-02,6.464440185758681123e-02,6.646261171968177728e-02,6.833415511984831936e-02,7.024379497882497769e-02,7.217246230897779447e-02,7.409552223016740991e-02,7.598034260867185530e-02,7.778205913347520373e-02,7.943955633230945224e-02,8.086089102588660260e-02,8.193845771703194003e-02,8.244659757795579080e-02,8.241031255794045718e-02,8.090008490095101923e-02,8.090008490095101923e-02
1.000000000000000000e+00,9.597647027176102741e-01,9.358820236912134272e-01,8.833760803399229866e-01,8.224625129508007504e-01,7.609304200969256859e-01,7.031818193257168836e-01,6.509576937438513733e-01,6.046332165960539573e-01,5.639472175281338151e-01,5.284014826462115622e-01,4.974484394654278829e-01,4.705638756767299702e-01,4.472637902539017829e-01,4.270999312891848865e-01,4.096521965272513222e-01,3.945255169783896121e-01,3.813522333195268899e-01,3.697977697272445963e-01,3.595665178451170618e-01,3.504056282192785643e-01,3.421055998341263615e-01,3.344978274064948076e-01,3.274498933948056800e-01,3.208597366565072995e-01,3.146496018610558387e-01,3.087605022508472241e-01,3.031474909820241481e-01,2.977759122568707784e-01,2.926185076621590220e-01,2.876533097986207488e-01,2.828620934613295668e-01,2.782293082764252801e-01,2.737413009137550368e-01,2.693858049372697128e-01,2.651515635678029503e-01,2.610281039029000438e-01,2.570055690200395149e-01,2.530746417609456844e-01,2.492264945905199036e-01,2.454527962661524620e-01,2.417457329634365160e-01,2.380980600192288410e-01,2.345031658366562577e-01,2.309551420337861705e-01,2.274488682323029254e-01,2.239800783977428933e-01,2.205454474149416422e-01,2.171426344108144113e-01,2.137703546139385347e-01,2.104283843887098937e-01,2.071176057758215006e-01,2.038399635887200578e-01,2.005984754444250784e-01,1.973971382351182580e-01,1.942409027189619108e-01,1.911355339458765124e-01,1.880875554559431895e-01,1.851040745170393631e-01,1.821927055129080875e-01,1.793613750227244230e-01,1.766182362579133691e-01,1.739714704623067931e-01,1.714292040365318071e-01,1.689993214837819113e-01,1.666893944955879781e-01,1.645065182961088779e-01,1.624572582234149465e-01,1.605475167400572389e-01,1.587824988350401700e-01,1.571666120966737079e-01,1.557034483412493564e-01,1.543957146734382113e-01,1.532452255288201670e-01,1.522528588585652376e-01,1.514185502035558517e-01,1.507412648020358126e-01,1.502189827731724436e-01,1.498486741297092861e-01,1.496262601423147820e-01,1.495465717799737693e-01,1.496032636128254156e-01,1.497887223318832839e-01,1.500938890568143669e-01,1.505080528531737294e-01,1.510184898938171927e-01,1.516100061624154893e-01,1.522642011700741094e-01,1.529584859879057346e-01,1.536646173031202267e-01,1.543467221933403077e-01,1.549587559833005002e-01,1.554407533314247913e-01,1.557173691834772000e-01,1.556863934272713634e-01,1.552535704975323005e-01,1.542127493930478543e-01,1.527746811545880601e-01,1.498086983831480312e-01,1.498086983831480312e-01
1.000000000000000000e+00,1.013320260794975169e+00,1.028524334480159119e+00,1.020288894865175822e+00,9.941567133564904735e-01,9.564759278770902373e-01,9.130566204948677989e-01,8.679712738237803649e-01,8.237828093935242180e-01,7.819683193570837743e-01,7.433008959294398199e-01,7.081199787194900619e-01,6.765013567820284957e-01,6.483560842441945526e-01,6.234867238996092409e-01,6.016223217779677057e-01,5.824450286759687012e-01,5.656141398606409076e-01,5.507882744671774855e-01,5.376442485427043172e-01,5.258908272619909896e-01,5.152766224758320579e-01,5.055924156831351768e-01,4.966692261911124229e-01,4.883736037610008629e-01,4.806017257852253088e-01,4.732733137937989443e-01,4.663261791712821069e-01,4.597116061127254349e-01,4.533907578815213890e-01,4.473318935035350274e-01,4.415083721360948399e-01,4.358971540143925516e-01,4.304777871743938888e-01,4.252316370885486640e-01,4.201414027437578302e-01,4.151907353796328026e-01,4.103640351548659693e-01,4.056462867586634879e-01,4.010230124695857157e-01,3.964802402854174512e-01,3.920045479762688245e-01,3.875831175643300042e-01,3.832038289311953672e-01,3.788553688865337055e-01,3.745273417326948628e-01,3.702104059803045244e-01,3.658963730225293087e-01,3.615783467907518478e-01,3.572507852305243370e-01,3.529096212257922804e-01,3.485522670831334713e-01,3.441777002063403090e-01,3.397863987381164463e-01,3.353803826308064950e-01,3.309630781846425451e-01,3.265393132613436111e-01,3.221151181694053567e-01,3.176976812791972304e-01,3.132951018240897056e-01,3.089163176598488381e-01,3.045708307036562035e-01,3.002686211282334372e-01,2.960198676908725179e-01,2.918348621102314633e-01,2.877237446117683617e-01,2.836964291607761424e-01,2.797623700065113850e-01,2.759305038446172587e-01,2.722090571529030001e-01,2.686055063205204374e-01,2.651264292663267352e-01,2.617774799464659408e-01,2.585632819203639299e-01,2.554874098126643789e-01,2.525523173968504120e-01,2.497593153288620582e-01,2.471085215307667060e-01,2.445988208661776242e-01,2.422278197565922164e-01,2.399917673188686484e-01,2.378854863271040176e-01,2.359022226460823490e-01,2.340335055177941992e-01,2.322688661438213342e-01,2.305955440274369828e-01,2.289979691021646335e-01,2.274571764600549495e-01,2.259498949976654347e-01,2.244475279353388419e-01,2.229147677046157683e-01,2.213084937557061316e-01,2.195762621643193024e-01,2.176594368809094682e-01,2.154873492523287637e-01,2.130266935361259939e-01,2.101513253548319415e-01,2.072518500266904984e-01,2.030670397988441345e-01,2.030670397988441345e-01
1.000000000000000000e+00,1.021830941406792537e+00,1.049682918718972457e+00,1.067272409193713578e+00,1.069869145251219900e+00,1.058507330038933381e+00,1.036528652302381781e+00,1.007498794741837456e+00,9.744553444286007116e-01,9.397271603756196523e-01,9.049925474483589971e-01,8.714050661542088738e-01,8.397162592729662256e-01,8.103730414869427801e-01,7.835898740354817482e-01,7.594034789730229607e-01,7.377181255188282050e-01,7.183461140692735114e-01,7.010446582032497931e-01,6.855478602321050108e-01,6.715921061354370725e-01,6.589336928591823517e-01,6.473589549678088195e-01,6.366879675730567900e-01,6.267737399246439134e-01,6.174985833810746616e-01,6.087693331486627724e-01,6.005123320242343743e-01,5.926689669443441222e-01,5.851918569738666642e-01,5.780419175244567720e-01,5.711860394177539213e-01,5.645954444934558891e-01,5.582444015998366815e-01,5.521093788232300792e-01,5.461683608529668277e-01,5.404004450414144900e-01,5.347854991390401658e-01,5.293040071187735673e-01,5.239369334515404653e-01,5.186657174173543439e-01,5.134722746265226734e-01,5.083390809974646096e-01,5.032492691218724001e-01,4.981867595963601625e-01,4.931364190126234504e-01,4.880842020453565744e-01,4.830173403702015533e-01,4.779244618278250534e-01,4.727957811921928433e-01,4.676231669259043877e-01,4.624003082884265980e-01,4.571227073801566454e-01,4.517878035038817019e-01,4.463948783384297792e-01,4.409451271992659849e-01,4.354414769936088558e-01,4.298886035653186610e-01,4.242926735803024263e-01,4.186613156390582846e-01,4.130033064110211205e-01,4.073285090730958125e-01,4.016475293965399707e-01,3.959716374592202603e-01,3.903124204439115119e-01,3.846817025060514927e-01,3.790912181739742315e-01,3.735525415210254607e-01,3.680767983691470291e-01,3.626746107099949601e-01,3.573558587882605941e-01,3.521296412311223367e-01,3.470040907780215789e-01,3.419863456607372121e-01,3.370824160677519665e-01,3.322971582811861113e-01,3.276341831289493745e-01,3.230958209130755376e-01,3.186830576153403261e-01,3.143954747112549519e-01,3.102311924353793327e-01,3.061867623687799522e-01,3.022570876426879938e-01,2.984352358420793716e-01,2.947122928076557069e-01,2.910770510751717888e-01,2.875157457045383058e-01,2.840115822437549453e-01,2.805443491626257169e-01,2.770898891577822654e-01,2.736198592603366064e-01,2.701020018187606508e-01,2.665009836169362489e-01,2.627845271790405501e-01,2.589205547736936897e-01,2.549320550576010258e-01,2.507508379508106566e-01,2.468697492302095453e-01,2.418627775261424084e-01,2.418627775261424084e-01
1.000000000000000000e+00,1.018843159593258108e+00,1.046542781701109259e+00,1.074099135347416523e+00,1.093213691003608767e+00,1.101073091487876576e+00,1.097989557014059647e+00,1.085732516575020012e+00,1.066533734389710997e+00,1.042566927829653212e+00,1.015722084783219792e+00,9.875374230688109822e-01,9.592046545355540355e-01,9.316020016086610234e-01,9.053343162732878646e-01,8.807739510137665429e-01,8.581018129532129723e-01,8.373491497653025029e-01,8.184390192356785221e-01,8.012252193394356903e-01,7.855257763143291827e-01,7.711490994334593285e-01,7.579119311565136741e-01,7.456498750950704135e-01,7.342218176822058462e-01,7.235102680185391266e-01,7.134191251847250559e-01,7.038704266796392828e-01,6.948007527312842768e-01,6.861580260508175488e-01,6.778986907760830016e-01,6.699855606364381044e-01,6.623860408574672176e-01,6.550708924730630489e-01,6.480132039213969408e-01,6.411877423924012831e-01,6.345703864638891911e-01,6.281378258912168056e-01,6.218672797801344521e-01,6.157364082918106440e-01,6.097232223319204447e-01,6.038061293439918042e-01,5.979639807355019432e-01,5.921761997728297588e-01,5.864229283352124789e-01,5.806851939603318025e-01,5.749451213634740876e-01,5.691860984186994932e-01,5.633930182019298849e-01,5.575524061674569376e-01,5.516526598013453686e-01,5.456841046573621679e-01,5.396392032293438890e-01,5.335125168910040960e-01,5.273008636252387582e-01,5.210031755636864714e-01,5.146205956059373143e-01,5.081562342444563285e-01,5.016152058772280764e-01,4.950043014803918728e-01,4.883319744428383236e-01,4.816079551962150762e-01,4.748432020841711343e-01,4.680494888997316916e-01,4.612393379903454438e-01,4.544256115318877631e-01,4.476214421104623420e-01,4.408398542571767553e-01,4.340937032236863446e-01,4.273953462396337666e-01,4.207565944926625057e-01,4.141884453407808642e-01,4.077010468624401307e-01,4.013034941918778853e-01,3.950038012313045188e-01,3.888087572034819028e-01,3.827238964794607012e-01,3.767534056020198641e-01,3.709000794317799943e-01,3.651652640309469011e-01,3.595487849432467131e-01,3.540489071431270895e-01,3.486622194198500391e-01,3.433835907027745771e-01,3.382059977339452739e-01,3.331204674381951780e-01,3.281158627424624608e-01,3.231788588329794765e-01,3.182938131702570117e-01,3.134430359746748773e-01,3.086071988325940763e-01,3.037668901315289660e-01,2.989044193158331142e-01,2.940112514019403434e-01,2.890843952346388579e-01,2.841808423657861127e-01,2.792536701347899109e-01,2.748305242255537628e-01,2.693223544468195119e-01,2.693223544468195119e-01
1.000000000000000000e+00,1.014082629108145284e+00,1.037323096185871263e+00,1.065933370650076650e+00,1.091821186158225210e+00,1.110595574971400268e+00,1.120520802184114206e+00,1.121621902196323850e+00,1.114916140029090785e+00,1.101869501192561884e+00,1.084056491852293247e+00,1.062968851013031069e+00,1.039918888878865522e+00,1.015997659690548893e+00,9.920638227838030065e-01,9.687505374436740091e-01,9.464848284726796734e-01,9.255161337114181652e-01,9.059510727731175939e-01,8.877904459532293124e-01,8.709646275484103084e-01,8.553638718587994738e-01,8.408618292303671193e-01,8.273316585838064174e-01,8.146557572715443785e-01,8.027303083104069259e-01,7.914664988841962900e-01,7.807895448582435893e-01,7.706368609462002084e-01,7.609557762284478999e-01,7.517014913881626681e-01,7.428351498446944534e-01,7.343223931545845851e-01,7.261320696517610251e-01,7.182353743412219771e-01,7.106050599200003370e-01,7.032149835663098481e-01,6.960396608911452176e-01,6.890540781516563129e-01,6.822334855506047013e-01,6.755533857372670870e-01,6.689895053838266215e-01,6.625179009380099959e-01,6.561150670732460721e-01,6.497581123943897419e-01,6.434249685880982783e-01,6.370945913483008205e-01,6.307472331191147363e-01,6.243646249452990959e-01,6.179302743792066677e-01,6.114295868202545003e-01,6.048501519559877915e-01,5.981817707180803190e-01,5.914166999321958107e-01,5.845495634331879797e-01,5.775775348791913899e-01,5.705001272040104432e-01,5.633193058830386901e-01,5.560391670448132651e-01,5.486659853210711368e-01,5.412078046814166044e-01,5.336744340393956287e-01,5.260769839437189344e-01,5.184278279170108084e-01,5.107401214674134327e-01,5.030277474669384574e-01,4.953048518032486802e-01,4.875857877861113909e-01,4.798846964448388874e-01,4.722154594414750828e-01,4.645913433474652132e-01,4.570249644049387272e-01,4.495280068684299191e-01,4.421111974466764849e-01,4.347840993489208716e-01,4.275550901096379364e-01,4.204312261721105948e-01,4.134182153308620933e-01,4.065203419265589480e-01,3.997404244406567164e-01,3.930797891074030437e-01,3.865382050308008854e-01,3.801138961823125606e-01,3.738034547732947410e-01,3.676018959095754268e-01,3.615025786695315602e-01,3.554973569977850634e-01,3.495766227522565384e-01,3.437297401718910073e-01,3.379455389403372423e-01,3.322134894927251669e-01,3.265255129681685076e-01,3.208782991051596367e-01,3.152800737399604758e-01,3.097450504786827818e-01,3.043444527539340139e-01,2.990288240401100528e-01,2.943253377867657283e-01,2.885111089106813242e-01,2.885111089106813242e-01
1.000000000000000000e+00,1.010037670419291711e+00,1.028261260430899160e+00,1.054078909179995582e+00,1.080893027460256617e+00,1.104225174033720114e+00,1.121421328670892725e+00,1.131358863524611236e+00,1.134008657126053921e+00,1.130029477035407570e+00,1.120452778259678039e+00,1.106459738798492909e+00,1.089234035554937918e+00,1.069869261907066660e+00,1.049313729990940081e+00,1.028342014835289309e+00,1.007546866286598286e+00,9.873474965896283928e-01,9.680100235702340239e-01,9.496756922554735469e-01,9.323918390417842428e-01,9.161415863775772550e-01,9.008690286733354036e-01,8.864987153678657306e-01,8.729490340871280951e-01,8.601405903338446013e-01,8.480004809442069913e-01,8.364640429259966314e-01,8.254747841472781511e-01,8.149836349605428243e-01,8.049476571492433230e-01,7.953288923583378134e-01,7.860931127994781331e-01,7.772089314007899485e-01,7.686468920914127922e-01,7.603789208733948701e-01,7.523777401225619776e-01,7.446165938627600234e-01,7.370689207310284763e-01,7.297082813750171981e-01,7.225082385358727599e-01,7.154424308561636581e-01,7.084846225771535000e-01,7.016088770091709614e-01,6.947897421309535693e-01,6.880024776802036168e-01,6.812233397917372146e-01,6.744298131419752540e-01,6.676009529999559211e-01,6.607175731424890230e-01,6.537626017619210250e-01,6.467211804257452235e-01,6.395809937624848951e-01,6.323322457969187127e-01,6.249679325421904075e-01,6.174836785129368399e-01,6.098779346138571977e-01,6.021516766936555465e-01,5.943085255582998272e-01,5.863543274946971806e-01,5.782972057707205238e-01,5.701470568592048593e-01,5.619155510772283479e-01,5.536155857098901123e-01,5.452612554940052814e-01,5.368673045339505956e-01,5.284490855817091104e-01,5.200220475936760955e-01,5.116016976620227918e-01,5.032031522481759112e-01,4.948411090467899620e-01,4.865294795616921797e-01,4.782813718331835884e-01,4.701088120145314742e-01,4.620227339667805633e-01,4.540327892132587362e-01,4.461473365728163554e-01,4.383733341762224289e-01,4.307163219615992023e-01,4.231803870608125684e-01,4.157681348769616259e-01,4.084807216754436365e-01,4.013178188308619276e-01,3.942777188907623520e-01,3.873573210070949679e-01,3.805523529476490530e-01,3.738574643789820406e-01,3.672666953505841492e-01,3.607738880188253172e-01,3.543737036398455498e-01,3.480627231354610496e-01,3.418416256647332507e-01,3.357168566002305954e-01,3.297066920669697310e-01,3.238328328454563865e-01,3.181686870566348690e-01,3.126517540800231032e-01,3.077971478507475211e-01,3.017828651452377220e-01,3.017828651452377220e-01
1.000000000000000000e+00,1.007064550963997052e+00,1.020984857079968222e+00,1.042908151714261100e+00,1.067799483392074311e+00,1.091740350011335181e+00,1.111923031608166745e+00,1.126681733519913742e+00,1.135310673536677806e+00,1.137820781279049509e+00,1.134706857462775442e+00,1.126754671662423712e+00,1.114891085518855851e+00,1.100072312669815533e+00,1.083204260140232522e+00,1.065088884702841243e+00,1.046393147916855559e+00,1.027637337079601698e+00,1.009199500996033949e+00,9.913314039024406776e-01,9.741814125263889013e-01,9.578194311436745156e-01,9.422605616128191253e-01,9.274848911052477884e-01,9.134528116037342604e-01,9.001155921868594367e-01,8.874222834901246415e-01,8.753234815607476849e-01,8.637732794937448277e-01,8.527297166648956095e-01,8.421547280312431383e-01,8.320134970903450000e-01,8.222739127845776208e-01,8.129057811963483759e-01,8.038803370651058655e-01,7.951696114958793915e-01,7.867461296905301493e-01,7.785824922093956824e-01,7.706512599549777409e-01,7.629247431318069150e-01,7.553750445755879062e-01,7.479740383299542383e-01,7.406935358188976304e-01,7.335054307372400606e-01,7.263819467146730435e-01,7.192959170102614097e-01,7.122210646860652750e-01,7.051323757719731855e-01,6.980063569854505490e-01,6.908214538194737964e-01,6.835582306645460182e-01,6.761997843450384682e-01,6.687317996099856332e-01,6.611429154643825301e-01,6.534246251863548016e-01,6.455715662085725892e-01,6.375812553561520657e-01,6.294542898981607681e-01,6.211939313393379791e-01,6.128062216542942142e-01,6.042994482685466462e-01,5.956841919271153030e-01,5.869727180958167478e-01,5.781789793634876107e-01,5.693179829199179753e-01,5.604057706604832489e-01,5.514588092209706804e-01,5.424939664232182324e-01,5.335279616275252490e-01,5.245773500312375104e-01,5.156580595268795975e-01,5.067853868750163970e-01,4.979736353724488751e-01,4.892361207850964289e-01,4.805849138698324863e-01,4.720308502116219995e-01,4.635833742615991238e-01,4.552505464221276443e-01,4.470389816224372148e-01,4.389538496906581488e-01,4.309989027161117425e-01,4.231764724974400593e-01,4.154875898983771965e-01,4.079320006880817195e-01,4.005084043951246953e-01,3.932145486295018921e-01,3.860476698314955213e-01,3.790048035558493678e-01,3.720836051311905424e-01,3.652831258572800111e-01,3.586052414529533605e-01,3.520562631110603080e-01,3.456484086963553803e-01,3.394043409649484255e-01,3.333470985907576178e-01,3.275457833140898445e-01,3.219227108359121736e-01,3.169798096095162165e-01,3.108258811710649661e-01,3.108258811710649661e-01
1.000000000000000000e+00,1.004980923805380177e+00,1.015551863644796216e+00,1.033705169269196089e+00,1.055632713579145010e+00,1.078113753331312985e+00,1.098564820514536855e+00,1.115194760737729496e+00,1.126967445214883234e+00,1.133480455090116079e+00,1.134817504402597432e+00,1.131405899686231509e+00,1.123891219764176164e+00,1.113031584206718438e+00,1.099612217649616808e+00,1.084380512430425991e+00,1.068000828022472204e+00,1.051028397900377387e+00,1.033899967606509929e+00,1.016938079841550824e+00,1.000364452793620851e+00,9.843184482124823775e-01,9.688765286807806687e-01,9.540704138857499794e-01,9.399020148828310939e-01,9.263550700067542110e-01,9.134032025351830342e-01,9.010154316704180877e-01,8.891593016135157512e-01,8.778027818050616604e-01,8.669149118356047623e-01,8.564661299893419066e-01,8.464279836063860474e-01,8.367729668570317303e-01,8.274740190190622569e-01,8.185043157586392448e-01,8.098368320490357819e-01,8.014442350614414678e-01,7.932986048313263039e-01,7.853714641315889811e-01,7.776336842174156327e-01,7.700556457798517496e-01,7.626073303098304113e-01,7.552585855836196904e-01,7.479793847244819993e-01,7.407401532392068333e-01,7.335121603178855754e-01,7.262678507130752026e-01,7.189813180799063952e-01,7.116285776225814708e-01,7.041880636336877997e-01,6.966407816170837597e-01,6.889707745738703482e-01,6.811651074019371421e-01,6.732142587060968575e-01,6.651119134079641615e-01,6.568552557559153016e-01,6.484445734441726117e-01,6.398834482248295652e-01,6.311782006501190923e-01,6.223379923197829289e-01,6.133741595414331504e-01,6.043002522465115156e-01,5.951313144233472130e-01,5.858838878809321526e-01,5.765752969576133369e-01,5.672236416839490092e-01,5.578471360105974330e-01,5.484641070814888497e-01,5.390924232988421050e-01,5.297495073031491808e-01,5.204518759502340108e-01,5.112151666395747807e-01,5.020537983994594056e-01,4.929810059454782234e-01,4.840086213035847407e-01,4.751471081369739724e-01,4.664054576825815701e-01,4.577912177944550853e-01,4.493104961893134575e-01,4.409679849752365932e-01,4.327670697038255021e-01,4.247098630529013708e-01,4.167974336293873150e-01,4.090298875934363920e-01,4.014067643622233339e-01,3.939272514674663772e-01,3.865908524619409148e-01,3.793978826261227844e-01,3.723505713366121461e-01,3.654539481331159911e-01,3.587175374786584769e-01,3.521557892413919588e-01,3.457921070921280426e-01,3.396468667189196933e-01,3.337823997931201325e-01,3.281066797837429161e-01,3.231111503521518213e-01,3.168573794940274246e-01,3.168573794940274246e-01
1.000000000000000000e+00,1.003535953836024675e+00,1.011600285532473276e+00,1.026535732699457526e+00,1.045387219691811254e+00,1.065547371439774516e+00,1.084778890940385043e+00,1.101389114225472587e+00,1.114253591920942199e+00,1.122764797858045505e+00,1.126747026803912810e+00,1.126361137419505942e+00,1.122010778109602036e+00,1.114254809122890100e+00,1.103729418195774636e+00,1.091082998298595896e+00,1.076926271703525062e+00,1.061798360160472354e+00,1.046148546226339349e+00,1.030331205032138264e+00,1.014611015913900571e+00,9.991743747693844213e-01,9.841440280544540009e-01,9.695937908248901671e-01,9.555620721717638100e-01,9.420627946250302864e-01,9.290940184875586816e-01,9.166438947252282254e-01,9.046949476043451011e-01,8.932265284326824650e-01,8.822165083415113296e-01,8.716419017092927879e-01,8.614793583997401027e-01,8.517050352117409018e-01,8.422946591819474582e-01,8.332231924969395465e-01,8.244648195412906944e-01,8.159926491887826705e-01,8.077787675861455297e-01,7.997940829691185805e-01,7.920084923973186308e-01,7.843909120518813838e-01,7.769095605811232597e-01,7.695321822935556888e-01,7.622264196576828965e-01,7.549602081179808133e-01,7.477021857623240564e-01,7.404222134818225776e-01,7.330917522089424043e-01,7.256844447305146328e-01,7.181763850427954621e-01,7.105466930222253952e-01,7.027776095319002714e-01,6.948550039161747183e-01,6.867682514641944014e-01,6.785106336048255526e-01,6.700789861080868048e-01,6.614739772176221333e-01,6.526995483329558478e-01,6.437630794757790431e-01,6.346746719000109227e-01,6.254472276218763227e-01,6.160956402264130549e-01,6.066368227514810085e-01,5.970888770691964442e-01,5.874711025084031757e-01,5.778032071726830754e-01,5.681053211367801392e-01,5.583972987278634781e-01,5.486987487917809325e-01,5.390284597343224515e-01,5.294044487098801266e-01,5.198435248554997834e-01,5.103613516344566170e-01,5.009721506968508598e-01,4.916887680778871950e-01,4.825225127683346882e-01,4.734832182218975394e-01,4.645792065511261115e-01,4.558173418182808745e-01,4.472031132488443750e-01,4.387406866039492148e-01,4.304331092254120028e-01,4.222823825652226581e-01,4.142898114980420599e-01,4.064561490995808879e-01,3.987821460809539142e-01,3.912688577741997298e-01,3.839184812750024434e-01,3.767349275960624189e-01,3.697249405699200575e-01,3.628989686356485778e-01,3.562715554042767963e-01,3.498641426199286530e-01,3.436927390493570988e-01,3.378118982828193784e-01,3.321176917527541850e-01,3.270935314278652917e-01,3.207699288656030157e-01,3.207699288656030157e-01
1.000000000000000000e+00,1.002526944961368516e+00,1.008739155056088910e+00,1.021077234089266428e+00,1.037143645770917111e+00,1.054800181025927985e+00,1.072147716235981152e+00,1.087680080488459211e+00,1.100321231418874612e+00,1.109404850614651217e+00,1.114625164016544767e+00,1.115975625665427851e+00,1.113682609136583679e+00,1.108138298522688858e+00,1.099835900431434865e+00,1.089311678726664123e+00,1.077097013704543471e+00,1.063683056127456172e+00,1.049498121351812197e+00,1.034897147940367912e+00,1.020160504796731704e+00,1.005499784497375426e+00,9.910672573545964426e-01,9.769671409851260480e-01,9.632663808047760012e-01,9.500044842628416752e-01,9.372012805604471586e-01,9.248631944883802802e-01,9.129875022079626534e-01,9.015655827880003637e-01,8.905847237584277876e-01,8.800295424600568239e-01,8.698824702383397556e-01,8.601242857240533057e-01,8.507340299461524369e-01,8.416892009612518821e-01,8.329655118131087388e-01,8.245370214519418539e-01,8.163759449299266002e-01,8.084528465888105586e-01,8.007366076664995669e-01,7.931947302100647024e-01,7.857935089958061337e-01,7.784984463942427046e-01,7.712746325185609875e-01,7.640872330935656320e-01,7.569020438700357900e-01,7.496859825496443586e-01,7.424077528841367402e-01,7.350382531118301310e-01,7.275512684069762592e-01,7.199237080991236493e-01,7.121362467390520701e-01,7.041733220379629010e-01,6.960236635844371245e-01,6.876800183487846718e-01,6.791395357756456752e-01,6.704032292743921095e-01,6.614762184618703245e-01,6.523669735377427559e-01,6.430874415313080350e-01,6.336521475293909189e-01,6.240782462442064915e-01,6.143845652934872836e-01,6.045916249046070501e-01,5.947207042501229113e-01,5.847938633312284029e-01,5.748330979346893965e-01,5.648603836172099157e-01,5.548969639592444825e-01,5.449634221051052885e-01,5.350791259843196146e-01,5.252623216686038710e-01,5.155297418239717100e-01,5.058967089888657398e-01,4.963769015821656860e-01,4.869824543325056432e-01,4.777238701878432914e-01,4.686101089892254490e-01,4.596486334296500109e-01,4.508454850868069963e-01,4.422054580348935282e-01,4.337321735951589208e-01,4.254283869169309118e-01,4.172960894312514046e-01,4.093369728111089234e-01,4.015526108854107767e-01,3.939451265169895411e-01,3.865175128389787274e-01,3.792745333631741267e-01,3.722231189649236049e-01,3.653734475509837210e-01,3.587383650389868728e-01,3.523362856131939669e-01,3.461778062114937993e-01,3.403102828166326144e-01,3.346198882110367756e-01,3.295844510240958924e-01,3.232144364611058696e-01,3.232144364611058696e-01
1.000000000000000000e+00,1.001811460308723811e+00,1.006653991668965853e+00,1.016947587321022084e+00,1.030648106309937972e+00,1.045952074098125628e+00,1.061241811092155540e+00,1.075209594629696674e+00,1.086888176812108586e+00,1.095637972413032957e+00,1.101114107043445811e+00,1.103224474429148394e+00,1.102082978441847994e+00,1.097959362435627861e+00,1.091228313715284726e+00,1.082321139553430678e+00,1.071684086209356845e+00,1.059745424312375395e+00,1.046892842085858311e+00,1.033460279700198603e+00,1.019723265945509327e+00,1.005900172530072911e+00,9.921578315243461121e-01,9.786189685255997084e-01,9.653706089917030164e-01,9.524717171019893014e-01,9.399602094342701664e-01,9.278583090461117733e-01,9.161770440867473830e-01,9.049191705954340303e-01,8.940815958207946057e-01,8.836566057960734133e-01,8.736330153644892293e-01,8.639964651990873490e-01,8.547299379510485684e-01,8.458136550440509271e-01,8.372253516381238381e-01,8.289400890102920361e-01,8.209305025923719912e-01,8.131667104046769179e-01,8.056166421338325501e-01,7.982461433338778889e-01,7.910194262414388389e-01,7.838994113538412245e-01,7.768482877358092731e-01,7.698280816018622241e-01,7.628012672914949999e-01,7.557315057056296359e-01,7.485842115446703637e-01,7.413273711047111414e-01,7.339319562496019467e-01,7.263727200603413703e-01,7.186283592789315389e-01,7.106821999960698522e-01,7.025220454762681754e-01,6.941406966056228312e-01,6.855354715389047060e-01,6.767085464929485372e-01,6.676661850770554407e-01,6.584189226906873582e-01,6.489805845201335188e-01,6.393683617952152787e-01,6.296017198090245737e-01,6.197024221846934022e-01,6.096934317702882300e-01,5.995989315035696876e-01,5.894433055885042183e-01,5.792511884251858589e-01,5.690465884225747173e-01,5.588529768426914179e-01,5.486925895181226087e-01,5.385865509993323919e-01,5.285543659735248978e-01,5.186140638819743964e-01,5.087818749731951584e-01,4.990723772150389981e-01,4.894983423911531406e-01,4.800708697515823076e-01,4.707993847504613472e-01,4.616917509766108041e-01,4.527544069186276721e-01,4.439924579748780187e-01,4.354099440231820051e-01,4.270099259642939349e-01,4.187948881605406681e-01,4.107668481794188309e-01,4.029279104338221451e-01,3.952804362725231280e-01,3.878277577941673382e-01,3.805744139348535837e-01,3.735269026534830950e-01,3.666939142483598979e-01,3.600860655233167895e-01,3.537178745863377438e-01,3.475948569693853574e-01,3.417576323148258099e-01,3.360849458884396790e-01,3.310502004023838096e-01,3.246523237259894001e-01,3.246523237259894001e-01
1.000000000000000000e+00,1.001294410620632069e+00,1.005115719619274817e+00,1.013814590339489285e+00,1.025568391343408381e+00,1.038804613244792563e+00,1.052122435256687805e+00,1.064390725743589616e+00,1.074765635424927979e+00,1.082674933838620346e+00,1.087788965535688046e+00,1.089987654137826389e+00,1.089324860067033551e+00,1.085990447091349953e+00,1.080270600711513929e+00,1.072509454573163046e+00,1.063074646275342205e+00,1.052329559276419468e+00,1.040612824450480645e+00,1.028225574823553146e+00,1.015424926730604138e+00,1.002422945461031834e+00,9.893888996449168305e-01,9.764541185680688518e-01,9.637175028323383685e-01,9.512516188215782709e-01,9.391079251543449358e-01,9.273217053916722463e-01,9.159156310793155065e-01,9.049029540635505908e-01,8.942894006647367222e-01,8.840749538922102468e-01,8.742545884592168859e-01,8.648191818870702985e-01,8.557556157347988579e-01,8.470472543758822415e-01,8.386737970965959521e-01,8.306116114254180616e-01,8.228335882140718205e-01,8.153095005639668935e-01,8.080060216767998016e-01,8.008872002565083914e-01,7.939147318418968702e-01,7.870485764773866855e-01,7.802475100184012025e-01,7.734698480499395679e-01,7.666742397131026676e-01,7.598204061667559461e-01,7.528700847780011030e-01,7.457876538002262690e-01,7.385411038962893526e-01,7.311024160342451950e-01,7.234484393960125548e-01,7.155609195986484261e-01,7.074271939844796186e-01,6.990398228746320664e-01,6.903970627472102439e-01,6.815021190212556812e-01,6.723634096879949062e-01,6.629935175888204135e-01,6.534092973463453413e-01,6.436306442136053851e-01,6.336805162290685134e-01,6.235836486748483898e-01,6.133665600554840669e-01,6.030563282630682087e-01,5.926806294831952204e-01,5.822666630278280353e-01,5.718412461922935952e-01,5.614299399330828777e-01,5.510571987446656328e-01,5.407457175650578485e-01,5.305166192911229261e-01,5.203890194827393012e-01,5.103802268585089230e-01,5.005055080118978594e-01,4.907782770769618663e-01,4.812100368727690869e-01,4.718105405659616669e-01,4.625878864578437666e-01,4.535486443999355854e-01,4.446980866731490845e-01,4.360402830246164485e-01,4.275784577805143427e-01,4.193150679039490680e-01,4.112522842525950240e-01,4.033920733009333515e-01,3.957368003872118178e-01,3.882893192882488353e-01,3.810536592800874978e-01,3.740349989697031030e-01,3.672403514201911801e-01,3.606774241622255905e-01,3.543571459824350622e-01,3.482800346137605030e-01,3.424813321349268191e-01,3.368338366213671220e-01,3.318078805110618035e-01,3.253964368497812010e-01,3.253964368497812010e-01
1.000000000000000000e+00,1.000913206699814539e+00,1.003963857535226545e+00,1.011418417786426271e+00,1.021593839095186418e+00,1.033075101750125180e+00,1.044622555502647820e+00,1.055249493638233949e+00,1.064227511699001649e+00,1.071064068319715679e+00,1.075471864586204251e+00,1.077337832098302250e+00,1.076692950827821349e+00,1.073681357525720470e+00,1.068529154136364845e+00,1.061513908693640706e+00,1.052937656530749111e+00,1.043104459759229830e+00,1.032303898141758269e+00,1.020799743926150249e+00,1.008823845675452580e+00,9.965735405823886728e-01,9.842123821790195182e-01,9.718724023088206598e-01,9.596579722285045744e-01,9.476496510740984869e-01,9.359085133436183535e-01,9.244795772898113384e-01,9.133952435675936066e-01,9.026775388822745327e-01,8.923403643428526877e-01,8.823905992999363512e-01,8.728293986791526571e-01,8.636525153385499198e-01,8.548510140628435838e-01,8.464111872217585653e-01,8.383149967803935620e-01,8.305398792382171491e-01,8.230591363865987775e-01,8.158418447868207579e-01,8.088533382512799186e-01,8.020553681554560832e-01,7.954067515354759088e-01,7.888638587489743559e-01,7.823814286743847601e-01,7.759133819783929908e-01,7.694137290697967702e-01,7.628376283767990262e-01,7.561422485417859107e-01,7.492879320425757106e-01,7.422388424678483254e-01,7.349640743441934188e-01,7.274379323633083372e-01,7.196408530130107284e-01,7.115592198208162689e-01,7.031860185163797405e-01,6.945201723843541508e-01,6.855669210487399523e-01,6.763367418462636893e-01,6.668455033440071622e-01,6.571131015679066989e-01,6.471634765490713592e-01,6.370231219868217609e-01,6.267210595105102700e-01,6.162873747597773511e-01,6.057532244428881496e-01,5.951495199342059506e-01,5.845070088125802199e-01,5.738551830883494853e-01,5.632224427327457983e-01,5.526352626036800109e-01,5.421184196922046450e-01,5.316944190865567910e-01,5.213837530461602476e-01,5.112045650163565824e-01,5.011729064996347516e-01,4.913026083618596829e-01,4.816055076334304075e-01,4.720914942936980663e-01,4.627686908066251381e-01,4.536436469151653439e-01,4.447214665187875227e-01,4.360061296773526385e-01,4.275005716771631548e-01,4.192071176577590874e-01,4.111275247934583765e-01,4.032635165094942131e-01,3.956167940500726621e-01,3.881896383272953055e-01,3.809848610109210498e-01,3.740063271802458456e-01,3.672587957690079952e-01,3.607474032690222154e-01,3.544793638903238620e-01,3.484512249445640419e-01,3.426934598304314239e-01,3.370748692090669851e-01,3.320628919834184845e-01,3.256494036692477168e-01,3.256494036692477168e-01
1.000000000000000000e+00,1.000626612089667855e+00,1.003087322912971535e+00,1.009564950940266881e+00,1.018465831715856362e+00,1.028483047648248272e+00,1.038495049132556858e+00,1.047628646140587039e+00,1.055254067294183029e+00,1.060956000311396474e+00,1.064498881255442564e+00,1.065795000516183144e+00,1.064875546461663713e+00,1.061863651943925513e+00,1.056948227534131313e+00,1.050359825102151090e+00,1.042349344242517795e+00,1.033171202474427064e+00,1.023070504728412766e+00,1.012274627049712938e+00,1.000987781966232948e+00,9.893887219416920287e-01,9.776300416722658593e-01,9.658394796762742596e-01,9.541217015722026629e-01,9.425612041247620754e-01,9.312248288806452834e-01,9.201647975502029730e-01,9.094208189647948748e-01,8.990224719468191683e-01,8.889904714816003750e-01,8.793382385963738335e-01,8.700723881143785921e-01,8.611936607145292966e-01,8.526968973765247650e-01,8.445715960370761000e-01,8.368016610604492866e-01,8.293658218718003017e-01,8.222374078193932512e-01,8.153848138461918804e-01,8.087715000802788712e-01,8.023566305617082506e-01,7.960954338315756607e-01,7.899400678828588651e-01,7.838403939279814381e-01,7.777450300466919320e-01,7.716024891098228755e-01,7.653622889440766519e-01,7.589763107650459029e-01,7.523997655771322846e-01,7.455925748776843776e-01,7.385199809340975419e-01,7.311537572386243022e-01,7.234723003156782184e-01,7.154615351658472067e-01,7.071144180521675704e-01,6.984314870025286615e-01,6.894198117324469299e-01,6.800932261672557599e-01,6.704708561986292281e-01,6.605771354627819614e-01,6.504400994764554245e-01,6.400913109154422465e-01,6.295641187897565993e-01,6.188936048882720531e-01,6.081149757452697369e-01,5.972636016114014623e-01,5.863736549640140572e-01,5.754782659863599825e-01,5.646084635348670444e-01,5.537934317272890095e-01,5.430597614207947066e-01,5.324317688138011651e-01,5.219310338190905618e-01,5.115767341869965623e-01,5.013854315222431302e-01,4.913713794684958502e-01,4.815465147697830517e-01,4.719207101076044464e-01,4.625019317678509823e-01,4.532964218106082521e-01,4.443089911944171355e-01,4.355431282551245897e-01,4.270014030140388273e-01,4.186855066831881578e-01,4.105967462942551882e-01,4.027360199734978941e-01,3.951043754100566630e-01,3.877029059889210427e-01,3.805333170328997205e-01,3.735976245583704225e-01,3.668986831389240422e-01,3.604388036731174250e-01,3.542222890826222104e-01,3.482419689928236139e-01,3.425248903540032419e-01,3.369366464671845196e-01,3.319425060270813077e-01,3.255361791930022619e-01,3.255361791930022619e-01
1.000000000000000000e+00,1.000407086119093902e+00,1.002409284984021376e+00,1.008112003890058173e+00,1.015980588685703845e+00,1.024783517774701558e+00,1.033486213482206484e+00,1.041303033960369717e+00,1.047684954552824843e+00,1.052284707314975698e+00,1.054918296416325729e+00,1.055530466338230777e+00,1.054165538430376969e+00,1.050941527994062374e+00,1.046027312913054397e+00,1.039622321366526769e+00,1.031940189084090465e+00,1.023196003239440710e+00,1.013597636000700408e+00,1.003339637741973878e+00,9.925998546379015686e-01,9.815372008727464292e-01,9.702912080987485810e-01,9.589819777844807991e-01,9.477114714069946322e-01,9.365646787435748521e-01,9.256117356007266261e-01,9.149094076410209109e-01,9.045032047382218776e-01,8.944285089039466508e-01,8.847122107871929764e-01,8.753732320367784148e-01,8.664236007992286437e-01,8.578684421382327674e-01,8.497066299087928654e-01,8.419304620464822531e-01,8.345260946705231886e-01,8.274731521171724280e-01,8.207451468559342489e-01,8.143092621593109870e-01,8.081269303956475358e-01,8.021539867026460380e-01,7.963415203398768183e-01,7.906365226161609083e-01,7.849830327813572817e-01,7.793232891427449571e-01,7.735990695419200369e-01,7.677532218471576630e-01,7.617309837007455453e-01,7.554816631901278834e-01,7.489596629686474660e-01,7.421260491533714365e-01,7.349490312980064832e-01,7.274052064205116519e-01,7.194793439851178141e-01,7.111651912392765729e-01,7.024645440431649401e-01,6.933876156822247339e-01,6.839515073896031971e-01,6.741802441963684611e-01,6.641028580010546190e-01,6.537532507592035413e-01,6.431681421028827561e-01,6.323869203992534826e-01,6.214496848564392550e-01,6.103972008871931809e-01,5.992692036327712524e-01,5.881045108264798538e-01,5.769396781514803951e-01,5.658092642701126884e-01,5.547448606817861894e-01,5.437754642075360856e-01,5.329268568480369783e-01,5.222220244915357634e-01,5.116808375167390954e-01,5.013204567573553705e-01,4.911552587285921145e-01,4.811971835015274035e-01,4.714558526968670171e-01,4.619388316141253004e-01,4.526518972604425817e-01,4.435992033334904550e-01,4.347836647542946409e-01,4.262070253739019821e-01,4.178703314860041096e-01,4.097739063327893172e-01,4.019178850382659207e-01,3.943020939747257092e-01,3.869266039958653702e-01,3.797914873569421257e-01,3.728972586938090750e-01,3.662445127246160004e-01,3.598333992663535486e-01,3.536652805822027568e-01,3.477303577455596040e-01,3.420525392216742788e-01,3.364956398352031419e-01,3.315223251035659402e-01,3.251313038126749100e-01,3.251313038126749100e-01
1.000000000000000000e+00,1.000236051262733294e+00,1.001876209562026387e+00,1.006956354656211694e+00,1.013982035524807257e+00,1.021775925112908601e+00,1.029368217694680121e+00,1.036040881365011712e+00,1.041309416271584354e+00,1.044883959709103527e+00,1.046627058438881264e+00,1.046516943354649953e+00,1.044616742084724770e+00,1.041049032100316074e+00,1.035974121016989269e+00,1.029572739600999265e+00,1.022032577522899777e+00,1.013539425691978080e+00,1.004271252360026567e+00,9.943951522011158506e-01,9.840652037740669211e-01,9.734217191957735826e-01,9.625904202263200204e-01,9.516826952959920316e-01,9.407955899911418784e-01,9.300128836471506233e-01,9.194056743186019842e-01,9.090339008247163566e-01,8.989470331410475135e-01,8.891855308414120529e-01,8.797812201516974628e-01,8.707583903750124588e-01,8.621337211737727380e-01,8.539169832574570185e-01,8.461106061316679972e-01,8.387101064922506399e-01,8.317035013907828622e-01,8.250716518089042939e-01,8.187877709831077322e-01,8.128178849840655973e-01,8.071206880085698421e-01,8.016482971754462783e-01,7.963466602911719594e-01,7.911567058234503236e-01,7.860153997445982199e-01,7.808572574120548060e-01,7.756159825510344774e-01,7.702261428194766557e-01,7.646251548765307104e-01,7.587547959196155878e-01,7.525631997375652471e-01,7.460058508549832768e-01,7.390472742115162808e-01,7.316612489850126133e-01,7.238319834330940727e-01,7.155534403211385452e-01,7.068299340962428401e-01,6.976746346219853123e-01,6.881096709066657491e-01,6.781640339781219717e-01,6.678733769017380917e-01,6.572776252394330054e-01,6.464206948205659664e-01,6.353481196569712441e-01,6.241068693522657806e-01,6.127432371962057145e-01,6.013028589717087646e-01,5.898290053269102939e-01,5.783628193264798156e-01,5.669420620215556150e-01,5.556015229421417123e-01,5.443721974488912041e-01,5.332817924163255618e-01,5.223542747024717547e-01,5.116103905401394591e-01,5.010675116249817540e-01,4.907401014466853395e-01,4.806397896969646366e-01,4.707757412851340528e-01,4.611549018144381895e-01,4.517822471354241975e-01,4.426611557117994256e-01,4.337935332496357654e-01,4.251802776504114423e-01,4.168212821877040342e-01,4.087159633032804162e-01,4.008631460618302111e-01,3.932616221452859828e-01,3.859099068578819569e-01,3.788067784461424670e-01,3.719508168306566165e-01,3.653409274660163186e-01,3.589748741172388291e-01,3.528519569417808421e-01,3.469597864917821073e-01,3.413202348857224955e-01,3.357955304825535059e-01,3.308461303330079151e-01,3.244774176256382536e-01,3.244774176256382536e-01
1.000000000000000000e+00,1.000100665630611951e+00,1.001450523444841201e+00,1.006023083641593319e+00,1.012352596743882449e+00,1.019301753653084397e+00,1.025950241507934013e+00,1.031632457288915727e+00,1.035915396345652217e+00,1.038556249190553560e+00,1.039457862783257136e+00,1.038629484945868375e+00,1.036154896290984562e+00,1.032166071306753752e+00,1.026822403862797328e+00,1.020294481636241590e+00,1.012753293431746471e+00,1.004363439845221695e+00,9.952802750506607454e-01,9.856485298636959991e-01,9.756024460676380183e-01,9.652654807222573741e-01,9.547506427752562308e-01,9.441600710211518477e-01,9.335854654905334504e-01,9.231078779395928136e-01,9.127985544223450320e-01,9.027190126609104803e-01,8.929221235069590978e-01,8.834521664571947097e-01,8.743458066129775608e-01,8.656318591950751262e-01,8.573319731499302598e-01,8.494600476201361605e-01,8.420226277302591544e-01,8.350180915680963656e-01,8.284368908408721310e-01,8.222607343974490668e-01,8.164628764336018252e-01,8.110075801703323650e-01,8.058506815890158492e-01,8.009396204664358532e-01,7.962144722391134577e-01,7.916087571654958355e-01,7.870510119585391040e-01,7.824664157171146162e-01,7.777787709495669333e-01,7.729127510805365864e-01,7.677959434955101692e-01,7.623613255968525459e-01,7.565489036206293205e-01,7.503079689437215372e-01,7.435979180714811232e-01,7.363899457234095447e-01,7.286668068850910007e-01,7.204237796614747502e-01,7.116673461670887102e-01,7.024154537347695459e-01,6.926953109524525143e-01,6.825431482631524327e-01,6.720014863374890179e-01,6.611186859741146060e-01,6.499460959052905107e-01,6.385376643226875482e-01,6.269473142710635383e-01,6.152287953634386630e-01,6.034335129506954720e-01,5.916106810546480910e-01,5.798056996429233889e-01,5.680605716497673097e-01,5.564128180593586048e-01,5.448960645693698979e-01,5.335394217858809851e-01,5.223681314724395452e-01,5.114033158469862839e-01,5.006625875024638406e-01,4.901600750195862499e-01,4.799069291044107399e-01,4.699115478397348222e-01,4.601799418030530497e-01,4.507161010303994964e-01,4.415222062360082411e-01,4.325990949316975698e-01,4.239463210617820943e-01,4.155626871269538225e-01,4.074461603401153265e-01,3.995944405105193997e-01,3.920047377048193615e-01,3.846743373836062352e-01,3.776002303805277571e-01,3.707795705022424726e-01,3.642092086492907943e-01,3.578852644207373146e-01,3.518047911922436710e-01,3.459537773973894725e-01,3.403519616700622086e-01,3.348610584313922445e-01,3.299385253295606391e-01,3.235988872179715314e-01,3.235988872179715314e-01
1.000000000000000000e+00,9.999920175371120878e-01,1.001105457553138400e+00,1.005257755499920025e+00,1.011004260235436325e+00,1.017238485746819077e+00,1.023078644279535654e+00,1.027900660704355484e+00,1.031312503929847413e+00,1.033109879433740774e+00,1.033229371896364324e+00,1.031707895050215429e+00,1.028649095648902723e+00,1.024196754179250934e+00,1.018513571272290585e+00,1.011766210534880361e+00,1.004115397862171744e+00,9.957114799032619201e-01,9.866929216990631968e-01,9.771873738308527457e-01,9.673126555486659672e-01,9.571782469392665638e-01,9.468855172135386411e-01,9.365283413656296796e-01,9.261926270121365601e-01,9.159567302607909411e-01,9.058909789799680645e-01,8.960583175519971633e-01,8.865139370320167522e-01,8.773060202670404095e-01,8.684752520642307072e-01,8.600554170568283086e-01,8.520726210215779917e-01,8.445456281422265565e-01,8.374848019804124188e-01,8.308922279761417062e-01,8.247605389999119740e-01,8.190729910758542953e-01,8.138024552354796715e-01,8.089116987603263143e-01,8.043528948466385220e-01,8.000683898126613736e-01,7.959910691934707350e-01,7.920458195001103263e-01,7.881509474912407054e-01,7.842203399048117696e-01,7.801658562035619360e-01,7.758998873440299260e-01,7.713383213727673660e-01,7.664029425005002283e-01,7.610243782073282670e-01,7.551437282394626305e-01,7.487149581136375298e-01,7.417053311770042123e-01,7.340969283672016399e-01,7.258857183890187192e-01,7.170821257906018209e-01,7.077088577102956801e-01,6.978006932870276513e-01,6.874014446149440127e-01,6.765633201359521065e-01,6.653435344866984735e-01,6.538036353769616227e-01,6.420062522871573529e-01,6.300146815887122109e-01,6.178901233798800297e-01,6.056916631252785566e-01,5.934741671908037031e-01,5.812886513263535448e-01,5.691808509793162552e-01,5.571918690726483936e-01,5.453573379523508624e-01,5.337082011478391230e-01,5.222703419897359867e-01,5.110653636830490010e-01,5.001105595350044952e-01,4.894195908683376950e-01,4.790026951764990715e-01,4.688672026427237460e-01,4.590179054229056588e-01,4.494573886457934320e-01,4.401865071750002967e-01,4.312045307212202805e-01,4.225096901122149529e-01,4.140991480927269652e-01,4.059695852677831507e-01,3.981170103723321030e-01,3.905373577322102108e-01,3.832261414502742269e-01,3.761790304883376179e-01,3.693912867437614822e-01,3.628583580133412090e-01,3.565743747043669254e-01,3.505349823020718625e-01,3.447243100618920808e-01,3.391608714166996497e-01,3.337056474322972477e-01,3.288133858653771724e-01,3.225088541019279220e-01,3.225088541019279220e-01
1.000000000000000000e+00,9.999036675735946123e-01,1.000821786678068648e+00,1.004620438546762307e+00,1.009871374601210681e+00,1.015492383165517376e+00,1.020632769445309229e+00,1.024701662762481202e+00,1.027340263358717865e+00,1.028375484634819870e+00,1.027772198520567892e+00,1.025590989623929028e+00,1.021953979651660127e+00,1.017017034012454468e+00,1.010948850165999113e+00,1.003915777297709866e+00,9.960733386918307897e-01,9.875623937879127734e-01,9.785097168421895697e-01,9.690298098905990587e-01,9.592279126454692495e-01,9.492017159361095802e-01,9.390431155284169051e-01,9.288383052910941240e-01,9.186683550482331873e-01,9.086085300329622694e-01,8.987286528461843060e-01,8.890923446753901116e-01,8.797575066938988497e-01,8.707755288368640434e-01,8.621917540687865644e-01,8.540444754455026599e-01,8.463651993851809552e-01,8.391773381930258680e-01,8.324962181360260338e-01,8.263275417918316545e-01,8.206672388033010579e-01,8.154999366437365449e-01,8.107988911648424946e-01,8.065248451178952394e-01,8.026263809063143295e-01,7.990396233945412652e-01,7.956893724469432660e-01,7.924900455315450065e-01,7.893477952276028997e-01,7.861628221322702892e-01,7.828323328384901858e-01,7.792539188048542842e-01,7.753287769963858045e-01,7.709654518642244936e-01,7.660824902596207187e-01,7.606117479728603525e-01,7.544997758600924254e-01,7.477101445863718610e-01,7.402231954075300102e-01,7.320371427800111963e-01,7.231661593322425974e-01,7.136403345706806567e-01,7.035024317097063884e-01,6.928070844429204955e-01,6.816168377393412303e-01,6.700011094876617834e-01,6.580321861481748247e-01,6.457844117657639549e-01,6.333306681097828905e-01,6.207420582577664048e-01,6.080851664990193362e-01,5.954222879473707319e-01,5.828095383681352049e-01,5.702975205534348557e-01,5.579301971607221189e-01,5.457458073309566782e-01,5.337763412779827910e-01,5.220485175446485382e-01,5.105836894639985690e-01,4.993987351066225822e-01,4.885062534150886315e-01,4.779152749652761378e-01,4.676316441127654766e-01,4.576585090417891188e-01,4.479968206586510959e-01,4.386455962016738153e-01,4.296024899680160325e-01,4.208638448560007572e-01,4.124253040689943028e-01,4.042816724048571286e-01,3.964275443365594120e-01,3.888569956515857129e-01,3.815642004444039226e-01,3.745429654074852177e-01,3.677872532680516171e-01,3.612906452541700397e-01,3.550460369758979273e-01,3.490472845077665087e-01,3.432775291572493503e-01,3.377536658514306844e-01,3.323368504115415956e-01,3.274781493993729753e-01,3.212148004146417879e-01,3.212148004146417879e-01
1.000000000000000000e+00,9.998310368611199594e-01,1.000585376450108033e+00,1.004081707632211717e+00,1.008904691758041983e+00,1.013992195034995936e+00,1.018518952038618863e+00,1.021921528878893648e+00,1.023868078785006741e+00,1.024211315307069325e+00,1.022939384611275759e+00,1.020133278546937472e+00,1.015931336502493343e+00,1.010501400911153702e+00,1.004019012304630198e+00,9.966529076091917849e-01,9.885563552145160138e-01,9.798648031732680730e-01,9.706967504054648810e-01,9.611574522544410470e-01,9.513421650588159695e-01,9.413396425273016233e-01,9.312336233629031623e-01,9.211043533512148773e-01,9.110283108161435495e-01,9.010786809434143674e-01,8.913244330314540331e-01,8.818306345549123959e-01,8.726573938575693523e-01,8.638601903613652988e-01,8.554886502049515729e-01,8.475867409853938828e-01,8.401912380970087968e-01,8.333316470513859597e-01,8.270283336948198727e-01,8.212921762144204108e-01,8.161225140257899469e-01,8.115067048961278617e-01,8.074182467618661319e-01,8.038165947180565540e-01,8.006459888058236052e-01,7.978360150462036060e-01,7.953017417845632542e-01,7.929454770108744777e-01,7.906586468152251301e-01,7.883248887101287350e-01,7.858236231866565502e-01,7.830340415816312571e-01,7.798396698426344198e-01,7.761322521029933030e-01,7.718162064982211357e-01,7.668113003520209414e-01,7.610560855904739963e-01,7.545087002284067701e-01,7.471488239896780792e-01,7.389763640417249535e-01,7.300118288261724375e-01,7.202930939206426686e-01,7.098745274430779961e-01,6.988224910846405624e-01,6.872138749210979780e-01,6.751312147179516776e-01,6.626613263275452637e-01,6.498908250104075135e-01,6.369053319911383015e-01,6.237858901889272722e-01,6.106089128151295231e-01,5.974436681796342352e-01,5.843528855341489914e-01,5.713912355957107003e-01,5.586063640559205679e-01,5.460381636684599194e-01,5.337199738363241908e-01,5.216784120332619290e-01,5.099345228482465853e-01,4.985039705127686238e-01,4.873979964475871340e-01,4.766238299441323267e-01,4.661853855907356348e-01,4.560838002494065901e-01,4.463178549946651419e-01,4.368845834294465824e-01,4.277794343236558938e-01,4.189969183831253052e-01,4.105305415432092819e-01,4.023734682687643005e-01,3.945182575591731911e-01,3.869575250905322172e-01,3.796835058329541823e-01,3.726886964264656821e-01,3.659652087278169597e-01,3.595054552065596876e-01,3.533006044148934155e-01,3.473435366273782687e-01,3.416159441030710009e-01,3.361339289124220531e-01,3.307583518073730633e-01,3.259369265923047765e-01,3.197201697666520182e-01,3.197201697666520182e-01
1.000000000000000000e+00,9.997706200061187154e-01,1.000385804319400496e+00,1.003619474923881816e+00,1.008067196536017063e+00,1.012683573425442907e+00,1.016665068034480202e+00,1.019470990918025954e+00,1.020792084234858343e+00,1.020502159723605473e+00,1.018608987216484296e+00,1.015210597954883998e+00,1.010459820870057701e+00,1.004535332067169273e+00,9.976201774071843387e-01,9.898865104478025145e-01,9.814878690202469835e-01,9.725565586099923499e-01,9.632060596648540640e-01,9.535347168802947859e-01,9.436307712451164065e-01,9.335756563534424179e-01,9.234471625931043315e-01,9.133202953064420981e-01,9.032684538114263972e-01,8.933627682832908645e-01,8.836725025087160956e-01,8.742638807527145506e-01,8.652003568664502486e-01,8.565412204830874510e-01,8.483417595813751433e-01,8.406515527120181908e-01,8.335143616487913354e-01,8.269660002637858609e-01,8.210338582664579166e-01,8.157343882492961162e-01,8.110723309394470837e-01,8.070380888111184925e-01,8.036069521910912394e-01,8.007368954625382340e-01,7.983683498844783566e-01,7.964231879817907922e-01,7.948057361531327691e-01,7.934037350840444924e-01,7.920911329978270743e-01,7.907314156002593908e-01,7.891821065778961142e-01,7.873000133235148468e-01,7.849464384947394402e-01,7.819930176338644179e-01,7.783260724932786756e-01,7.738515337760836221e-01,7.684972405807678486e-01,7.622161498377310052e-01,7.549860925756660679e-01,7.468109451759946671e-01,7.377177744490587274e-01,7.277561172958528779e-01,7.169930869756951930e-01,7.055114799677723036e-01,6.934039216775922387e-01,6.807707707254858631e-01,6.677144355241505513e-01,6.543378614090584744e-01,6.407398225048559492e-01,6.270143732303137263e-01,6.132474721647128701e-01,5.995173898452978989e-01,5.858926427138185788e-01,5.724330940719946081e-01,5.591889498477036202e-01,5.462021985770487698e-01,5.335063510251477625e-01,5.211279031425196662e-01,5.090865384617739853e-01,4.973963982579416299e-01,4.860665447504259884e-01,4.751019272409089389e-01,4.645039807373094187e-01,4.542712562569685142e-01,4.444000853075479873e-01,4.348848908724002871e-01,4.257188817739087638e-01,4.168940834716928223e-01,4.084020431066860968e-01,4.002336249398321111e-01,3.923797137029384485e-01,3.848308161676349259e-01,3.775777487351137385e-01,3.706110778835972619e-01,3.639217260091435757e-01,3.575003568739993920e-01,3.513371897478350103e-01,3.454235781690040419e-01,3.397406102596589594e-01,3.343030024081836138e-01,3.289722003763865810e-01,3.241915124099586376e-01,3.180268972949242823e-01,3.180268972949242823e-01
1.000000000000000000e+00,9.997198998216612065e-01,1.000215108103947648e+00,1.003217138048776214e+00,1.007330665569507566e+00,1.011525089369186947e+00,1.015015443652268701e+00,1.017280723530854303e+00,1.018030432295495835e+00,1.017156267378792833e+00,1.014682126506441184e+00,1.010720748051944895e+00,1.005437227684990331e+00,9.990203850282176612e-01,9.916602713818652992e-01,9.835335208477408164e-01,9.747948942160216124e-01,9.655758100130109600e-01,9.559863532098380468e-01,9.461205674206637495e-01,9.360611657543447262e-01,9.258845863329711046e-01,9.156635730160994635e-01,9.054697135137850239e-01,8.953736101675222603e-01,8.854457886628103180e-01,8.757556946616765758e-01,8.663720707364025442e-01,8.573615105604206477e-01,8.487886656544273434e-01,8.407144479067415466e-01,8.331959742776265943e-01,8.262842815891663362e-01,8.200238339601215731e-01,8.144496713928125464e-01,8.095864179032976615e-01,8.054449915552888140e-01,8.020212848106289538e-01,7.992928797197744739e-01,7.972179043177965996e-01,7.957325773349303022e-01,7.947510917950236786e-01,7.941651001416071276e-01,7.938456077280949819e-01,7.936453895630156685e-01,7.934034431267202869e-01,7.929504850856131659e-01,7.921153541607606208e-01,7.907323121772942276e-01,7.886475003495782010e-01,7.857258340639482475e-01,7.818553592478724168e-01,7.769521963908055939e-01,7.709619280788205797e-01,7.638620958262082317e-01,7.556602914806596072e-01,7.463940081680271454e-01,7.361256966428505466e-01,7.249405759422424822e-01,7.129398093592470564e-01,7.002375212279081662e-01,6.869536493476524619e-01,6.732114026752832325e-01,6.591310635955652808e-01,6.448286258607859311e-01,6.304112197699544007e-01,6.159770936067955338e-01,6.016127655606317015e-01,5.873940863097453224e-01,5.733848403102622671e-01,5.596384258566565739e-01,5.461974745126595421e-01,5.330956903042063377e-01,5.203580824751047329e-01,5.080026322888889778e-01,4.960408457965762574e-01,4.844790687260761008e-01,4.733191825103924000e-01,4.625595078408720195e-01,4.521955528265131363e-01,4.422205197545950317e-01,4.326260651807307678e-01,4.234024599740844330e-01,4.145393460957567666e-01,4.060256102643804432e-01,3.978501317742276222e-01,3.900014269755880947e-01,3.824683849314400863e-01,3.752397275689012268e-01,3.683047282775500642e-01,3.616524705773426773e-01,3.552726244196159344e-01,3.491538346185951713e-01,3.432867614440920923e-01,3.376512635431664355e-01,3.322615036265517685e-01,3.269788891082626159e-01,3.222427641730382653e-01,3.161351407972801120e-01,3.161351407972801120e-01
1.000000000000000000e+00,9.996767978704007573e-01,1.000067285302396414e+00,1.002861861065500459e+00,1.006673584708616787e+00,1.010484784419585447e+00,1.013527233318211929e+00,1.015296777396147654e+00,1.015519239968239118e+00,1.014101096846852901e+00,1.011080091005125192e+00,1.006581072543104138e+00,1.000780039057342474e+00,9.938744823859587685e-01,9.860614372194942412e-01,9.775218248322686820e-01,9.684128577451757147e-01,9.588657987468007793e-01,9.489893088292991052e-01,9.388741705887037048e-01,9.285996926316921751e-01,9.182381383740808589e-01,9.078591082259811484e-01,8.975311432940356049e-01,8.873236723592047293e-01,8.773065967881080729e-01,8.675510552128592456e-01,8.581281238154525592e-01,8.491091932703787037e-01,8.405641997874109261e-01,8.325617244476820611e-01,8.251666880791422853e-01,8.184399840163327777e-01,8.124354648431525439e-01,8.071989152435329329e-01,8.027642847703815310e-01,7.991519866916896309e-01,7.963646319313947286e-01,7.943849930986182084e-01,7.931719689783155447e-01,7.926590625400310453e-01,7.927518639639941078e-01,7.933283801108415023e-01,7.942396444664712174e-01,7.953132516424122889e-01,7.963582072523862632e-01,7.971719732975587336e-01,7.975489635407554401e-01,7.972892964583038200e-01,7.962082820417292206e-01,7.941436113371477257e-01,7.909626891129228898e-01,7.865662814104696920e-01,7.808929174089772607e-01,7.739186875763430784e-01,7.656583229903656251e-01,7.561608319013461976e-01,7.455073973446197932e-01,7.338037906856093029e-01,7.211764417895790702e-01,7.077635998738420753e-01,6.937113999741382209e-01,6.791657203534493537e-01,6.642695649913624711e-01,6.491568152808094849e-01,6.339514224413584920e-01,6.187634152520639086e-01,6.036897200510386030e-01,5.888121696778938485e-01,5.741993805650678073e-01,5.599061969414584894e-01,5.459759715090717336e-01,5.324408570320935397e-01,5.193239784911849455e-01,5.066401328432998952e-01,4.943975602111634893e-01,4.825987925700904180e-01,4.712419173359280178e-01,4.603214508931436910e-01,4.498291033615341994e-01,4.397546313929849293e-01,4.300861681444080875e-01,4.208110466702091323e-01,4.119157758309821560e-01,4.033868383972201155e-01,3.952103901796775731e-01,3.873730387033433309e-01,3.798613313959103288e-01,3.726625151166036987e-01,3.657638643719735017e-01,3.591533674343548865e-01,3.528190121355126996e-01,3.467487014427406700e-01,3.409317177760377016e-01,3.353475691684522642e-01,3.300091362649241189e-01,3.247787164908370605e-01,3.200906000151063080e-01,3.140450049550779776e-01,3.140450049550779776e-01
1.000000000000000000e+00,9.996398555691430321e-01,9.999375574578885928e-01,1.002543842073681635e+00,1.006079198459473911e+00,1.009538099361626973e+00,1.012167142314377211e+00,1.013477420034585519e+00,1.013208562584624550e+00,1.011279931625085560e+00,1.007740584391630057e+00,1.002725937640681853e+00,9.964209393217696720e-01,9.890310789663919744e-01,9.807593560575511571e-01,9.717913660532706555e-01,9.622866602225200738e-01,9.523776050844756647e-01,9.421718730090791194e-01,9.317586988221729927e-01,9.212145097992451293e-01,9.106091676101106813e-01,9.000094144833135079e-01,8.894823898078054736e-01,8.790963115155158158e-01,8.689220173686887927e-01,8.590321018352341520e-01,8.495016507354363755e-01,8.404066566210004474e-01,8.318243919552988919e-01,8.238312323927110548e-01,8.165025676669379617e-01,8.099098342502045744e-01,8.041196791709089853e-01,7.991899870062304512e-01,7.951680737429830392e-01,7.920857046707840965e-01,7.899563836024855457e-01,7.887698272121302923e-01,7.884889842650217862e-01,7.890451822541258986e-01,7.903363193974870526e-01,7.922247321628138605e-01,7.945386578096054198e-01,7.970751231894015465e-01,7.996063682608349765e-01,8.018886688728769085e-01,8.036730544848665891e-01,8.047176138889203800e-01,8.047986633298200854e-01,8.037215699126725177e-01,8.013275528072321130e-01,7.975005629586158218e-01,7.921694898636033599e-01,7.853113497841774926e-01,7.769484752017151719e-01,7.671472433238096800e-01,7.560103285563951614e-01,7.436720113896911899e-01,7.302875784476245968e-01,7.160276449400589938e-01,7.010675499533446375e-01,6.855829056454240122e-01,6.697410353829741370e-01,6.536988329548154564e-01,6.375970786802350743e-01,6.215606509928561785e-01,6.056956037047597219e-01,5.900911044361800695e-01,5.748185856130891835e-01,5.599345164979053768e-01,5.454807845168133662e-01,5.314875123329385609e-01,5.179739929951516775e-01,5.049510664711596153e-01,4.924222082162788561e-01,4.803852732083078170e-01,4.688335594840212228e-01,4.577569152222361049e-01,4.471427250756038196e-01,4.369764635493574301e-01,4.272426072764332061e-01,4.179247438185277330e-01,4.090064296421381806e-01,4.004709586713748326e-01,3.923021854239135409e-01,3.844840411875480313e-01,3.770013364550783286e-01,3.698390903325179946e-01,3.629833191732262376e-01,3.564201755137062499e-01,3.501368028804642818e-01,3.441196266847917906e-01,3.383574467418801190e-01,3.328286734866898189e-01,3.275457993589001582e-01,3.223712835166884783e-01,3.177349506682989877e-01,3.117556581205799815e-01,3.117556581205799815e-01
1.000000000000000000e+00,9.996077397821214738e-01,9.998222950400947884e-01,1.002255272905682837e+00,1.005534616928588587e+00,1.008665827359631617e+00,1.010909509571367382e+00,1.011790123936199048e+00,1.011059749874267943e+00,1.008648399786150396e+00,1.004615025382163962e+00,9.991035233265777027e-01,9.923068218835754406e-01,9.844368910449516896e-01,9.757025026420679259e-01,9.662931426815346558e-01,9.563713255477689357e-01,9.460703425562069224e-01,9.354980982391034594e-01,9.247423829427723341e-01,9.138782370776394881e-01,9.029731787545002275e-01,8.920926199910651500e-01,8.813021340134488124e-01,8.706702327339979064e-01,8.602683219501705558e-01,8.501720550914499963e-01,8.404601353902169114e-01,8.312151000542412627e-01,8.225214240055580550e-01,8.144658532668580531e-01,8.071346932200914592e-01,8.006133984520341640e-01,7.949827123332392498e-01,7.903171081717791369e-01,7.866794993663008828e-01,7.841182638566082108e-01,7.826605907100965265e-01,7.823083042244460827e-01,7.830306877914452457e-01,7.847602899069798799e-01,7.873873011684812129e-01,7.907578401609763885e-01,7.946731680404438558e-01,7.988937412034065044e-01,8.031462982653863047e-01,8.071353999956510927e-01,8.105579484072971130e-01,8.131187186386852339e-01,8.145467229931839803e-01,8.146069443079823058e-01,8.131107030440443140e-01,8.099207234454081084e-01,8.049569521620255630e-01,7.981965751182299451e-01,7.896747551705589618e-01,7.794778602208416451e-01,7.677387264503310327e-01,7.546246036913770716e-01,7.403295501396317535e-01,7.250608788935458682e-01,7.090321858050858683e-01,6.924516687504377321e-01,6.755178981551674955e-01,6.584116576966119183e-01,6.412949472432858400e-01,6.243065581021257637e-01,6.075637555435492443e-01,5.911608765404604560e-01,5.751725736418534796e-01,5.596542894418421454e-01,5.446458842360343278e-01,5.301729359593495561e-01,5.162499329022511851e-01,5.028817427284653085e-01,4.900660118272557320e-01,4.777945226828666514e-01,4.660547626197805160e-01,4.548311071229588221e-01,4.441056692141319706e-01,4.338593341858476005e-01,4.240720411370018650e-01,4.147237152601192522e-01,4.057941245486577642e-01,3.972637503815565907e-01,3.891133374642772869e-01,3.813247315538823567e-01,3.738802138880500947e-01,3.667633202862343178e-01,3.599580258229058138e-01,3.534494988179815445e-01,3.472232578924994706e-01,3.412651706767437232e-01,3.355627647186276152e-01,3.300943070143322888e-01,3.248710742393162709e-01,3.197567025309608346e-01,3.151754429008420955e-01,3.092669408926013719e-01,3.092669408926013719e-01
1.000000000000000000e+00,9.995795878135418366e-01,9.997184841471680183e-01,1.001990184394586203e+00,1.005029617601880476e+00,1.007853207233250448e+00,1.009734288202206232e+00,1.010209903883885652e+00,1.009042749637548697e+00,1.006172367031743953e+00,1.001665596884271370e+00,9.956738000642803010e-01,9.883961263029722444e-01,9.800504996416916637e-01,9.708502164262742262e-01,9.609887926368706479e-01,9.506309995566935012e-01,9.399118034516595888e-01,9.289389972690518249e-01,9.178000733111757459e-01,9.065684327085825611e-01,8.953105623708605965e-01,8.840901674639493057e-01,8.729726142088102270e-01,8.620261418174348655e-01,8.513241734160859053e-01,8.409447670445387990e-01,8.309719764617737869e-01,8.214943895636460658e-01,8.126060071720729860e-01,8.044039705512231464e-01,7.969887813990216285e-01,7.904608668872119548e-01,7.849196350844496184e-01,7.804583668864212287e-01,7.771615225986365783e-01,7.750975723590807220e-01,7.743142231567972100e-01,7.748293919484268155e-01,7.766248830120185964e-01,7.796370668209072763e-01,7.837512454756041524e-01,7.887957059032344453e-01,7.945411146612394448e-01,8.007033024346895678e-01,8.069524238875789290e-01,8.129280422995015520e-01,8.182580590002727083e-01,8.225810213643987012e-01,8.255668587881065390e-01,8.269335585270595201e-01,8.264562052678410264e-01,8.239751093078224731e-01,8.193988442521376037e-01,8.127086316955295375e-01,8.039543035453092790e-01,7.932509281230171183e-01,7.807664562562588451e-01,7.667124449610810411e-01,7.513273419480057669e-01,7.348662882661158857e-01,7.175853989133118560e-01,6.997344892335228828e-01,6.815454200033794763e-01,6.632290220056991092e-01,6.449682873678996842e-01,6.269191811080012666e-01,6.092081451730311237e-01,5.919356012516260312e-01,5.751763993434274580e-01,5.589843981368955994e-01,5.433942877711133157e-01,5.284258891675706060e-01,5.140862285651561780e-01,5.003728575588213268e-01,4.872756786851001332e-01,4.747791557349080316e-01,4.628637978626495841e-01,4.515074088462481816e-01,4.406862965143185651e-01,4.303757804492253092e-01,4.205512201901372427e-01,4.111879834553445190e-01,4.022623692427667597e-01,3.937511977445736222e-01,3.856326801759141776e-01,3.778857510162530464e-01,3.704909163820153672e-01,3.634294118512775840e-01,3.566840449622202813e-01,3.502381827379065782e-01,3.440766684326821423e-01,3.381839864890218705e-01,3.325473814822944019e-01,3.271441354603607521e-01,3.219852973518805284e-01,3.169348700162329391e-01,3.124122829021568348e-01,3.065782164466838711e-01,3.065782164466838711e-01
1.000000000000000000e+00,9.995544865321912553e-01,9.996238766195675307e-01,1.001743690366911466e+00,1.004556391666236559e+00,1.007088614642836610e+00,1.008626204338223920e+00,1.008717389785775964e+00,1.007134750570374715e+00,1.003825564490012257e+00,9.988636659494382064e-01,9.924060605794191581e-01,9.846574497617537336e-01,9.758401812716419599e-01,9.661718909464983573e-01,9.558490168773833284e-01,9.450389494523171452e-01,9.338775818749939228e-01,9.224733951596509884e-01,9.109129991284637962e-01,8.992692057673483674e-01,8.876068367751203114e-01,8.759890460316140937e-01,8.644801865502343974e-01,8.531494641781092181e-01,8.420713647050543926e-01,8.313278032579093368e-01,8.210072652245330449e-01,8.112063329150368540e-01,8.020279932292840863e-01,7.935826289634393405e-01,7.859852638339159814e-01,7.793555430893999159e-01,7.738132883531945172e-01,7.694766680501903267e-01,7.664552733626474046e-01,7.648456033655233188e-01,7.647211008806736876e-01,7.661245593624298467e-01,7.690556448828974601e-01,7.734614678741590366e-01,7.792246048517998958e-01,7.861562204492856809e-01,7.939911074946580660e-01,8.023911547017329449e-01,8.109553963250214492e-01,8.192404581635663874e-01,8.267868378099310078e-01,8.331488329227213496e-01,8.379259124746333276e-01,8.407804178974159770e-01,8.414487817466983488e-01,8.397453982793398053e-01,8.355696523907788498e-01,8.289073241296764927e-01,8.198308321872367355e-01,8.084887269044955804e-01,7.950962217270546306e-01,7.799157182864677740e-01,7.632429655149333136e-01,7.453863812303549441e-01,7.266556221910023261e-01,7.073452512672522285e-01,6.877285197595869315e-01,6.680470165104112068e-01,6.485096454449517100e-01,6.292880651892104327e-01,6.105198418788740922e-01,5.923084167564384162e-01,5.747285926669287726e-01,5.578289660463549016e-01,5.416376738205040953e-01,5.261654031913028939e-01,5.114100375172032642e-01,4.973592506073761799e-01,4.839936498180278379e-01,4.712887436427152799e-01,4.592167530700718703e-01,4.477480832534821431e-01,4.368521340707343659e-01,4.264984579173793922e-01,4.166568694762780023e-01,4.072984287070626208e-01,3.983950771838297711e-01,3.899205355337270751e-01,3.818496286813116147e-01,3.741591502401964142e-01,3.668269895116397228e-01,3.598329875104640529e-01,3.531579399787417306e-01,3.467844015758524412e-01,3.406956848762923151e-01,3.348759258217851587e-01,3.293112122061735425e-01,3.239788973121140447e-01,3.188888962353785272e-01,3.139066992779384613e-01,3.094457979960704708e-01,3.036900380817013079e-01,3.036900380817013079e-01
1.000000000000000000e+00,9.995319431795637311e-01,9.995365170252332732e-01,1.001512149972292764e+00,1.004108684327841949e+00,1.006363306217674891e+00,1.007573413487978131e+00,1.007298119752433330e+00,1.005318384370103679e+00,1.001588557654339739e+00,9.961877140766686178e-01,9.892778308286517275e-01,9.810674878565245338e-01,9.717830842860167850e-01,9.616452085839651831e-01,9.508532967210135967e-01,9.395762831317048258e-01,9.279514885551195524e-01,9.160871932733857248e-01,9.040699149472903873e-01,8.919709828651525285e-01,8.798544866849798973e-01,8.677819758083313850e-01,8.558177969247338090e-01,8.440308639631366461e-01,8.324978664816021778e-01,8.213032161524033148e-01,8.105413220141552966e-01,8.003155791723952639e-01,7.907401970232134092e-01,7.819382829013998837e-01,7.740429422917292079e-01,7.671938762000309886e-01,7.615369080292259119e-01,7.572180645021743262e-01,7.543802577325641190e-01,7.531535905561099753e-01,7.536478361845990737e-01,7.559381716205791912e-01,7.600531029093012814e-01,7.659569915172410592e-01,7.735362913033303478e-01,7.825849693169298904e-01,7.927974637536593372e-01,8.037693081502237380e-01,8.150092055767360621e-01,8.259676775596961340e-01,8.360720407326819315e-01,8.447712200279543504e-01,8.515802474113546294e-01,8.561024602224297508e-01,8.580336412798799106e-01,8.571648024755470496e-01,8.533856519910282268e-01,8.466931996451975140e-01,8.371864726114526256e-01,8.250595721735662913e-01,8.105818281367986877e-01,7.940804722309067198e-01,7.759145062297758688e-01,7.564578551520015903e-01,7.360770628859243381e-01,7.151208313949560802e-01,6.939049621973775173e-01,6.727084109066957529e-01,6.517653136602992170e-01,6.312666389458594374e-01,6.113585744100821229e-01,5.921483335723922714e-01,5.737069034739212814e-01,5.560764353346143718e-01,5.392745445847668684e-01,5.233008434974174561e-01,5.081407995465224703e-01,4.937703006220609536e-01,4.801584469747602890e-01,4.672702067670775894e-01,4.550683142823404581e-01,4.435145084634377621e-01,4.325708795363807924e-01,4.222001631506864250e-01,4.123667950732260445e-01,4.030366000843214058e-01,3.941777105426093608e-01,3.857598756443323396e-01,3.777553296223074009e-01,3.701378694649675172e-01,3.628837172087260310e-01,3.559704586621373346e-01,3.493779179347616948e-01,3.430869611434480548e-01,3.370804580880358281e-01,3.313412987298827717e-01,3.258555204996420596e-01,3.205996293546878317e-01,3.155835069163104301e-01,3.106732497364990686e-01,3.062773362716955661e-01,3.006028157732859030e-01,3.006028157732859030e-01
1.000000000000000000e+00,9.995112989562973116e-01,9.994550318443872206e-01,1.001292505243946307e+00,1.003681895857537087e+00,1.005670450554537743e+00,1.006567275116638793e+00,1.005941192819166830e+00,1.003581185897575612e+00,9.994470817223852777e-01,9.936226255619536873e-01,9.862730568276448784e-01,9.776103825816724324e-01,9.678634886939772031e-01,9.572557994008773496e-01,9.459884279945619534e-01,9.342321205015891028e-01,9.221244861858088893e-01,9.097741714928653245e-01,8.972664811941568619e-01,8.846719900916869550e-01,8.720527815900882551e-01,8.594695879812630501e-01,8.469852194723359595e-01,8.346691402976820218e-01,8.225984759315583261e-01,8.108611672620630317e-01,7.995557260425547597e-01,7.887939043051398480e-01,7.786996701939625787e-01,7.694114746874053390e-01,7.610801001149370970e-01,7.538698388406791517e-01,7.479541714311239708e-01,7.435144510079297886e-01,7.407317087772191666e-01,7.397807581273603272e-01,7.408160739980900189e-01,7.439592202205119742e-01,7.492778205384328372e-01,7.567664958862293512e-01,7.663222695504364745e-01,7.777257537959895162e-01,7.906247338685825632e-01,8.045334780975862410e-01,8.188443342179672069e-01,8.328696071927220723e-01,8.458899249931741693e-01,8.572192812233716541e-01,8.662789315128639478e-01,8.726148216406095504e-01,8.758916141322741211e-01,8.758804905564533394e-01,8.724677238857274642e-01,8.656649694440102794e-01,8.556092710120541955e-01,8.425467677559506097e-01,8.268151050827091675e-01,8.088118356723945634e-01,7.889712848017634839e-01,7.677346506202781251e-01,7.455340543228791139e-01,7.227719228969519127e-01,6.998135219555320363e-01,6.769744628531811914e-01,6.545194984313670306e-01,6.326575006797344747e-01,6.115460479739902588e-01,5.912932285010218392e-01,5.719661824213364554e-01,5.535966850970028830e-01,5.361901000256743544e-01,5.197311758554040706e-01,5.041908100863112807e-01,4.895302933803903911e-01,4.757053355001630845e-01,4.626687287256192049e-01,4.503722541592234396e-01,4.387683416590300589e-01,4.278106246473297181e-01,4.174550919630426460e-01,4.076598376314569672e-01,3.983859914262090629e-01,3.895969973027593181e-01,3.812594672818085395e-01,3.733421891728545550e-01,3.658169727321647358e-01,3.586575092183001967e-01,3.518402360839270049e-01,3.453431202131299615e-01,3.391464935866285169e-01,3.332318697796916585e-01,3.275820635984011409e-01,3.221821194607081273e-01,3.170088701816641263e-01,3.120711918394096229e-01,3.072370205376488417e-01,3.029087051511458184e-01,2.973185815309102309e-01,2.973185815309102309e-01
1.000000000000000000e+00,9.994923135275995962e-01,9.993781513557004059e-01,1.001082641407886609e+00,1.003272350172834670e+00,1.005005243435778794e+00,1.005601322106161710e+00,1.004639117361493916e+00,1.001914262924228360e+00,9.973916844590432484e-01,9.911581395868160893e-01,9.833816888479319784e-01,9.742761052296484703e-01,9.640725295927401461e-01,9.529957257099143098e-01,9.412485819867074666e-01,9.290023250533478993e-01,9.163952463811581017e-01,9.035350613253542162e-01,8.905064271470322090e-01,8.773777200737952198e-01,8.642096279126414426e-01,8.510603267294658547e-01,8.379916847316384310e-01,8.250716206934101127e-01,8.123783230134183908e-01,8.000008819128775484e-01,7.880427834835429524e-01,7.766217511488412439e-01,7.658730882564679376e-01,7.559487913319972163e-01,7.470204197304787241e-01,7.392766725320178978e-01,7.329245501795871309e-01,7.281836227576614640e-01,7.252831148819898210e-01,7.244499960059237464e-01,7.258985063925847969e-01,7.298087954713027292e-01,7.363058123219214934e-01,7.454278165473557927e-01,7.570963633256619918e-01,7.710829615787172520e-01,7.869837341319412261e-01,8.042116475121889874e-01,8.220055517482353080e-01,8.394964818206871460e-01,8.557690908666233387e-01,8.699655804160247863e-01,8.814102985130697343e-01,8.896153620348978830e-01,8.942374694097281473e-01,8.950441825244974670e-01,8.919223373755190698e-01,8.849092794878613555e-01,8.741859876216253600e-01,8.600638706260921307e-01,8.429529127728043747e-01,8.233310974590137832e-01,8.017059417109321240e-01,7.785907213299712026e-01,7.544772483145699704e-01,7.298251538980613518e-01,7.050452011684797959e-01,6.804950072331708011e-01,6.564689659262902266e-01,6.331993046656928525e-01,6.108541980464672339e-01,5.895453878270060510e-01,5.693337400480625865e-01,5.502404129348260620e-01,5.322550549988950275e-01,5.153457334772211240e-01,4.994656433682587160e-01,4.845594563698078505e-01,4.705674523424848710e-01,4.574286012106650867e-01,4.450828323953450738e-01,4.334720240697366722e-01,4.225413253534727187e-01,4.122389922960691955e-01,4.025173235670194694e-01,3.933318865791493035e-01,3.846423312647665460e-01,3.764112969534085806e-01,3.686052167772480570e-01,3.611930649271477556e-01,3.541471959111236467e-01,3.474420185927837856e-01,3.410548805790009075e-01,3.349646616138634014e-01,3.291527661381068448e-01,3.236009782707836568e-01,3.182945871815695549e-01,3.132097684929361914e-01,3.083556137965405841e-01,3.036009519618848573e-01,2.993431038124566568e-01,2.938394911578189328e-01,2.938394911578189328e-01
1.000000000000000000e+00,9.994744922115323948e-01,9.993051008835461824e-01,1.000880725555087558e+00,1.002877612245848482e+00,1.004364067529152083e+00,1.004671391765829425e+00,1.003386725324469264e+00,1.000312234279736812e+00,9.954164099874269755e-01,9.887886725750729688e-01,9.805982169501293866e-01,9.710603021477408614e-01,9.604067085451741814e-01,9.488635196942798444e-01,9.366339243707147988e-01,9.238898968835591585e-01,9.107689880297544782e-01,8.973784350477975735e-01,8.838006958942815627e-01,8.701024430317721992e-01,8.563411023818234824e-01,8.425727194046679358e-01,8.288559079035624499e-01,8.152573642571223633e-01,8.018535433849971472e-01,7.887349947409355577e-01,7.760070172133100019e-01,7.637939004410347898e-01,7.522391507803172228e-01,7.415098443265494277e-01,7.317960681049241467e-01,7.233145979331948583e-01,7.163060951453117386e-01,7.110359793348929314e-01,7.077863550026485262e-01,7.068500278650041713e-01,7.085123268399650120e-01,7.130325609207021076e-01,7.206106346609809643e-01,7.313518525647727531e-01,7.452182416540619192e-01,7.619833579468728857e-01,7.811839051652139654e-01,8.021045870088541196e-01,8.237745522579630331e-01,8.450815660446070465e-01,8.648446873790711642e-01,8.819809420749611384e-01,8.957436983719471169e-01,9.056740680683580402e-01,9.114821782134219230e-01,9.129564555554943173e-01,9.099937922187737449e-01,9.026624900622202130e-01,8.911981101702795005e-01,8.759769978839897497e-01,8.574862805015912581e-01,8.362745734725757218e-01,8.129193657405386908e-01,7.879895835425465567e-01,7.620309507343067112e-01,7.355469859380757702e-01,7.089943459053426045e-01,6.827686527919397674e-01,6.572008908865825116e-01,6.325483592721177217e-01,6.089972653508903822e-01,5.866643683091293804e-01,5.656079363891827194e-01,5.458373614005403995e-01,5.273266607243400905e-01,5.100247805423617775e-01,4.938657184839760905e-01,4.787754340929729069e-01,4.646771586130665210e-01,4.514949782569840919e-01,4.391556961548687132e-01,4.275905497623808671e-01,4.167352312486471977e-01,4.065308500051606488e-01,3.969230874321669766e-01,3.878629382811892845e-01,3.793054736670291027e-01,3.712105671092048587e-01,3.635414892435591128e-01,3.562656878658072013e-01,3.493533256004824339e-01,3.427781268156823158e-01,3.365159118323998722e-01,3.305454493210058797e-01,3.248470764352340834e-01,3.194028661656777568e-01,3.141973515860521649e-01,3.092073498389714126e-01,3.044411378880153562e-01,2.997697817450075686e-01,2.955844645767215506e-01,2.901696896451291807e-01,2.901696896451291807e-01
1.000000000000000000e+00,9.994577817494103567e-01,9.992350857204288506e-01,1.000685710505765824e+00,1.002495779352243099e+00,1.003744836556469844e+00,1.003774710484541588e+00,1.002181346154005892e+00,9.987720968390262355e-01,9.935188356600653803e-01,9.865120010699041098e-01,9.779216591207743337e-01,9.679628705766532004e-01,9.568679620493563132e-01,9.448627539455021207e-01,9.321509103220364523e-01,9.189036425744143699e-01,9.052581443806798633e-01,8.913195723346409860e-01,8.771686274456016452e-01,8.628683708068438651e-01,8.484733146400802450e-01,8.340349703860111541e-01,8.196088464083135516e-01,8.052573830256545273e-01,7.910552246979171143e-01,7.770906775608481531e-01,7.634706656072539621e-01,7.503218272837782754e-01,7.377959719548765616e-01,7.260710611431018258e-01,7.153570201816036311e-01,7.058957553366869142e-01,6.979658661648889817e-01,6.918791882273587213e-01,6.879807369594446165e-01,6.866366511758470459e-01,6.882224589469966292e-01,6.930943791239876361e-01,7.015561842542615834e-01,7.138056427039143337e-01,7.298725043335030360e-01,7.495442041207023287e-01,7.722865153055010756e-01,7.972117010938384318e-01,8.230441129594907590e-01,8.483436845010833283e-01,8.715588294364129407e-01,8.913148697469516213e-01,9.068873815077214129e-01,9.180075499044133558e-01,9.245610699962447665e-01,9.263998975758351850e-01,9.234243055757913599e-01,9.157375872392068406e-01,9.036182428209040829e-01,8.874954360972984180e-01,8.679045733931747275e-01,8.454429059567309945e-01,8.207231667346536197e-01,7.943479813861862304e-01,7.668871290275907082e-01,7.388766522538638970e-01,7.108060146423647030e-01,6.831134747634181048e-01,6.561691479414172301e-01,6.302683607793777565e-01,6.056228634988614079e-01,5.823654159094059368e-01,5.605562429514032718e-01,5.401980226596324597e-01,5.212497356765710688e-01,5.036419417794897324e-01,4.872883798508512165e-01,4.720953951940390914e-01,4.579683371370333322e-01,4.448153417287881162e-01,4.325500769776615129e-01,4.210922803957848903e-01,4.103688898183392442e-01,4.003131542502932905e-01,3.908652820995284771e-01,3.819710092817935054e-01,3.735821988610950051e-01,3.656552279322097254e-01,3.581516678043231150e-01,3.510366369234907413e-01,3.442795862168389620e-01,3.378526770172161076e-01,3.317316600699179996e-01,3.258942460133641972e-01,3.203211218360695334e-01,3.149936451760191325e-01,3.098969664635303212e-01,3.050075018775221247e-01,3.003340550711257606e-01,2.957489186868954567e-01,2.916384148392431319e-01,2.863136518972536071e-01,2.863136518972536071e-01
1.000000000000000000e+00,9.994417987743114962e-01,9.991677677714398964e-01,1.000496627534569027e+00,1.002125947053061239e+00,1.003146173832392574e+00,1.002910244573480547e+00,1.001021805508223839e+00,9.972934448931525253e-01,9.916988814676809261e-01,9.843293929331503600e-01,9.753542158994515932e-01,9.649880904477871058e-01,9.534622276526154572e-01,9.410022916843238105e-01,9.278108447137450865e-01,9.140586754673799552e-01,8.998810057445323363e-01,8.853813518688540274e-01,8.706367827046257446e-01,8.557071056757530325e-01,8.406415459732344830e-01,8.254871916056734094e-01,8.102933621952435050e-01,7.951179822304363931e-01,7.800299213163870427e-01,7.651145592044852339e-01,7.504755217975285220e-01,7.362408067499958131e-01,7.225648088676104308e-01,7.096355884937962655e-01,6.976771107736089439e-01,6.869571300264961655e-01,6.777881176139098907e-01,6.705332667082939402e-01,6.656019432311796047e-01,6.634476410074974240e-01,6.645492390916523107e-01,6.693886803725203061e-01,6.784023643106841250e-01,6.919197341314710092e-01,7.100651905716345302e-01,7.326517561798111533e-01,7.590373343715171028e-01,7.880778882915765449e-01,8.180202305883135239e-01,8.469890891028361013e-01,8.729249701938378569e-01,8.940900820845241181e-01,9.100610941124708253e-01,9.211137423844876215e-01,9.275446407540746119e-01,9.293018726770945204e-01,9.262450282368580590e-01,9.184778049735817795e-01,9.062690176145059562e-01,8.900171153870560792e-01,8.702285314461563059e-01,8.474674559399586471e-01,8.223281068268304406e-01,7.953923013730246350e-01,7.672259584853100556e-01,7.383717347940609299e-01,7.093516750476166477e-01,6.806483648745356163e-01,6.526899406814061777e-01,6.258254548271015016e-01,6.003143033651209270e-01,5.763200055988474402e-01,5.539194492245758106e-01,5.331163162467464911e-01,5.138608169168478179e-01,4.960674757590123884e-01,4.796312189545458571e-01,4.644392054072146725e-01,4.503786904723414697e-01,4.373423253645942199e-01,4.252301480508196563e-01,4.139513875773978002e-01,4.034237446157711293e-01,3.935740096110724173e-01,3.843364082076107802e-01,3.756530259199499788e-01,3.674719186077485267e-01,3.597476387825921385e-01,3.524393455034559031e-01,3.455114842507341355e-01,3.389319710859079460e-01,3.326730076835724415e-01,3.267093570477327957e-01,3.210192079942255083e-01,3.155826019885159539e-01,3.103816506416587906e-01,3.054010683670839166e-01,3.006182902203183849e-01,2.960415626703590264e-01,2.915458506683735185e-01,2.875115180443648666e-01,2.822781360983064869e-01,2.822781360983064869e-01
1.000000000000000000e+00,9.994266373235469736e-01,9.991026969248415490e-01,1.000313207731489129e+00,1.001767468454182408e+00,1.002567912729959820e+00,1.002077794823306611e+00,9.999088005277391167e-01,9.958773826388066519e-01,9.899590775743297710e-01,9.822443425947083862e-01,9.729014848113459735e-01,9.621432154468845255e-01,9.501996916810271365e-01,9.372947879127505599e-01,9.236302708989383436e-01,9.093748942275003966e-01,8.946623730671261487e-01,8.795927885612799813e-01,8.642400110865225971e-01,8.486583500575904937e-01,8.328919364469669073e-01,8.169804715944672946e-01,8.009668426903537863e-01,7.849005088342280168e-01,7.688437017404172735e-01,7.528736768903726562e-01,7.370891485102257779e-01,7.216128451698002877e-01,7.065994536623755318e-01,6.922391997541122999e-01,6.787677462963604968e-01,6.664704416808920895e-01,6.556932271519487765e-01,6.468452138652477368e-01,6.404066890668768108e-01,6.369234236956266004e-01,6.370006342800572652e-01,6.412715187780632098e-01,6.503479491996109196e-01,6.647264192971222840e-01,6.846479137619340127e-01,7.099254615426171533e-01,7.397028060903774183e-01,7.724018905544803859e-01,8.054623642388603066e-01,8.365012088175948213e-01,8.628178830790163012e-01,8.823163790379309201e-01,8.955769641247653956e-01,9.041391150078594841e-01,9.090725056712938290e-01,9.103779458110247136e-01,9.077131767522566008e-01,9.010752219564948096e-01,8.905284654812343215e-01,8.762173240378382522e-01,8.583979632928573356e-01,8.374484029596458434e-01,8.138359750936319248e-01,7.880705783198728165e-01,7.606793351587769481e-01,7.322147835329371190e-01,7.032405902660419095e-01,6.743159729553839243e-01,6.459571550419023200e-01,6.186063427132509895e-01,5.926016221296334097e-01,5.681678996102191848e-01,5.454193867701828680e-01,5.243776755266587042e-01,5.049940320379082692e-01,4.871737596921632552e-01,4.707967542202781686e-01,4.557330096957812882e-01,4.418535104995836571e-01,4.290358480892493276e-01,4.171680768669697170e-01,4.061489068281930459e-01,3.958886439198709417e-01,3.863074164400243649e-01,3.773354269285745799e-01,3.689107242382337892e-01,3.609795150853677970e-01,3.534939579229111062e-01,3.464126860834289556e-01,3.396987391779478505e-01,3.333202849322564054e-01,3.272486985645826074e-01,3.214594367476040770e-01,3.159301950372124246e-01,3.106419527121638824e-01,3.055765253809670789e-01,3.007196931660401362e-01,2.960488117102244576e-01,2.915730222188823717e-01,2.871688867027039072e-01,2.832122533263549680e-01,2.780703640228859852e-01,2.780703640228859852e-01
1.000000000000000000e+00,9.994119912297003694e-01,9.990398646956030193e-01,1.000135103698915673e+00,1.001420533979721084e+00,1.002010236234110563e+00,1.001278495167472471e+00,9.988438880095753536e-01,9.945269167583654646e-01,9.883033744517522035e-01,9.802628791024859956e-01,9.705710951016159882e-01,9.594387519921848684e-01,9.470932735558424964e-01,9.337570191968115330e-01,9.196293451902295413e-01,9.048774615412238376e-01,8.896318771330754549e-01,8.739897818866332324e-01,8.580197951388794930e-01,8.417710916194788284e-01,8.252799960728757211e-01,8.085787611412276199e-01,7.917001425436075435e-01,7.746843802361227382e-01,7.575820018016468094e-01,7.404603857747226181e-01,7.234064619789140060e-01,7.065346428015560898e-01,6.899908328627429865e-01,6.739630282443439535e-01,6.586873637721812891e-01,6.444619379217277899e-01,6.316545859419511189e-01,6.207190104456669077e-01,6.122015117807043660e-01,6.067534000273553385e-01,6.051228152049044073e-01,6.081342280947344969e-01,6.166101834513219027e-01,6.312402641099166267e-01,6.523394316094376366e-01,6.795901202802392405e-01,7.116367770077436372e-01,7.461075806337034155e-01,7.790273814129583529e-01,8.076933137344294300e-01,8.288187535012344620e-01,8.402546159189792085e-01,8.451221830003347035e-01,8.473855712127139617e-01,8.492428126747073591e-01,8.504303637856014397e-01,8.500916446092621204e-01,8.478595101546888557e-01,8.431361463139734891e-01,8.352820185659848296e-01,8.238594942374365404e-01,8.087656993921928938e-01,7.902159276811273614e-01,7.685989571877627213e-01,7.444266626005480170e-01,7.183045998373196461e-01,6.909115130934724291e-01,6.629504975926686638e-01,6.351003782148870735e-01,6.079567538879747657e-01,5.819931080059485007e-01,5.575374754958317691e-01,5.347758120232387613e-01,5.137705595769388456e-01,4.944906683511992029e-01,4.768426898343648968e-01,4.606980866611729564e-01,4.459144711275002670e-01,4.323489420506699266e-01,4.198670261613483001e-01,4.083457031868950038e-01,3.976757676889011162e-01,3.877604506213216395e-01,3.785157053454788478e-01,3.698676610691700728e-01,3.617526847031871107e-01,3.541147833814299872e-01,3.469059107517336593e-01,3.400835788788476033e-01,3.336114394469540390e-01,3.274571255601655961e-01,3.215930449467076513e-01,3.159944186149910572e-01,3.106401689159086210e-01,3.055111788435794784e-01,3.005905734768939963e-01,2.958640925769074892e-01,2.913105389451161042e-01,2.869388117874268063e-01,2.826285987903735530e-01,2.787501504480637826e-01,2.737000420969258330e-01,2.737000420969258330e-01
1.000000000000000000e+00,9.993980738700036781e-01,9.989790734221721813e-01,9.999626148722643437e-01,1.001085370138847130e+00,1.001474295579438900e+00,1.000513862224950312e+00,9.978299948890633209e-01,9.932458340510785799e-01,9.867375512773638446e-01,9.783922557067957770e-01,9.683730445683182975e-01,9.568869604619898439e-01,9.441589439907465131e-01,9.304082100373204378e-01,9.158322065680004620e-01,9.005949804316566443e-01,8.848244872194416244e-01,8.686131841118923669e-01,8.520250178597884583e-01,8.351016469739855896e-01,8.178718231323620635e-01,8.003570712965453193e-01,7.825795953823523332e-01,7.645658059653329675e-01,7.463530530518222017e-01,7.279923163968633482e-01,7.095556838684282663e-01,6.911400679919879053e-01,6.728773579126879900e-01,6.549407336847820060e-01,6.375592007538308792e-01,6.210278822807803190e-01,6.057286923635843978e-01,5.921460654504258070e-01,5.808944774594191340e-01,5.727355271442469142e-01,5.685923056509587514e-01,5.695148742353129956e-01,5.765664964251994151e-01,5.905822141451867457e-01,6.117564457139534895e-01,6.392537930965741522e-01,6.706048618651434534e-01,7.020248015505536898e-01,7.270777530838496983e-01,7.438520329674254139e-01,7.490290392237302086e-01,7.417763598620522592e-01,7.303221307643842364e-01,7.220624500133151491e-01,7.200552040334377013e-01,7.230292476975095362e-01,7.294805212289415808e-01,7.382211419680583253e-01,7.470942915249489946e-01,7.537579886048296762e-01,7.562951747844639527e-01,7.537055047811073161e-01,7.458032290313697521e-01,7.328773999056684696e-01,7.155108212413699986e-01,6.945102494505741575e-01,6.708144652515950490e-01,6.454175264409445223e-01,6.192791203575077619e-01,5.932517259171155022e-01,5.680209698375215943e-01,5.440797345358400205e-01,5.217288568731743847e-01,5.011034339253611636e-01,4.822113774798805208e-01,4.649747062633941552e-01,4.492664376603622833e-01,4.349376902023009972e-01,4.218371079106933985e-01,4.098206994238766110e-01,3.987582502065577517e-01,3.885338275834799848e-01,3.790468705976148822e-01,3.702096274606986315e-01,3.619470618711386201e-01,3.541938337149112548e-01,3.468943396705920779e-01,3.399999335518779642e-01,3.334693171711947124e-01,3.272660858863217781e-01,3.213594142209206805e-01,3.157218771452722228e-01,3.103303425899802126e-01,3.051639550960816294e-01,3.002052282915172454e-01,2.954374958675507479e-01,2.908480664004400307e-01,2.864160337355395325e-01,2.821515981721689492e-01,2.779364294354926268e-01,2.741367710848491290e-01,2.691773835590031139e-01,2.691773835590031139e-01
1.000000000000000000e+00,9.993846309029005281e-01,9.989205617681391480e-01,9.997958253345266000e-01,1.000762914399379033e+00,1.000961281711562512e+00,9.997864041090457343e-01,9.968703484312823049e-01,9.920392107063479292e-01,9.852679640567068020e-01,9.766413640270299457e-01,9.663182425662848463e-01,9.545022022307426690e-01,9.414140516874558440e-01,9.272703562827319113e-01,9.122650834808234688e-01,8.965598490471682336e-01,8.802784023001767322e-01,8.635092588270425473e-01,8.463096636807918571e-01,8.287143399171359448e-01,8.107416994369379681e-01,7.924025915767033412e-01,7.737047260472930121e-01,7.546597876101719393e-01,7.352862181323841506e-01,7.156161298688834549e-01,6.956983425479771332e-01,6.756073289029317364e-01,6.554486055099009167e-01,6.353721147118764900e-01,6.155824126725403245e-01,5.963599923569811168e-01,5.780808302286704059e-01,5.612524847347201140e-01,5.465498271761233262e-01,5.348651780154329849e-01,5.273267083056681903e-01,5.252557215286570713e-01,5.299301747996016942e-01,5.421421218590174451e-01,5.614378328488897063e-01,5.856355826877794879e-01,6.100719787912229908e-01,6.287843181071858245e-01,6.312873813802212242e-01,6.203218374134792379e-01,5.937088149259617254e-01,5.572965997266265958e-01,5.248630712059284553e-01,5.054121310485624186e-01,5.010100677735492836e-01,5.087411484377633020e-01,5.281892428594621158e-01,5.563617912986851266e-01,5.888167895219970083e-01,6.205563484254874584e-01,6.470377721524759318e-01,6.657132628304396338e-01,6.757964355844008342e-01,6.774625856884456399e-01,6.714947729018684308e-01,6.590982343449098835e-01,6.417053959055785128e-01,6.208051683464399506e-01,5.978164954928236741e-01,5.739817509452438404e-01,5.503022194484215035e-01,5.275079915826164090e-01,5.060674945243487377e-01,4.862244293104001081e-01,4.680502379357642795e-01,4.514997206477303071e-01,4.364583983887688201e-01,4.227799933460397175e-01,4.103097546971274379e-01,3.989000111139841542e-01,3.884158843796725047e-01,3.787391686159187199e-01,3.697667600684873546e-01,3.614108776721005056e-01,3.535957658921928259e-01,3.462574945352729361e-01,3.393407385986910163e-01,3.327989337939150638e-01,3.265914683570372845e-01,3.206842220120595388e-01,3.150471357842590248e-01,3.096550266299202270e-01,3.044854490562293736e-01,2.995196380279169235e-01,2.947406522044466737e-01,2.901337452537160466e-01,2.856866293251081879e-01,2.813802967311031522e-01,2.772250567902612151e-01,2.731061459651135670e-01,2.693847334392145410e-01,2.645151719715353456e-01,2.645151719715353456e-01
1.000000000000000000e+00,9.993719714211486416e-01,9.988643082150396868e-01,9.996354252413908181e-01,1.000453940352662219e+00,1.000473142313032193e+00,9.990986000246981913e-01,9.959690890896683024e-01,9.909122194471849943e-01,9.839020511247548173e-01,9.750193353031146870e-01,9.644189182173791286e-01,9.522993052237601619e-01,9.388776555008938596e-01,9.243663276070436252e-01,9.089565771205592171e-01,8.928060722646231628e-01,8.760353169635126669e-01,8.587271766297933651e-01,8.409331144330365326e-01,8.226786790318739717e-01,8.039725175815826130e-01,7.848116232458878239e-01,7.651890504030809392e-01,7.450970699297682076e-01,7.245337193719137980e-01,7.035051587034127918e-01,6.820331375540141794e-01,6.601588108125363563e-01,6.379537882130541515e-01,6.155282935558418211e-01,5.930499569396756598e-01,5.707622950803133977e-01,5.490214015297980588e-01,5.283399434749246337e-01,5.094595187152359816e-01,4.934237152882056665e-01,4.816227552210434748e-01,4.756836433326183111e-01,4.770095821390920032e-01,4.859238351180266702e-01,5.003363839117153100e-01,5.153945066613871973e-01,5.230179890784214525e-01,5.150881434015203153e-01,4.753252477388838493e-01,4.209706649379971188e-01,3.437500294587811922e-01,2.842644190041064278e-01,2.432158124822653977e-01,2.213556477678521039e-01,2.168927511328092583e-01,2.273416119810498237e-01,2.624330745269626841e-01,3.128772474592909636e-01,3.734275302644893268e-01,4.372270765541952375e-01,4.956606658803822119e-01,5.435160633992222046e-01,5.787613349292525244e-01,6.011016846539571912e-01,6.113779528099352323e-01,6.113005824998258841e-01,6.029875924442967827e-01,5.886440544866342606e-01,5.703349677945743768e-01,5.498445637747587655e-01,5.285976966501768626e-01,5.076392864088570267e-01,4.876578607355007144e-01,4.690413621701302049e-01,4.519498390512895480e-01,4.363872119970982344e-01,4.222647805501079654e-01,4.094469338271730097e-01,3.977838733545175365e-01,3.871285734781111931e-01,3.773475377584198376e-01,3.683226278594872172e-01,3.599529112530451824e-01,3.521516830977047818e-01,3.448462754217762605e-01,3.379744466563785465e-01,3.314842977031523530e-01,3.253310657425984576e-01,3.194774864309543050e-01,3.138910697152972884e-01,3.085448227796543930e-01,3.034149039499121070e-01,2.984815837541588412e-01,2.937271257177166972e-01,2.891369607017256205e-01,2.846970970322555972e-01,2.803973326019652546e-01,2.762193379768528301e-01,2.721751368487693723e-01,2.681523147295863385e-01,2.645086779755785877e-01,2.597266324269700832e-01,2.597266324269700832e-01
1.000000000000000000e+00,9.993598709346560582e-01,9.988107243853939776e-01,9.994817601083237912e-01,1.000159817541440122e+00,1.000011574276699067e+00,9.984536015122112973e-01,9.951301260059185472e-01,9.898707312392134305e-01,9.826469992321958946e-01,9.735360324897015527e-01,9.626870516637059394e-01,9.502939490605872841e-01,9.365686750704896868e-01,9.217201510047714486e-01,9.059354791966375275e-01,8.893694439808486063e-01,8.721378431773332274e-01,8.543190905855176931e-01,8.359571048725605857e-01,8.170693296109331483e-01,7.976522177370779509e-01,7.776895085767283611e-01,7.571560264776118210e-01,7.360242625938410166e-01,7.142663776222565319e-01,6.918603850226991980e-01,6.687923132551673033e-01,6.450645237121820363e-01,6.207008759151616539e-01,5.957611668850998354e-01,5.703551377671236544e-01,5.446735203427334193e-01,5.190288448636853902e-01,4.939323123852329966e-01,4.701957407427937441e-01,4.490631026304346407e-01,4.322569299527733722e-01,4.217675907179852524e-01,4.189520831848311810e-01,4.230142542940070749e-01,4.287116007914352211e-01,4.268707660207511356e-01,4.052817121115437349e-01,3.552727185133972010e-01,2.501666100251933589e-01,1.526848027401728203e-01,0.000000000000000000e+00,0.000000000000000000e+00,0.000000000000000000e+00,0.000000000000000000e+00,0.000000000000000000e+00,0.000000000000000000e+00,3.604355724829559626e-02,7.877715353568508216e-02,1.439316068037514162e-01,2.288803832105381908e-01,3.162654487671625048e-01,3.947149898373122356e-01,4.587259867865539076e-01,5.059478852618696232e-01,5.363238239499685811e-01,5.517326107642064326e-01,5.549685021527630546e-01,5.490580647073779463e-01,5.368558814716729577e-01,5.208084021706401723e-01,5.028573279857705414e-01,4.844262825534493278e-01,4.664665588625892534e-01,4.495398068625147125e-01,4.339137009360760078e-01,4.196570299182564301e-01,4.067169273417455266e-01,3.949789853639286696e-01,3.843044550137374449e-01,3.745548126435212510e-01,3.656016147169818264e-01,3.573328113591145994e-01,3.496516115741589714e-01,3.424770702642617737e-01,3.357404011781704445e-01,3.293847753967727998e-01,3.233617293242461721e-01,3.176313449160999003e-01,3.121592050329566881e-01,3.069170086696270117e-01,3.018800032938930844e-01,2.970278984312828552e-01,2.923426488541115975e-01,2.878095018818518369e-01,2.834150997299745289e-01,2.791479762951767363e-01,2.749987789385068271e-01,2.709515084325190282e-01,2.670186504467206290e-01,2.630917461606793184e-01,2.595241818663283628e-01,2.548275102898495126e-01,2.548275102898495126e-01
1.000000000000000000e+00,9.993487110639318605e-01,9.987598932335821633e-01,9.993357430541245368e-01,9.998815605213151603e-01,9.995788300603543064e-01,9.978541374790115270e-01,9.943578404838416818e-01,9.889200476543127394e-01,9.815103341669186854e-01,9.722005626190628469e-01,9.611348442686572513e-01,9.485009011979500526e-01,9.345062312826366568e-01,9.193549026223039045e-01,9.032309625597788605e-01,8.862850068584632313e-01,8.686295105716272946e-01,8.503370486007618689e-01,8.314454679535724368e-01,8.119623363435369834e-01,7.918732027599533208e-01,7.711460182567678734e-01,7.497381081384603130e-01,7.275983210505297949e-01,7.046724644392791115e-01,6.809042193819296873e-01,6.562410104352832674e-01,6.306361353403998615e-01,6.040584185674222617e-01,5.765003642649151328e-01,5.480002680007972637e-01,5.186724257734774968e-01,4.887716131211629067e-01,4.587942491798504552e-01,4.296442558247317578e-01,4.028223470515667759e-01,3.804965588883936212e-01,3.651094026813891391e-01,3.578183727360843003e-01,3.560007146363832753e-01,3.494395622225039411e-01,3.233905378545784970e-01,2.632750073861105933e-01,1.631344756263916618e-01,0.000000000000000000e+00,0.000000000000000000e+00,0.000000000000000000e+00,0.000000000000000000e+00,0.000000000000000000e+00,0.000000000000000000e+00,0.000000000000000000e+00,0.000000000000000000e+00,0.000000000000000000e+00,0.000000000000000000e+00,1.871649040254795560e-04,5.425524865523276979e-02,1.422256549880725751e-01,2.377992154526008262e-01,3.259573187580395714e-01,3.979063569650217458e-01,4.498081882129839615e-01,4.824765655626794825e-01,4.988988347223350939e-01,5.027957430165679309e-01,4.978206966885876938e-01,4.871333006010839517e-01,4.732390489019457913e-01,4.579742946786782842e-01,4.425765154008597935e-01,4.277950050685462302e-01,4.140176722153038336e-01,4.013862684286300664e-01,3.898941458444810659e-01,3.794546441245654211e-01,3.699492196933911181e-01,3.612527018047794747e-01,3.532491252994533482e-01,3.458354996735321096e-01,3.389249049682571124e-01,3.324435897066717605e-01,3.263310644304286412e-01,3.205362823267240979e-01,3.150177038563733989e-01,3.097399414362084769e-01,3.046742750825067181e-01,2.997958534594941660e-01,2.950845701752083383e-01,2.905226866005744535e-01,2.860959329557914432e-01,2.817913835138203260e-01,2.775987573753526672e-01,2.735078642176277386e-01,2.695119101421455388e-01,2.655959329644815847e-01,2.617745113280396940e-01,2.579418440951258273e-01,2.544486938790202490e-01,2.498338062808057869e-01,2.498338062808057869e-01
1.000000000000000000e+00,9.993382761196838437e-01,9.987123262466273133e-01,9.991978173256568230e-01,9.996206683545640903e-01,9.991766333270816203e-01,9.973033027783039239e-01,9.936558720776506037e-01,9.880655927596094790e-01,9.804985169450547433e-01,9.710218509065841053e-01,9.597730614511729152e-01,9.469344540186901416e-01,9.327076590848745186e-01,9.172929763220817323e-01,9.008701636989704387e-01,8.835870937697685168e-01,8.655517802781633740e-01,8.468327058247986372e-01,8.274603872359570511e-01,8.074343485382236008e-01,7.867275707515691829e-01,7.652938770400673496e-01,7.430706435579336189e-01,7.199841521373964159e-01,6.959499681944075755e-01,6.708771232812466012e-01,6.446678602950721704e-01,6.172231528130825984e-01,5.884453325130019063e-01,5.582510786284307081e-01,5.265885843890096840e-01,4.934817286092270106e-01,4.591066128794196732e-01,4.239423999491231387e-01,3.889997183135018299e-01,3.561117529605209997e-01,3.280256126769446889e-01,3.078265398179418910e-01,2.965050767950214161e-01,2.893487226902838882e-01,2.695095786448057362e-01,2.175865786296420357e-01,1.227886205920546564e-01,0.000000000000000000e+00,0.000000000000000000e+00,0.000000000000000000e+00,0.000000000000000000e+00,0.000000000000000000e+00,0.000000000000000000e+00,0.000000000000000000e+00,0.000000000000000000e+00,0.000000000000000000e+00,0.000000000000000000e+00,0.000000000000000000e+00,0.000000000000000000e+00,-3.193904285624449280e-02,9.991133231349026006e-03,9.471533351121835809e-02,1.933063876596311514e-01,2.848269766341949838e-01,3.567387404322410749e-01,4.066316654020599164e-01,4.367540104386083977e-01,4.511176949310676809e-01,4.540404008926018919e-01,4.493504818843756521e-01,4.401044804130362920e-01,4.285463041769985715e-01,4.161933868304860673e-01,4.039811618138283156e-01,3.924157711037496443e-01,3.817166044101011346e-01,3.719265743259548840e-01,3.629951909493522866e-01,3.548290617601655983e-01,3.473247851519763452e-01,3.403827130075230967e-01,3.339157322182612075e-01,3.278489319654225853e-01,3.221209464352351448e-01,3.166803662138412689e-01,3.114859112859006407e-01,3.065028599021254463e-01,3.017035183163230827e-01,2.970642140755139771e-01,2.925661548441402249e-01,2.881929086214103375e-01,2.839315170085317530e-01,2.797703261767294225e-01,2.757001978785877383e-01,2.717126612691823651e-01,2.678005739720568656e-01,2.639583792146124042e-01,2.601738047107635676e-01,2.564622037922761888e-01,2.527220226671905712e-01,2.493003459457779347e-01,2.447638443106283368e-01,2.447638443106283368e-01
1.000000000000000000e+00,9.993289960446274378e-01,9.986681400989267932e-01,9.990689549796629709e-01,9.993781030946615740e-01,9.988070720203717778e-01,9.968033987918797356e-01,9.930279147590892475e-01,9.873115895440043310e-01,9.796176303781589656e-01,9.700070970202476772e-01,9.586115894343435473e-01,9.456065844461668535e-01,9.311888998632553704e-01,9.155538440724459992e-01,8.988783475431605385e-01,8.813065453715676068e-01,8.629438687837666100e-01,8.438537903741853974e-01,8.240616876974959926e-01,8.035580265105912723e-01,7.823055684398098064e-01,7.602426666156267832e-01,7.372890438970793880e-01,7.133464009645997805e-01,6.883018904277851124e-01,6.620265191763144985e-01,6.343778020639748716e-01,6.051982468800070070e-01,5.743210096461131009e-01,5.415756798676104600e-01,5.068122339722961334e-01,4.699460691909803645e-01,4.310624123892851101e-01,3.906062241306948457e-01,3.496989767434531271e-01,3.105328967675945462e-01,2.765215627497787376e-01,2.515390185735453810e-01,2.365229617356410796e-01,2.246730639294798326e-01,1.894763813385366147e-01,1.072677770955538790e-01,0.000000000000000000e+00,0.000000000000000000e+00,0.000000000000000000e+00,0.000000000000000000e+00,0.000000000000000000e+00,0.000000000000000000e+00,0.000000000000000000e+00,0.000000000000000000e+00,0.000000000000000000e+00,0.000000000000000000e+00,0.000000000000000000e+00,0.000000000000000000e+00,0.000000000000000000e+00,0.000000000000000000e+00,-4.683461584587072374e-02,-1.205621677740691469e-02,7.426293846055531667e-02,1.754225350296866603e-01,2.628442665249787757e-01,3.279760693602172261e-01,3.710399225294168102e-01,3.956928133007526771e-01,4.066393080751607991e-01,4.082354057327304830e-01,4.040101372468454799e-01,3.965609125093959020e-01,3.876504815107435498e-01,3.783744857092358194e-01,3.693462790770780657e-01,3.608560062821891679e-01,3.529993519925040402e-01,3.457642939932533688e-01,3.390905499085662411e-01,3.329004485864267560e-01,3.271182690687083894e-01,3.216754980737163150e-01,3.165151867823017828e-01,3.115895474628483375e-01,3.068607425459080607e-01,3.022973551634032252e-01,2.978749571100693383e-01,2.935729739355255608e-01,2.893755848217481885e-01,2.852690947945067390e-01,2.812431014593846923e-01,2.772882484418688342e-01,2.733975446470760517e-01,2.695643433759289942e-01,2.657838144532669311e-01,2.620505077038436381e-01,2.583617875896241367e-01,2.547066973747067475e-01,2.511029808532634355e-01,2.474519487925403716e-01,2.440988465730732915e-01,2.396358949190326992e-01,2.396358949190326992e-01
1.000000000000000000e+00,9.993206433749716178e-01,9.986278733036993982e-01,9.989495396979111153e-01,9.991552061707745791e-01,9.984714489169874696e-01,9.963568118357198911e-01,9.924764545614149780e-01,9.866618541153300281e-01,9.788719412160187261e-01,9.691624587421897585e-01,9.576577478138096344e-01,9.445274935292117258e-01,9.299624664821874998e-01,9.141543926814836851e-01,8.972763884265174683e-01,8.794707373594720101e-01,8.608395442768126404e-01,8.414436324667896594e-01,8.213026413529923575e-01,8.004007510234297795e-01,7.786899313705786252e-01,7.560961867957857185e-01,7.325209227155624614e-01,7.078446272670849693e-01,6.819250647694562462e-01,6.545985303899393148e-01,6.256759712745126878e-01,5.949439036885283416e-01,5.621623742932175816e-01,5.270739220040723261e-01,4.894220326670911114e-01,4.490084043001461023e-01,4.058105990593677825e-01,3.602223688059329465e-01,3.134396147813391376e-01,2.679696982948163719e-01,2.278232996040137071e-01,1.975663377278391031e-01,1.779591665681113655e-01,1.597340706566220681e-01,9.859780786065584779e-02,0.000000000000000000e+00,0.000000000000000000e+00,0.000000000000000000e+00,0.000000000000000000e+00,0.000000000000000000e+00,0.000000000000000000e+00,0.000000000000000000e+00,0.000000000000000000e+00,0.000000000000000000e+00,0.000000000000000000e+00,0.000000000000000000e+00,0.000000000000000000e+00,0.000000000000000000e+00,0.000000000000000000e+00,0.000000000000000000e+00,0.000000000000000000e+00,-5.288425008041839487e-02,-1.479686115770811536e-02,7.990867967949286110e-02,1.748608729101361614e-01,2.509630292048959377e-01,3.047660318596345230e-01,3.385696658318845254e-01,3.570367766815086275e-01,3.647997068373055596e-01,3.657032731022143435e-01,3.625951081519415697e-01,3.574092295419631915e-01,3.513575653256846287e-01,3.451314291122637989e-01,3.390815091828149330e-01,3.333505580998145090e-01,3.279693181446219907e-01,3.229128347149074485e-01,3.181365869738300711e-01,3.135915623335741031e-01,3.092343029752147587e-01,3.050272754316973312e-01,3.009411850511224951e-01,2.969519976323191091e-01,2.930418985100504137e-01,2.891962045624381084e-01,2.854044217440946385e-01,2.816575903805259018e-01,2.779495657914382578e-01,2.742747481601922055e-01,2.706294948419647461e-01,2.670101304494377215e-01,2.634143751817685231e-01,2.598396369902269409e-01,2.562838689362841871e-01,2.527459379696951891e-01,2.492178109237297434e-01,2.457182346775575454e-01,2.421529175837255077e-01,2.388642058860857842e-01,2.344702099711947207e-01,2.344702099711947207e-01
1.000000000000000000e+00,9.993136714873809279e-01,9.985916079955964308e-01,9.988404472346700258e-01,9.989526177698706544e-01,9.981712618943284765e-01,9.959648094197750545e-01,9.920036681297034198e-01,9.861184504878285351e-01,9.782647073936948656e-01,9.684915083153482485e-01,9.569169810071996851e-01,9.437037785067848850e-01,9.290379712009851909e-01,9.131066901007440784e-01,8.960810454630552258e-01,8.781007637144252476e-01,8.592669875942515745e-01,8.396374922324740808e-01,8.192291259030234363e-01,7.980196603688961554e-01,7.759538383613189261e-01,7.529454898744784019e-01,7.288819827660815154e-01,7.036231533378227709e-01,6.770025012073479509e-01,6.488226456585263202e-01,6.188539871353411215e-01,5.868284980509190785e-01,5.524397998190088144e-01,5.153445712251127908e-01,4.751855180242156584e-01,4.316472374830264691e-01,3.845933333529677478e-01,3.343322115005560868e-01,2.820590190943692011e-01,2.304261005127024309e-01,1.837281246675920576e-01,1.466088450392624420e-01,1.193155304407571143e-01,8.760672487005903564e-02,0.000000000000000000e+00,0.000000000000000000e+00,0.000000000000000000e+00,0.000000000000000000e+00,0.000000000000000000e+00,0.000000000000000000e+00,0.000000000000000000e+00,0.000000000000000000e+00,0.000000000000000000e+00,0.000000000000000000e+00,0.000000000000000000e+00,0.000000000000000000e+00,0.000000000000000000e+00,0.000000000000000000e+00,0.000000000000000000e+00,0.000000000000000000e+00,0.000000000000000000e+00,0.000000000000000000e+00,-5.490942973824603640e-02,1.093020879186617882e-02,1.015953959656376859e-01,1.813037304622324153e-01,2.417125431847908790e-01,2.822834773030174493e-01,3.069843610344760165e-01,3.202994347682251997e-01,3.261251845962523932e-01,3.273809523194601279e-01,3.260595936652821991e-01,3.234146774934103519e-01,3.201767908787531147e-01,3.167337626713178644e-01,3.132699922360603351e-01,3.098557663838897858e-01,3.065065315313426075e-01,3.032125012658768437e-01,2.999576099910306604e-01,2.967247362521807097e-01,2.935008267947746829e-01,2.902752570487747708e-01,2.870416595010901739e-01,2.837951886396006262e-01,2.805339373306381390e-01,2.772563985644823092e-01,2.739629658639404219e-01,2.706537176924449506e-01,2.673299936359465057e-01,2.639924309917858203e-01,2.606425636553485470e-01,2.572810056281589763e-01,2.539091258005849450e-01,2.505268032692831714e-01,2.471360152313599179e-01,2.437301932808242366e-01,2.403306476349057752e-01,2.368460168209616246e-01,2.336175836628727465e-01,2.292865694512649655e-01,2.292865694512649655e-01
1.000000000000000000e+00,9.993078220297695324e-01,9.985598406742984823e-01,9.987418597405482990e-01,9.987712677769914338e-01,9.979070073643494521e-01,9.956285137763988269e-01,9.916101420609285677e-01,9.856826054754240785e-01,9.777967556629146850e-01,9.679960651617779410e-01,9.563912202245178351e-01,9.431391478176648357e-01,9.284201690170629240e-01,9.124185158049660238e-01,8.953025395658845698e-01,8.772116579264493952e-01,8.582456795130704030e-01,8.384622440785777231e-01,8.178754644125295625e-01,7.964603862935324408e-01,7.741551055311229890e-01,7.508659280721945439e-01,7.264675338381945124e-01,7.008050888594604677e-01,6.736904003661360330e-01,6.449002981633523701e-01,6.141691555341245445e-01,5.811850642956500890e-01,5.455827628694577269e-01,5.069476442510129077e-01,4.648329843834331232e-01,4.188239352810742000e-01,3.686803632067029990e-01,3.146348672748752184e-01,2.578796877121168896e-01,2.012554489642425226e-01,1.495792465909115687e-01,1.084085529846141038e-01,8.066470622119253919e-02,3.495460280354920762e-02,0.000000000000000000e+00,0.000000000000000000e+00,0.000000000000000000e+00,0.000000000000000000e+00,0.000000000000000000e+00,0.000000000000000000e+00,0.000000000000000000e+00,0.000000000000000000e+00,0.000000000000000000e+00,0.000000000000000000e+00,0.000000000000000000e+00,0.000000000000000000e+00,0.000000000000000000e+00,0.000000000000000000e+00,0.000000000000000000e+00,0.000000000000000000e+00,0.000000000000000000e+00,0.000000000000000000e+00,-6.075769705773795964e-02,-4.238146348574046984e-02,4.327214414047794722e-02,1.214951022436781825e-01,1.845702226528758150e-01,2.290750325915446306e-01,2.582315698743314902e-01,2.760918607017243120e-01,2.863422850897660021e-01,2.917747235910604919e-01,2.942979808127986208e-01,2.951208327330099301e-01,2.949581744708674735e-01,2.942104759987465568e-01,2.930891254943444046e-01,2.917029244863807436e-01,2.901057965003691064e-01,2.883272767395461678e-01,2.863844564343823729e-01,2.842911710426745953e-01,2.820585693347590350e-01,2.796983922559755364e-01,2.772210074404039548e-01,2.746374724402572132e-01,2.719573309737090550e-01,2.691904912138174399e-01,2.663451903402613286e-01,2.634298259981924795e-01,2.604511025952339631e-01,2.574158064667583234e-01,2.543291015453185699e-01,2.511962036285000366e-01,2.480208863526122687e-01,2.448065486800661550e-01,2.415567589893604372e-01,2.382679354128664773e-01,2.349624976405225718e-01,2.315534549345252546e-01,2.283799539093412378e-01,2.241062667872328884e-01,2.241062667872328884e-01
1.000000000000000000e+00,9.993035477867900918e-01,9.985325580934252265e-01,9.986544218953862240e-01,9.986112512465530333e-01,9.976792479120974999e-01,9.953476788099858696e-01,9.912958844011198201e-01,9.853533826004113871e-01,9.774674372034813929e-01,9.676747181878323500e-01,9.560797654134606249e-01,9.428327115065124886e-01,9.281097228935190069e-01,9.120913027507434601e-01,8.949451166045482298e-01,8.768098146924021563e-01,8.577866012189514500e-01,8.379330086149952006e-01,8.172639649357120728e-01,7.957524466918318717e-01,7.733345129203063051e-01,7.499105223107394025e-01,7.253485761889072458e-01,6.994822445172439451e-01,6.721100208966813705e-01,6.429885369599741551e-01,6.118280631146705284e-01,5.782825656595010910e-01,5.419452192944581581e-01,5.023457884974668053e-01,4.589709311941848613e-01,4.113226467759685256e-01,3.590658907633646479e-01,3.023240218484228303e-01,2.421712490355533154e-01,1.813721035918200442e-01,1.247427511046194926e-01,7.864045418359801032e-02,4.774157618217936966e-02,0.000000000000000000e+00,0.000000000000000000e+00,0.000000000000000000e+00,0.000000000000000000e+00,0.000000000000000000e+00,0.000000000000000000e+00,0.000000000000000000e+00,0.000000000000000000e+00,0.000000000000000000e+00,0.000000000000000000e+00,0.000000000000000000e+00,0.000000000000000000e+00,0.000000000000000000e+00,0.000000000000000000e+00,0.000000000000000000e+00,0.000000000000000000e+00,0.000000000000000000e+00,0.000000000000000000e+00,0.000000000000000000e+00,0.000000000000000000e+00,-5.212794094507329501e-02,1.532969674087002014e-02,7.994741849663941635e-02,1.380966811988018628e-01,1.819143112381980398e-01,2.128180427149954923e-01,2.336881485370316536e-01,2.475362317783927346e-01,2.567268350476192285e-01,2.629031687508566750e-01,2.671160234386160681e-01,2.700052255573235360e-01,2.719483862763479864e-01,2.731709690929118861e-01,2.738113035709579535e-01,2.739624336664593374e-01,2.736908735978665352e-01,2.730500236429633243e-01,2.720832448379743584e-01,2.708289001513012884e-01,2.693194991212033984e-01,2.675846975514261650e-01,2.656496903237873797e-01,2.635376700630329139e-01,2.612681427580966220e-01,2.588591431282825095e-01,2.563255942977507584e-01,2.536813464679819607e-01,2.509375993232077495e-01,2.481047996686064072e-01,2.451910977935584379e-01,2.422042285766895509e-01,2.391495108865153152e-01,2.360335939156792406e-01,2.328543452071097364e-01,2.296367641744710975e-01,2.262966865481706447e-01,2.231729111692700163e-01,2.189496238367923397e-01,2.189496238367923397e-01
1.000000000000000000e+00,9.993005436563958677e-01,9.985101553812582020e-01,9.985780007811331238e-01,9.984728899260818524e-01,9.974873891137556736e-01,9.951217618039696067e-01,9.910590576678465213e-01,9.851287330644095119e-01,9.772732716843042233e-01,9.675238440458068245e-01,9.559777788074784732e-01,9.427799440942387088e-01,9.281014589877947252e-01,9.121209948608081097e-01,8.950049391848607927e-01,8.768936429924140130e-01,8.578895748375751085e-01,8.380534121735239150e-01,8.174014052731617408e-01,7.959087528162784864e-01,7.735109073943327029e-01,7.501080364550767321e-01,7.255645722969833455e-01,6.997104768803654729e-01,6.723363484156423819e-01,6.431901694949152537e-01,6.119677930463059967e-01,5.783062798964545559e-01,5.417736140540916345e-01,5.018687023499157629e-01,4.580339796874609570e-01,4.097120378408355412e-01,3.564735013114103124e-01,2.982865991635618719e-01,2.359433832777439455e-01,1.717808246893595125e-01,1.099477977083185287e-01,5.751556310462170585e-02,1.866124421894971644e-02,0.000000000000000000e+00,0.000000000000000000e+00,0.000000000000000000e+00,0.000000000000000000e+00,0.000000000000000000e+00,0.000000000000000000e+00,0.000000000000000000e+00,0.000000000000000000e+00,0.000000000000000000e+00,0.000000000000000000e+00,0.000000000000000000e+00,0.000000000000000000e+00,0.000000000000000000e+00,0.000000000000000000e+00,0.000000000000000000e+00,0.000000000000000000e+00,0.000000000000000000e+00,0.000000000000000000e+00,0.000000000000000000e+00,0.000000000000000000e+00,-4.155699263568600477e-02,4.555031975267034849e-03,5.301606668786324611e-02,1.019238780574140968e-01,1.416474650084560416e-01,1.719162082087006826e-01,1.942672025847872186e-01,2.107776314649634497e-01,2.231706345097853594e-01,2.326670321643553863e-01,2.400646631732939185e-01,2.458680022482331584e-01,2.504030261059677076e-01,2.538901817509707226e-01,2.564916837904976377e-01,2.583331039232812931e-01,2.595183008664426194e-01,2.601334378505130718e-01,2.602529763737291835e-01,2.599396849534919562e-01,2.592485839511228241e-01,2.582261000166508058e-01,2.569132859038758543e-01,2.553446772719623059e-01,2.535510434773312616e-01,2.515580954806523328e-01,2.493888855960896822e-01,2.470624502631318109e-01,2.445959444582106179e-01,2.420032767021471909e-01,2.392970165076692135e-01,2.364871544950700455e-01,2.335823666298894319e-01,2.305907744196081521e-01,2.275130994751000391e-01,2.243754119541220837e-01,2.210976946426247980e-01,2.180173093402166529e-01,2.138379174406957461e-01,2.138379174406957461e-01
1.000000000000000000e+00,9.992992407523488829e-01,9.984924765969734883e-01,9.985129091616455899e-01,9.983555802959539482e-01,9.973308310815786060e-01,9.949487055157256732e-01,9.908971077136955463e-01,9.850042260702370767e-01,9.772090694980332115e-01,9.675362545222199184e-01,9.560774004471090937e-01,9.429711897361278128e-01,9.283854562219238105e-01,9.124963244064052681e-01,8.954711019419737683e-01,8.774514945960162349e-01,8.585441053108592291e-01,8.388129818596193887e-01,8.182795060083306593e-01,7.969221628617960684e-01,7.746809254736075623e-01,7.514581426051585300e-01,7.271216823029762466e-01,7.015024629441539705e-01,6.743934476794238853e-01,6.455423105113825555e-01,6.146459111980087098e-01,5.813390816952579421e-01,5.451880547211757078e-01,5.056844748901709874e-01,4.622583856628030285e-01,4.143194619657256106e-01,3.613638432953232282e-01,3.031870890271245456e-01,2.402256951612175839e-01,1.742286240567577360e-01,1.085365922971956998e-01,5.086925856652708966e-02,5.802130538722181409e-03,0.000000000000000000e+00,0.000000000000000000e+00,0.000000000000000000e+00,0.000000000000000000e+00,0.000000000000000000e+00,0.000000000000000000e+00,0.000000000000000000e+00,0.000000000000000000e+00,0.000000000000000000e+00,0.000000000000000000e+00,0.000000000000000000e+00,0.000000000000000000e+00,0.000000000000000000e+00,0.000000000000000000e+00,0.000000000000000000e+00,0.000000000000000000e+00,0.000000000000000000e+00,0.000000000000000000e+00,0.000000000000000000e+00,0.000000000000000000e+00,-3.305108446996266047e-02,1.212613663374135326e-04,3.564922705382225082e-02,7.448979432584253157e-02,1.083099908074184325e-01,1.362177871438636501e-01,1.587393671776927140e-01,1.769978820464968294e-01,1.919662923830329770e-01,2.043462840876073550e-01,2.146099534729049296e-01,2.230857310348502709e-01,2.300198307688444410e-01,2.356154870774409549e-01,2.400472828286932259e-01,2.434699695016864507e-01,2.460182253304727951e-01,2.478102920153771593e-01,2.489470595525295205e-01,2.495160815893377182e-01,2.495912123527093407e-01,2.492365600016601956e-01,2.485060005700114316e-01,2.474465942233829985e-01,2.460977831089022350e-01,2.444942635118633745e-01,2.426649475464354166e-01,2.406354165353754015e-01,2.384267518674057507e-01,2.360576912892513313e-01,2.335433783796203033e-01,2.308974175265358364e-01,2.281301381534419082e-01,2.252524801086715212e-01,2.222664222694458180e-01,2.192004615354174180e-01,2.159771239881814187e-01,2.129340366708210863e-01,2.087909147940249233e-01,2.087909147940249233e-01
1.000000000000000000e+00,9.992992765026245117e-01,9.984797718274788236e-01,9.984586262907426679e-01,9.982589181562842029e-01,9.972077379983536050e-01,9.948261041493989820e-01,9.908055369755360831e-01,9.849742391322845458e-01,9.772666818147146550e-01,9.677024178591179249e-01,9.563664365210000629e-01,9.433929177720540293e-01,9.289456185552514844e-01,9.132000916937168533e-01,8.963240165741745979e-01,8.784629354949270441e-01,8.597274821014853075e-01,8.401883348342362723e-01,8.198726028184804004e-01,7.987664316758653626e-01,7.768159863235326590e-01,7.539318058481041529e-01,7.299886174643601677e-01,7.048268625046181235e-01,6.782482860135170544e-01,6.500130024171592025e-01,6.198304266463868784e-01,5.873527094283244043e-01,5.521640061908412722e-01,5.137777054015993938e-01,4.716398026757419593e-01,4.251600449976749019e-01,3.737781171586870288e-01,3.171081887787912668e-01,2.551512694392320535e-01,1.888478914576444678e-01,1.203479467354567067e-01,5.694037236232396548e-02,3.673195261556178818e-03,0.000000000000000000e+00,0.000000000000000000e+00,0.000000000000000000e+00,0.000000000000000000e+00,0.000000000000000000e+00,0.000000000000000000e+00,0.000000000000000000e+00,0.000000000000000000e+00,0.000000000000000000e+00,0.000000000000000000e+00,0.000000000000000000e+00,0.000000000000000000e+00,0.000000000000000000e+00,0.000000000000000000e+00,0.000000000000000000e+00,0.000000000000000000e+00,0.000000000000000000e+00,0.000000000000000000e+00,0.000000000000000000e+00,0.000000000000000000e+00,-2.112086631685554036e-02,3.236305717788721774e-03,2.760616132367309239e-02,5.561557959635048815e-02,8.210251240581117882e-02,1.062462989789364071e-01,1.278127651216901806e-01,1.469623695917422479e-01,1.638552523351046175e-01,1.786101498857180225e-01,1.913338212945454864e-01,2.021496223534548220e-01,2.112098629285718565e-01,2.186865861989075177e-01,2.247605762255259210e-01,2.296063859466301316e-01,2.333862006108322340e-01,2.362433369983230336e-01,2.383036078181506312e-01,2.396740872881243656e-01,2.404471843774552142e-01,2.407006446310377135e-01,2.405016285209048976e-01,2.399064912146622597e-01,2.389642192166923085e-01,2.377158124832997599e-01,2.361971304538803829e-01,2.344379992322379869e-01,2.324646216926188336e-01,2.302985397502096965e-01,2.279587153043679537e-01,2.254605442871736587e-01,2.228172742317925670e-01,2.200409930650271961e-01,2.171362082776052416e-01,2.141323009575788194e-01,2.109555251208313775e-01,2.079426693397932180e-01,2.038287379815312828e-01,2.038287379815312828e-01
1.000000000000000000e+00,9.993010441488390239e-01,9.984717137830113609e-01,9.984150765635587677e-01,9.981815346877633832e-01,9.971162637046284694e-01,9.947500096228591993e-01,9.907791430604149241e-01,9.850307696966840165e-01,9.774362872304975802e-01,9.680092680207789124e-01,9.568297191774535193e-01,9.440265026996064179e-01,9.297611264176958157e-01,9.142078806623840093e-01,8.975369682205320832e-01,8.798973604961751738e-01,8.614064478596568097e-01,8.421416538082210357e-01,8.221394205717307280e-01,8.013944972805568945e-01,7.798641277994310395e-01,7.574692951284928144e-01,7.340984124081260109e-01,7.096058788044626864e-01,6.838121565190822260e-01,6.564979735394367300e-01,6.274003563567490671e-01,5.962032142607878171e-01,5.625317568288024095e-01,5.259447280010461911e-01,4.859371459881684507e-01,4.419499807361857435e-01,3.934005656745379054e-01,3.397357973084299543e-01,2.805026876652837453e-01,2.156778174475690035e-01,1.458474787232848513e-01,7.634010005529739962e-02,1.190081099102931542e-02,0.000000000000000000e+00,0.000000000000000000e+00,0.000000000000000000e+00,0.000000000000000000e+00,0.000000000000000000e+00,0.000000000000000000e+00,0.000000000000000000e+00,0.000000000000000000e+00,0.000000000000000000e+00,0.000000000000000000e+00,0.000000000000000000e+00,0.000000000000000000e+00,0.000000000000000000e+00,0.000000000000000000e+00,0.000000000000000000e+00,0.000000000000000000e+00,0.000000000000000000e+00,0.000000000000000000e+00,0.000000000000000000e+00,0.000000000000000000e+00,4.033372485907871577e-03,1.780339046302101963e-02,2.958993694957454818e-02,4.503290487256950830e-02,6.281216213112213176e-02,8.210790667492301464e-02,1.018581090594350563e-01,1.211864925213088501e-01,1.393925649162390534e-01,1.559919203260538012e-01,1.707138904307251848e-01,1.834739740307557709e-01,1.943230401581577393e-01,2.033981272075339741e-01,2.108767615595005529e-01,2.169485024905480064e-01,2.217940632568946580e-01,2.255783259498326809e-01,2.284449377446093055e-01,2.305187156249284275e-01,2.319053144533107236e-01,2.326956189676459841e-01,2.329660303111827646e-01,2.327824779135141964e-01,2.322002887148570671e-01,2.312674853790946672e-01,2.300242344915364168e-01,2.285055676202327746e-01,2.267405600905547935e-01,2.247546485810592576e-01,2.225686438214960206e-01,2.202008924601109030e-01,2.176657935883843931e-01,2.149777796150753595e-01,2.121422616657991367e-01,2.091907350972966873e-01,2.060515458781906895e-01,2.030622299264144559e-01,1.989694751548077845e-01,1.989694751548077845e-01
1.000000000000000000e+00,9.993041194077895151e-01,9.984683836567684878e-01,9.983813266232711703e-01,9.981222717480676687e-01,9.970533291227156036e-01,9.947161776556461277e-01,9.908108477191169827e-01,9.851647493563363556e-01,9.777052659958384018e-01,9.684416153041235376e-01,9.574480162288485641e-01,9.448497669755302475e-01,9.308053712098821597e-01,9.154897757660094282e-01,8.990750745780206055e-01,8.817159397773073337e-01,8.635362072427281710e-01,8.446229444440203071e-01,8.250221987447763361e-01,8.047411710916881900e-01,7.837493794819700987e-01,7.619834916590983998e-01,7.393482771218462535e-01,7.157194733557082911e-01,6.909413928145655692e-01,6.648262138214420247e-01,6.371478773437351251e-01,6.076385459902451380e-01,5.759806046813056302e-01,5.418034938637874554e-01,5.046776527049466887e-01,4.641136384379818125e-01,4.195488743604963155e-01,3.703230482124482692e-01,3.155983590208497058e-01,2.544222584975918133e-01,1.857204836047043062e-01,1.115456098834513576e-01,3.521195967140008931e-02,0.000000000000000000e+00,0.000000000000000000e+00,0.000000000000000000e+00,0.000000000000000000e+00,0.000000000000000000e+00,0.000000000000000000e+00,0.000000000000000000e+00,0.000000000000000000e+00,0.000000000000000000e+00,0.000000000000000000e+00,0.000000000000000000e+00,0.000000000000000000e+00,0.000000000000000000e+00,0.000000000000000000e+00,0.000000000000000000e+00,0.000000000000000000e+00,0.000000000000000000e+00,0.000000000000000000e+00,0.000000000000000000e+00,0.000000000000000000e+00,5.154302859927390595e-02,4.672478603617732928e-02,4.099314362641724718e-02,4.146780135377357845e-02,4.950397788310009761e-02,6.339845769651022978e-02,8.087910664505909564e-02,9.990981914729274438e-02,1.189243532461547320e-01,1.368607382906483483e-01,1.531021789412566336e-01,1.673731567286914357e-01,1.796336987483651282e-01,1.899837577311999648e-01,1.985954442917337859e-01,2.056645116467790690e-01,2.113855895114659933e-01,2.159365438786982616e-01,2.194755691358027949e-01,2.221385556081242330e-01,2.240427854474534852e-01,2.252872921511385740e-01,2.259572685596764052e-01,2.261243942277123831e-01,2.258505934287198813e-01,2.251878661373372947e-01,2.241813502221030041e-01,2.228687668087757923e-01,2.212829593616462143e-01,2.194511140633671198e-01,2.173969170191959177e-01,2.151397855837573481e-01,2.126963710004521335e-01,2.100817610381584266e-01,2.073034078191712259e-01,2.043933756389753054e-01,2.012831477927255752e-01,1.983098978092351639e-01,1.942309838778250308e-01,1.942309838778250308e-01
1.000000000000000000e+00,9.993088475139315641e-01,9.984692752171289154e-01,9.983569041165362146e-01,9.980790187032437810e-01,9.970159042796949977e-01,9.947189086999653762e-01,9.908930223629521805e-01,9.853649437390187282e-01,9.780596221847218663e-01,9.689811220763517863e-01,9.581996014966551733e-01,9.458360415227488049e-01,9.320477333164782774e-01,9.170095283142026821e-01,9.008973521269048046e-01,8.838709471853748445e-01,8.660629045357154387e-01,8.475696473845658607e-01,8.284497804653484510e-01,8.087232672184477833e-01,7.883757973518713547e-01,7.673609605271958234e-01,7.456051494453026507e-01,7.230081355879889315e-01,6.994454298156868033e-01,6.747657227610551756e-01,6.487904934219332898e-01,6.213090214685661472e-01,5.920766088631476132e-01,5.608081836617582194e-01,5.271735255627819638e-01,4.907784054773440263e-01,4.511227132369294290e-01,4.074966226959449989e-01,3.587758341475145718e-01,3.032021991737250954e-01,2.381606254702867131e-01,1.620155519225526808e-01,7.620487363105567236e-02,4.349299332463617447e-03,0.000000000000000000e+00,0.000000000000000000e+00,0.000000000000000000e+00,0.000000000000000000e+00,0.000000000000000000e+00,0.000000000000000000e+00,0.000000000000000000e+00,0.000000000000000000e+00,0.000000000000000000e+00,0.000000000000000000e+00,0.000000000000000000e+00,0.000000000000000000e+00,0.000000000000000000e+00,0.000000000000000000e+00,0.000000000000000000e+00,0.000000000000000000e+00,0.000000000000000000e+00,0.000000000000000000e+00,2.892320436654208932e-02,8.359190905170939268e-02,6.751172396676782816e-02,4.907579469619744589e-02,3.853699688043643601e-02,3.912291037861075765e-02,4.878221626026840035e-02,6.440091422079925743e-02,8.307544886445690502e-02,1.025799260041017069e-01,1.214186488569055644e-01,1.387154375586596711e-01,1.540557747630608432e-01,1.673301586772278915e-01,1.786111501493673204e-01,1.880619710961056179e-01,1.958815638584135710e-01,2.022697856592649557e-01,2.074132907377280455e-01,2.114770477688676098e-01,2.146053222997195142e-01,2.169210741428677092e-01,2.185302418632595611e-01,2.195223122316763142e-01,2.199744421752539703e-01,2.199516563130053948e-01,2.195102480699819558e-01,2.186975097796242939e-01,2.175545161336319422e-01,2.161155334547129880e-01,2.144103656053663043e-01,2.124635631210298470e-01,2.102966022741834806e-01,2.079266146660720682e-01,2.053704020063273350e-01,2.026358456813469044e-01,1.997566836996867434e-01,1.966659039331656589e-01,1.937017667634725049e-01,1.896286315841919645e-01,1.896286315841919645e-01
1.000000000000000000e+00,9.993147450088625261e-01,9.984742975480673799e-01,9.983404854267354800e-01,9.980499210621810446e-01,9.969998031119133852e-01,9.947523490153856729e-01,9.910163748318103760e-01,9.856193546778385661e-01,9.784829748013805784e-01,9.696078534483436595e-01,9.590593681588036601e-01,9.469559310039316058e-01,9.334528493341454070e-01,9.187266264207314403e-01,9.029562040479115481e-01,8.863082703262360473e-01,8.689234683956262861e-01,8.509098085612912810e-01,8.323380730614929890e-01,8.132438058085306176e-01,7.936290147928094507e-01,7.734678396549681256e-01,7.527092041030734038e-01,7.312816460517238548e-01,7.090938897493432869e-01,6.860374196003961034e-01,6.619848493473569073e-01,6.367909935942964728e-01,6.102897637501553119e-01,5.822929128637750473e-01,5.525786363802220880e-01,5.208661178910294343e-01,4.867410562607953906e-01,4.494968404604274270e-01,4.078201602422518168e-01,3.593577524108624299e-01,3.002885752623729587e-01,2.261593830488287660e-01,1.355334519223184986e-01,3.907411785587103226e-02,0.000000000000000000e+00,0.000000000000000000e+00,0.000000000000000000e+00,0.000000000000000000e+00,0.000000000000000000e+00,0.000000000000000000e+00,0.000000000000000000e+00,0.000000000000000000e+00,0.000000000000000000e+00,0.000000000000000000e+00,0.000000000000000000e+00,0.000000000000000000e+00,0.000000000000000000e+00,0.000000000000000000e+00,0.000000000000000000e+00,0.000000000000000000e+00,0.000000000000000000e+00,0.000000000000000000e+00,8.215057362804858987e-02,9.892476443350799176e-02,7.612322571411464511e-02,5.036129784731840225e-02,3.390143445077931084e-02,3.032731360025787623e-02,3.758669399095837527e-02,5.214449548738990525e-02,7.061481430273579274e-02,9.039760351929100601e-02,1.097515960921809780e-01,1.276597085962777878e-01,1.436308521266401461e-01,1.575192228344294842e-01,1.693791601178110118e-01,1.793679407839092188e-01,1.876814075822610117e-01,1.945208992937350057e-01,2.000737239380191990e-01,2.045082006957122112e-01,2.079702480915162910e-01,2.105865272066952398e-01,2.124647416592745641e-01,2.136978580282209161e-01,2.143645547474116175e-01,2.145328994623321439e-01,2.142603468506606434e-01,2.135967520746672732e-01,2.125839843320239952e-01,2.112584232899363534e-01,2.096503371449899289e-01,2.077860019725933372e-01,2.056870906922790287e-01,2.033721792079754564e-01,2.008581276049536124e-01,1.981542620919185538e-01,1.952944831514917823e-01,1.922141975162323380e-01,1.892516508569096756e-01,1.851770396997403367e-01,1.851770396997403367e-01
1.000000000000000000e+00,9.993221051190790405e-01,9.984827776043356806e-01,9.983312362198349943e-01,9.980322274464831223e-01,9.970009971555762185e-01,9.948093676680583863e-01,9.911713247780402636e-01,9.859141969935207861e-01,9.789580609065680061e-01,9.702993911381235792e-01,9.600005318832343093e-01,9.481766041809688295e-01,9.349826071264066840e-01,9.205958290916557152e-01,9.051998388075309654e-01,8.889673165458239490e-01,8.720486612944436944e-01,8.545625968194887623e-01,8.365940744648546756e-01,8.181935783207237023e-01,7.993818453930731094e-01,7.801532416614708199e-01,7.604821101957062179e-01,7.403257719551490368e-01,7.196295316446377210e-01,6.983279476982459100e-01,6.763484734374337615e-01,6.536116288163538179e-01,6.300335047969095603e-01,6.055220952052403627e-01,5.799676999990068804e-01,5.532048828286095787e-01,5.249213440478429638e-01,4.944529560414305802e-01,4.604044410809114973e-01,4.200784717673139990e-01,3.688993813766256458e-01,3.006547811989550567e-01,2.106428085175758858e-01,1.024042340823968222e-01,1.378414819133118308e-02,0.000000000000000000e+00,0.000000000000000000e+00,0.000000000000000000e+00,0.000000000000000000e+00,0.000000000000000000e+00,0.000000000000000000e+00,0.000000000000000000e+00,0.000000000000000000e+00,0.000000000000000000e+00,0.000000000000000000e+00,0.000000000000000000e+00,0.000000000000000000e+00,0.000000000000000000e+00,0.000000000000000000e+00,0.000000000000000000e+00,0.000000000000000000e+00,7.646813064953224270e-02,1.329158753159896955e-01,1.188441931106131583e-01,8.282179755938566534e-02,4.964758317239844482e-02,2.936959311037672105e-02,2.375983364382859911e-02,3.002187266199088031e-02,4.416686251278698072e-02,6.253675188528734497e-02,8.237513652463479552e-02,1.018631888391637458e-01,1.199471278936062729e-01,1.361212480425216254e-01,1.502303640987792954e-01,1.623234285311665470e-01,1.725505838581049278e-01,1.811030188322928225e-01,1.881761524275674391e-01,1.939544490570150048e-01,1.986024895028607185e-01,2.022653620285251030e-01,2.050677939543481543e-01,2.071179706886799310e-01,2.085079766328355733e-01,2.093175987778096991e-01,2.096145177647494307e-01,2.094575012072279752e-01,2.088961982786999849e-01,2.079737786081511386e-01,2.067264380904011711e-01,2.051856353306589498e-01,2.033774151808627473e-01,2.013245099096764579e-01,1.990452277830574157e-01,1.965574319620726484e-01,1.938703408515638771e-01,1.910190070753411407e-01,1.879396668607310750e-01,1.849718539052346844e-01,1.808879996297545201e-01,1.808879996297545201e-01
1.000000000000000000e+00,9.993303935791187920e-01,9.984944667608138813e-01,9.983275025900328892e-01,9.980235102175978312e-01,9.970144317389502131e-01,9.948828786100416544e-01,9.913469382862848400e-01,9.862353359218659632e-01,9.794658139401122288e-01,9.710324454755707713e-01,9.609938911413964391e-01,9.494636664081202992e-01,9.365956500840900700e-01,9.225694192129849647e-01,9.075721290849573242e-01,8.917838269380160554e-01,8.753634943568329163e-01,8.584419702327481527e-01,8.411172039871296358e-01,8.234561574978991327e-01,8.054971671115366272e-01,7.872564638696856187e-01,7.687326048399590883e-01,7.499132204979349625e-01,7.307785814692673299e-01,7.113072448064251541e-01,6.914787252945276963e-01,6.712785437218079521e-01,6.506995745629108319e-01,6.297422352942640966e-01,6.084001717283329391e-01,5.866193190174575633e-01,5.641904122321970139e-01,5.405249520290252851e-01,5.142440846569875657e-01,4.825657282043999685e-01,4.406757172596316718e-01,3.817035640507089878e-01,2.990187612880341739e-01,1.913057647064809186e-01,7.697926958649178864e-02,4.490539617316279680e-04,0.000000000000000000e+00,0.000000000000000000e+00,0.000000000000000000e+00,0.000000000000000000e+00,0.000000000000000000e+00,0.000000000000000000e+00,0.000000000000000000e+00,0.000000000000000000e+00,0.000000000000000000e+00,0.000000000000000000e+00,0.000000000000000000e+00,0.000000000000000000e+00,0.000000000000000000e+00,0.000000000000000000e+00,6.537966930678326682e-02,1.332815520757450467e-01,1.458572851351888910e-01,1.173526815467746398e-01,7.737165826797444412e-02,4.379343122933388593e-02,2.426898442342183618e-02,1.941716285255637789e-02,2.615720526133414811e-02,4.047572548408701759e-02,5.878736556983861494e-02,7.843009983826711162e-02,9.766658838098411788e-02,1.155035581476478584e-01,1.314692751341813015e-01,1.454247250093779753e-01,1.574194004234769628e-01,1.675984558510636713e-01,1.761428313089304643e-01,1.832392208313430026e-01,1.890623295156078354e-01,1.937703760196061442e-01,1.975017503880510950e-01,2.003776626632401692e-01,2.025021379859135162e-01,2.039656855425607263e-01,2.048455338800586056e-01,2.052089038389243170e-01,2.051129268319602239e-01,2.046073796962873115e-01,2.037343054545396326e-01,2.025303104986095337e-01,2.010259982496593878e-01,1.992479426501326256e-01,1.972181689189151654e-01,1.949555819467904683e-01,1.924774797903671952e-01,1.897938868073140162e-01,1.869395689240493375e-01,1.838523917139884833e-01,1.808721016384676472e-01,1.767721577753336992e-01,1.767721577753336992e-01
1.000000000000000000e+00,9.993398526321669584e-01,9.985085519538580145e-01,9.983281531646523987e-01,9.980205288786894169e-01,9.970353417904886939e-01,9.949647479848670040e-01,9.915323064545800147e-01,9.865673156518626197e-01,9.799868757575538325e-01,9.717820547050604052e-01,9.620095549429430459e-01,9.507805876751402874e-01,9.382494276792052723e-01,9.245969525997587146e-01,9.100151365717426000e-01,8.946901060278269480e-01,8.787904582385257513e-01,8.624576646795906187e-01,8.458036154012008589e-01,8.289101257807286460e-01,8.118339503207619989e-01,7.946112864820132904e-01,7.772653317022896191e-01,7.598114546676868475e-01,7.422643338305403571e-01,7.246424613961791605e-01,7.069747401895334349e-01,6.893046003977322256e-01,6.716950321060413120e-01,6.542267701157499227e-01,6.369851919346227742e-01,6.200134134526091856e-01,6.032013693118278841e-01,5.860552623243071579e-01,5.672930064406489503e-01,5.442523031113519760e-01,5.122869586230206496e-01,4.646476803350939599e-01,3.940540320854210021e-01,2.963774783496893606e-01,1.787906631709499650e-01,6.595942145237350396e-02,-4.178871583612332741e-03,0.000000000000000000e+00,0.000000000000000000e+00,0.000000000000000000e+00,0.000000000000000000e+00,0.000000000000000000e+00,0.000000000000000000e+00,0.000000000000000000e+00,0.000000000000000000e+00,0.000000000000000000e+00,0.000000000000000000e+00,0.000000000000000000e+00,0.000000000000000000e+00,5.892204424197822199e-02,1.254613710336290044e-01,1.517038652202076232e-01,1.411708770730825124e-01,1.063875879024386156e-01,6.754563068452956731e-02,3.740645127055936686e-02,2.121833911601790634e-02,1.866443330138938331e-02,2.660263881566946043e-02,4.125363367739196679e-02,5.933225443103846281e-02,7.843302587026891592e-02,9.700780290926819260e-02,1.141821157043611396e-01,1.295510615030813772e-01,1.430024831148989095e-01,1.545915521504313273e-01,1.644546092975259499e-01,1.727605319293974151e-01,1.796809115936041368e-01,1.853782883534514370e-01,1.899987237089063030e-01,1.936722660962536258e-01,1.965118778470763550e-01,1.986165876203705993e-01,2.000715349957664091e-01,2.009511657792031336e-01,2.013191725161785350e-01,2.012312494056473777e-01,2.007347776454618538e-01,1.998711548555556494e-01,1.986752816020469492e-01,1.971775725939420576e-01,1.954033181259275942e-01,1.933746232474734539e-01,1.911093990364751971e-01,1.886252378696512411e-01,1.859315204029776403e-01,1.830636161616905067e-01,1.799595145024588949e-01,1.769603296811758653e-01,1.728371417151475242e-01,1.728371417151475242e-01
1.000000000000000000e+00,9.993499093643833930e-01,9.985246525464192002e-01,9.983312848587145849e-01,9.980204393699282361e-01,9.970580895187765025e-01,9.950470987245998433e-01,9.917155103510262304e-01,9.868947707608662911e-01,9.805007191251202681e-01,9.725231643517535662e-01,9.630162707365433894e-01,9.520905407940097875e-01,9.398998034690736469e-01,9.266274796878960496e-01,9.124691227799379689e-01,8.976178062307916816e-01,8.822501425469675418e-01,8.665188159921752842e-01,8.505477697153436267e-01,8.344339763989137015e-01,8.182503572065008557e-01,8.020528793744930995e-01,7.858864157737355249e-01,7.697928204393272855e-01,7.538167668009541078e-01,7.380133390136291993e-01,7.224536312417132455e-01,7.072318108379571644e-01,6.924689690405626541e-01,6.783131414717186169e-01,6.649237938076791865e-01,6.524250418282149244e-01,6.407943018574654426e-01,6.296412436097093002e-01,6.178323009143209532e-01,6.029573148454049347e-01,5.807994360046181415e-01,5.451922259245006730e-01,4.890900014327295708e-01,4.071492712179377582e-01,3.004669058913813640e-01,1.808028117169898641e-01,6.992918977907847111e-02,-1.273988773242494543e-03,0.000000000000000000e+00,0.000000000000000000e+00,0.000000000000000000e+00,0.000000000000000000e+00,0.000000000000000000e+00,0.000000000000000000e+00,0.000000000000000000e+00,0.000000000000000000e+00,0.000000000000000000e+00,0.000000000000000000e+00,6.597654534947129668e-02,1.266067902897966280e-01,1.557345926798770208e-01,1.548600744598655210e-01,1.302593188694262105e-01,9.374560076181989721e-02,5.891606031618842887e-02,3.414372671663513242e-02,2.240157777917172605e-02,2.263416443644785878e-02,3.181129031180861960e-02,4.656214023947952141e-02,6.403258475395003091e-02,8.216592354017472621e-02,9.965342751541310384e-02,1.157685519667538271e-01,1.301819873254176918e-01,1.428129723780790228e-01,1.537184452357681919e-01,1.630243975622084063e-01,1.708816238022443090e-01,1.774445522062617631e-01,1.828580542057522129e-01,1.872545761428912603e-01,1.907512289251103166e-01,1.934519333676933683e-01,1.954469535124538915e-01,1.968157990081521869e-01,1.976270400672510696e-01,1.979409723906062901e-01,1.978092902117061236e-01,1.972773852171854081e-01,1.963838560400454347e-01,1.951624910417455450e-01,1.936416760492792877e-01,1.918461375450212780e-01,1.897964573996750448e-01,1.875103541917716166e-01,1.850042810838691820e-01,1.822878091268357037e-01,1.793955799273150020e-01,1.762664132258102978e-01,1.732417616517640258e-01,1.690891821407204954e-01,1.690891821407204954e-01
1.000000000000000000e+00,9.993607590657312967e-01,9.985418491749806780e-01,9.983355459475190541e-01,9.980196780667559553e-01,9.970774514624171081e-01,9.951212386822184675e-01,9.918849534559086578e-01,9.872014752841815621e-01,9.809870917527232503e-01,9.732298494631451691e-01,9.639830600120374848e-01,9.533558594404624165e-01,9.415029853931035086e-01,9.286093332229197195e-01,9.148749120083192743e-01,9.004981938989673473e-01,8.856642274668741210e-01,8.705349428106911036e-01,8.552463501731165652e-01,8.399081932517348248e-01,8.246090377766698287e-01,8.094215763861863921e-01,7.944108565229188734e-01,7.796409322195982927e-01,7.651831344727439976e-01,7.511225546514354034e-01,7.375658744543914791e-01,7.246474405865002133e-01,7.125346097997597994e-01,7.014265222322935145e-01,6.915390224005869557e-01,6.830582210421162204e-01,6.760345401257623621e-01,6.701805851234757805e-01,6.645366263252672212e-01,6.570179428688626144e-01,6.439706501598967403e-01,6.200544996534479436e-01,5.789751978274068067e-01,5.153030779345383339e-01,4.273327982004902492e-01,3.196539605832000586e-01,2.031129963624490886e-01,9.363869723675857792e-02,1.945313707160997371e-02,-2.153177629612749305e-02,0.000000000000000000e+00,0.000000000000000000e+00,0.000000000000000000e+00,0.000000000000000000e+00,0.000000000000000000e+00,0.000000000000000000e+00,2.614601882886131642e-02,8.242136214838202690e-02,1.409236544962302884e-01,1.685884589747915219e-01,1.709932968008602006e-01,1.523107654741175099e-01,1.207324569381070661e-01,8.575827898605400956e-02,5.620388041179029404e-02,3.705559532873425183e-02,2.952822802738263794e-02,3.209630640828107367e-02,4.197493541265668454e-02,5.627487132108418416e-02,7.261747890423375651e-02,8.931164325383081359e-02,1.052959305403964735e-01,1.199869967213332278e-01,1.331280093500300521e-01,1.446613817912195954e-01,1.546423604598498591e-01,1.631798312563028930e-01,1.704044287245498612e-01,1.764481679466021469e-01,1.814371285444509596e-01,1.854858745359247718e-01,1.886980315216832960e-01,1.911649179518032649e-01,1.929678886503048973e-01,1.941778324224632535e-01,1.948576052698392791e-01,1.950615848674751018e-01,1.948378560428360995e-01,1.942276806273109113e-01,1.932674146073239396e-01,1.919878972163492625e-01,1.904161587022449309e-01,1.885747627416081984e-01,1.864835216440054455e-01,1.841585417395907864e-01,1.816159374924482539e-01,1.788641598755743578e-01,1.759379305863139342e-01,1.727755142788993392e-01,1.697197144986108963e-01,1.655314696662527618e-01,1.655314696662527618e-01
1.000000000000000000e+00,9.993718034036495057e-01,9.985596579133314554e-01,9.983388662329455432e-01,9.980151368044076765e-01,9.970874760000315584e-01,9.951789099186849619e-01,9.920283374906357921e-01,9.874716682144487612e-01,9.814251378696005057e-01,9.738767696829045972e-01,9.648785324675871466e-01,9.545397046879489089e-01,9.430151035304892293e-01,9.304921130467367352e-01,9.171738395202446714e-01,9.032645916487168636e-01,8.889559638641884032e-01,8.744190372029712055e-01,8.597995178562112262e-01,8.452192621891992941e-01,8.307795210837248812e-01,8.165681983460192361e-01,8.026665636602663412e-01,7.891578456437202682e-01,7.761343020678977966e-01,7.637053872490432438e-01,7.520046033702478816e-01,7.411966081594231204e-01,7.314816659487364259e-01,7.230944891623334314e-01,7.162892801943374632e-01,7.112951090491786976e-01,7.082199547578921228e-01,7.068697378629215100e-01,7.064653217737080215e-01,7.052660884665628016e-01,7.002242642121550009e-01,6.868933100935644687e-01,6.599669278971614927e-01,6.145731233439233332e-01,5.481592679588335182e-01,4.621364632096996994e-01,3.620420656582603036e-01,2.566527262456739789e-01,1.604553105159054749e-01,7.889515581618465612e-02,2.971055651407151707e-02,7.042385998735061631e-03,1.986989913032677010e-03,1.226815351634545810e-02,3.620346894694061179e-02,7.693756418245249751e-02,1.210154801266470070e-01,1.591065173586550807e-01,1.881774870460553306e-01,1.930274067082081713e-01,1.784322388564370809e-01,1.507253560113799018e-01,1.176127114949780256e-01,8.618919299618232888e-02,6.196947944766569016e-02,4.763255997597076741e-02,4.326241227044868437e-02,4.715843759113391015e-02,5.687333788059817374e-02,7.001520720902511263e-02,8.465859680532480946e-02,9.945360130159110190e-02,1.135574565420192916e-01,1.265114575974988498e-01,1.381132799751934315e-01,1.483198114926478628e-01,1.571751544365486142e-01,1.647680693056901013e-01,1.712036427660558191e-01,1.765906592411335130e-01,1.810325735110999146e-01,1.846259490453223406e-01,1.874577566769635439e-01,1.896068586403100165e-01,1.911429612778189346e-01,1.921286485537452293e-01,1.926186860420496527e-01,1.926619896048825942e-01,1.923009752716174636e-01,1.915733453098747707e-01,1.905114226474367289e-01,1.891437558072686376e-01,1.874944509454407882e-01,1.855846327738282231e-01,1.834319523088707160e-01,1.810516710089799530e-01,1.784583005600698657e-01,1.756599457762742789e-01,1.726902118439975486e-01,1.694874434386264839e-01,1.663948297546274380e-01,1.621657046624734033e-01,1.621657046624734033e-01
1.000000000000000000e+00,9.993831952685594544e-01,9.985770848603524596e-01,9.983397417253532247e-01,9.980030705604703289e-01,9.970827129041377468e-01,9.952112279930440675e-01,9.921339036281603407e-01,9.876890935940595417e-01,9.817947051647436529e-01,9.744383570100242364e-01,9.656723264950100027e-01,9.556054565654479305e-01,9.443938686724229203e-01,9.322263595410470449e-01,9.193097294955631105e-01,9.058524431038311731e-01,8.920525927973401714e-01,8.780881729745730890e-01,8.641139248993200406e-01,8.502610297078755375e-01,8.366420112303676326e-01,8.233564238182973227e-01,8.104991478176135633e-01,7.981677153210137154e-01,7.864706831964393130e-01,7.755347932851452963e-01,7.655125093840897677e-01,7.565883221530493863e-01,7.489829293205603200e-01,7.429519302252268753e-01,7.387706367089542647e-01,7.366942564505943869e-01,7.368704014178875106e-01,7.391861607897893816e-01,7.430284866444779590e-01,7.469877298387118669e-01,7.485853380987320671e-01,7.442223790979953790e-01,7.295690776318429771e-01,7.005181020328811181e-01,6.544745519161491165e-01,5.915037488169901936e-01,5.145604426849391677e-01,4.290217199823226912e-01,3.434580100539081360e-01,2.642343685882122539e-01,2.019049344208793118e-01,1.622474284381339726e-01,1.427883949598510172e-01,1.418975035589062905e-01,1.563851046939753464e-01,1.828172683116112696e-01,2.080150444369317231e-01,2.235712108424431355e-01,2.270904688126774706e-01,2.136940510231506163e-01,1.882929160421465686e-01,1.566232965901643293e-01,1.245910411447837679e-01,9.699965915712457920e-02,7.708329100237137910e-02,6.604461646315855361e-02,6.334774084595806709e-02,6.732791028614036610e-02,7.591761823071405124e-02,8.718235412187504141e-02,9.959567796851763466e-02,1.120921518208528034e-01,1.240081897491778495e-01,1.349771582155092076e-01,1.448338052390824304e-01,1.535349794245727539e-01,1.611083539309069168e-01,1.676163330820324149e-01,1.731377188844492043e-01,1.777546523286011870e-01,1.815484089752475161e-01,1.845949380884540636e-01,1.869651753824229101e-01,1.887232014664048385e-01,1.899276903401296845e-01,1.906308111072113065e-01,1.908798615661536635e-01,1.907164005933141004e-01,1.901778261737238074e-01,1.892965924611074713e-01,1.881016758425403668e-01,1.866178318189784524e-01,1.848669633439948834e-01,1.828674130025986777e-01,1.806354192968109840e-01,1.781841811141350873e-01,1.755273683214562952e-01,1.726715930815454769e-01,1.696500848395188499e-01,1.664000315336656433e-01,1.632658871323417749e-01,1.589906903335024380e-01,1.589906903335024380e-01
1.000000000000000000e+00,9.993943223147704336e-01,9.985935658707474349e-01,9.983359977902682703e-01,9.979802177143116682e-01,9.970570890401143638e-01,9.952098430982787569e-01,9.921894024168999016e-01,9.878381896778566373e-01,9.820754277910769270e-01,9.748900720385178520e-01,9.663343438810596542e-01,9.565181014064988441e-01,9.455980158943998459e-01,9.337651481599921199e-01,9.212286233342891206e-01,9.082011948958285119e-01,8.948854535225410078e-01,8.814657546789724796e-01,8.681033148022990753e-01,8.549373892424748655e-01,8.420885969197484666e-01,8.296659443024457792e-01,8.177738112284567151e-01,8.065203259002325931e-01,7.960247024121765991e-01,7.864248778131653905e-01,7.778842641229032351e-01,7.705976131712893862e-01,7.647948757545635079e-01,7.607387442751160078e-01,7.587116221021685813e-01,7.589778188247544577e-01,7.617101607900979010e-01,7.668573494612065389e-01,7.739527909962132801e-01,7.818743671652601535e-01,7.886444893233128806e-01,7.913887226999929414e-01,7.866337437560918522e-01,7.709867691888124819e-01,7.420619652624762530e-01,6.992823706125825822e-01,6.441338237586745619e-01,5.799090040964198778e-01,5.118079081473828618e-01,4.449305800373286601e-01,3.862739743454958741e-01,3.412298058209664031e-01,3.104709816048015214e-01,2.936154706216871912e-01,2.880279358224687725e-01,2.893975516389755143e-01,2.886648766717533343e-01,2.803476294889341025e-01,2.635171389476210768e-01,2.374371321971886217e-01,2.058402057674253438e-01,1.729141962263489041e-01,1.426468099059474970e-01,1.180350355463660184e-01,1.008186063746395605e-01,9.133575823364728508e-02,8.877818394615379083e-02,9.164584337052852914e-02,9.823781564403702427e-02,1.070158404097551336e-01,1.167755078250543588e-01,1.266763443273930256e-01,1.361850639443994704e-01,1.449987864599576737e-01,1.529678726249867338e-01,1.600403218190833421e-01,1.662195159865290373e-01,1.715405151321638955e-01,1.760527399932796666e-01,1.798127810292073636e-01,1.828778118945691422e-01,1.853044395514539533e-01,1.871458175060718432e-01,1.884523193138851471e-01,1.892698756228717583e-01,1.896411458706980524e-01,1.896043245306193448e-01,1.891944245049405893e-01,1.884423047556354480e-01,1.873759394329061190e-01,1.860195664513330516e-01,1.843949013823917016e-01,1.825203776738641426e-01,1.804123071073158724e-01,1.780843596699724363e-01,1.755484223738713601e-01,1.728162480651674049e-01,1.698936837557567803e-01,1.668125393188333028e-01,1.635094286941689012e-01,1.603291843422155194e-01,1.560037968650689333e-01,1.560037968650689333e-01
1.000000000000000000e+00,9.994052975989767829e-01,9.986080537194585993e-01,9.983260185462523584e-01,9.979427340596130902e-01,9.970050562541461492e-01,9.951658828747832475e-01,9.921832075902852210e-01,9.879030973729749920e-01,9.822478436040219529e-01,9.752075149624542805e-01,9.668359212363349942e-01,9.572434897376278506e-01,9.465885900733749247e-01,9.350635496874275532e-01,9.228802362723328434e-01,9.102540211051154406e-01,8.973916515701194641e-01,8.844815652287771890e-01,8.716904086780372651e-01,8.591626894143723492e-01,8.470252962318430834e-01,8.353932034726738731e-01,8.243773499440750774e-01,8.140919584038808221e-01,8.046622466651982553e-01,7.962312810587157674e-01,7.889662656162759191e-01,7.830639967158266046e-01,7.787532930154339450e-01,7.762934337506590676e-01,7.759602764072863756e-01,7.780153351808438700e-01,7.826398402696412848e-01,7.898287447414917839e-01,7.992310284247592378e-01,8.099672036668332797e-01,8.204684292222312880e-01,8.284545390750420735e-01,8.311392854405219577e-01,8.257258727334992887e-01,8.100544556650608463e-01,7.831934148028165676e-01,7.456606624461354915e-01,6.993203163773472619e-01,6.472746033353540263e-01,5.930373491369191896e-01,5.410016837916208354e-01,4.948672433413115468e-01,4.561653203104075738e-01,4.253228888500941163e-01,4.009788296502463378e-01,3.802847267804668752e-01,3.583493281193989577e-01,3.323399967960979917e-01,3.020690064698691168e-01,2.680962623611979900e-01,2.330487709196951140e-01,1.997406807918143679e-01,1.706883759325139305e-01,1.476330721018303815e-01,1.313940067503685805e-01,1.218399551312222273e-01,1.181001790920541972e-01,1.188831788443597964e-01,1.228151239407455630e-01,1.286745338757145085e-01,1.355074720912240460e-01,1.426359220649275339e-01,1.496179192618696807e-01,1.561852989840546158e-01,1.621909940331230648e-01,1.675640948088097659e-01,1.722821693338068283e-01,1.763500380143237511e-01,1.797895401994025200e-01,1.826305975342784604e-01,1.849083760034159751e-01,1.866591313985396239e-01,1.879199311238408387e-01,1.887262668843708024e-01,1.891126391369130633e-01,1.891109243930223227e-01,1.887512745025877181e-01,1.880608759794678841e-01,1.870649603847213127e-01,1.857857910345338537e-01,1.842436949076033115e-01,1.824561923959640564e-01,1.804390290738072944e-01,1.782054119187397867e-01,1.757671982467295391e-01,1.731339596218952614e-01,1.703162634472082104e-01,1.673182209722457181e-01,1.641709069406346311e-01,1.608092919961738865e-01,1.575793433802422372e-01,1.531997830201115574e-01,1.531997830201115574e-01
1.000000000000000000e+00,9.994155016630137389e-01,9.986199135087511225e-01,9.983075502231425480e-01,9.978872414178877603e-01,9.969204842634482588e-01,9.950709997081528257e-01,9.921032679698656986e-01,9.878686762985898762e-01,9.822924128995101922e-01,9.753674331260464569e-01,9.671489439100035002e-01,9.577493798560338112e-01,9.473281965872480948e-01,9.360797543189992576e-01,9.242173891376119776e-01,9.119590510596988775e-01,8.995137039031048110e-01,8.870730765717620425e-01,8.748067631353024787e-01,8.628630305631896924e-01,8.513720546466837513e-01,8.404524456599403726e-01,8.302180671425296588e-01,8.207856978334236997e-01,8.122819564237864221e-01,8.048497603926197952e-01,7.986541664909727611e-01,7.938864510049123968e-01,7.907668576876066835e-01,7.895411559072252894e-01,7.904700903180134075e-01,7.937997141792448863e-01,7.997094267351628760e-01,8.082205638240173018e-01,8.190737050644609774e-01,8.315786044883535233e-01,8.444964557591000398e-01,8.560098512925490288e-01,8.638748547677637113e-01,8.657580080549662771e-01,8.597052288747983884e-01,8.445609124086564945e-01,8.201779515822698041e-01,7.873860627734268203e-01,7.478851158502601848e-01,7.038564936073951062e-01,6.579922176253900634e-01,6.127409072213328978e-01,5.696602892432691689e-01,5.296256124193819970e-01,4.924207810380036299e-01,4.568694755088695270e-01,4.208874356561426722e-01,3.834199687670308276e-01,3.448051496671043492e-01,3.059644747811458010e-01,2.687266585533320540e-01,2.349302100166784923e-01,2.060998352297721825e-01,1.831787224867716113e-01,1.664492074261462451e-01,1.555594768969379427e-01,1.496790160545212467e-01,1.477281249206415514e-01,1.485992167241072526e-01,1.513176796781886824e-01,1.551110644581996656e-01,1.594171832890359242e-01,1.638498006287666120e-01,1.681583557624262149e-01,1.721859862416977305e-01,1.758407212535787467e-01,1.790715809399462399e-01,1.818557242970081922e-01,1.841872025987951744e-01,1.860723452237018904e-01,1.875241902338897204e-01,1.885611192134228897e-01,1.892036089524564424e-01,1.894741175942666056e-01,1.893949078271177644e-01,1.889884772821686099e-01,1.882759712322338852e-01,1.872778718855257207e-01,1.860127680583336662e-01,1.844981614112298773e-01,1.827494619925436603e-01,1.807808396249123151e-01,1.786043853614927568e-01,1.762309828465443151e-01,1.736697582223551972e-01,1.709287064177104631e-01,1.680163270311031132e-01,1.649356835167196667e-01,1.617162318005370136e-01,1.582918440313987041e-01,1.550088247347303771e-01,1.505721581405492504e-01,1.505721581405492504e-01
1.000000000000000000e+00,9.994250060248099921e-01,9.986280478395567206e-01,9.982788614366441271e-01,9.978097900205092907e-01,9.967977079518550720e-01,9.949163114988108791e-01,9.919380676883451375e-01,9.877194664932933410e-01,9.821904120389017834e-01,9.753467305866421189e-01,9.672467078885977898e-01,9.580045291909965455e-01,9.477818698432327604e-01,9.367742812904075178e-01,9.251969030771400870e-01,9.132687200963294227e-01,9.012004341972660315e-01,8.891849285285086113e-01,8.773935640045923412e-01,8.659757898088293882e-01,8.550632108283933164e-01,8.447750777565959934e-01,8.352254730166255303e-01,8.265301847467984020e-01,8.188133511908789464e-01,8.122134523696104003e-01,8.068879793642877996e-01,8.030175789888479576e-01,8.008067582643184634e-01,8.004820924323410303e-01,8.022803012903734210e-01,8.064257970164598888e-01,8.130837366126502097e-01,8.222902874513368099e-01,8.338492684887677253e-01,8.472202588900973330e-01,8.614175411697967411e-01,8.749886024611558399e-01,8.861054426967820419e-01,8.928065249482243226e-01,8.933165141104814078e-01,8.863647308772445443e-01,8.713590909521834460e-01,8.484200534262124060e-01,8.183105074601555451e-01,7.822562354900737258e-01,7.418772727513208709e-01,6.988249135192580175e-01,6.544810439101831356e-01,6.099277948073115185e-01,5.656951180121443379e-01,5.217839376638016002e-01,4.777759780045942040e-01,4.337068129218292212e-01,3.902702573414567611e-01,3.484705798132945453e-01,3.096501883113548792e-01,2.750423688267063516e-01,2.455761082821945884e-01,2.217308347143452651e-01,2.035119298315206104e-01,1.904909671139965455e-01,1.819296099625808405e-01,1.769342976905017573e-01,1.746107729703980371e-01,1.741661894015857082e-01,1.749607289690798539e-01,1.765084677890629838e-01,1.784587064113968002e-01,1.805641708052141692e-01,1.826555262558876847e-01,1.846172205195683036e-01,1.863731658358828980e-01,1.878736641571659982e-01,1.890891759194727462e-01,1.900033372711487367e-01,1.906104586615428587e-01,1.909113335460858873e-01,1.909123499387743450e-01,1.906226867040390072e-01,1.900542066401345598e-01,1.892194538103257329e-01,1.881319664882373788e-01,1.868047767748793331e-01,1.852509505448571292e-01,1.834824105057260291e-01,1.815105927223811810e-01,1.793454849546928520e-01,1.769963552567328791e-01,1.744709472884042045e-01,1.717764156840446144e-01,1.689183838398327087e-01,1.659039869387352317e-01,1.627344454860621403e-01,1.594382307420106892e-01,1.559472226861277899e-01,1.526087068771032895e-01,1.481122140101606421e-01,1.481122140101606421e-01
1.000000000000000000e+00,9.994331841943393524e-01,9.986317400524347132e-01,9.982375921588423351e-01,9.977068221386808933e-01,9.966304361634096276e-01,9.946933159147798298e-01,9.916755511546430091e-01,9.874405070774039395e-01,9.819228725402298075e-01,9.751232005893636368e-01,9.671028945836742663e-01,9.579793712345613388e-01,9.479161158691191691e-01,9.371106224405204577e-01,9.257787330976265938e-01,9.141403626325762533e-01,9.024061873825804936e-01,8.907693830625234011e-01,8.794008496969821786e-01,8.684497383218884314e-01,8.580465514552493289e-01,8.483090802936534836e-01,8.393488145122179889e-01,8.312776740835385869e-01,8.242141712771675621e-01,8.182884820685275562e-01,8.136470645986194627e-01,8.104549672452888709e-01,8.088974097522667606e-01,8.091757709707216861e-01,8.114994402688996411e-01,8.160636356687450688e-01,8.230145388892909919e-01,8.323886079251426873e-01,8.440358612796948767e-01,8.575253251261433229e-01,8.720708948468515187e-01,8.864994814851527849e-01,8.993153409529415221e-01,9.088548909824900601e-01,9.135207382191384839e-01,9.120082326184320021e-01,9.034677988307714402e-01,8.875618315948766712e-01,8.644541689025669884e-01,8.347287728919160488e-01,7.993359303883014189e-01,7.594115137019139539e-01,7.161245038832844134e-01,6.705971571482458593e-01,6.237391061692619809e-01,5.762174192938747108e-01,5.285072831288631923e-01,4.812624593949926810e-01,4.354044315239436469e-01,3.919592933702505388e-01,3.520042933760595405e-01,3.164391422427061396e-01,2.858697455516844288e-01,2.605430998273504661e-01,2.403482589157090732e-01,2.248688622365318246e-01,2.134733642084651606e-01,2.054299773860516765e-01,2.000075539848015782e-01,1.965509622012140689e-01,1.945132892339259678e-01,1.934632055439381160e-01,1.930699215479656783e-01,1.930864084043684148e-01,1.933286003617532001e-01,1.936616883189246630e-01,1.939863363978025224e-01,1.942313844317569982e-01,1.943457039536750086e-01,1.942946628268018006e-01,1.940550097524332551e-01,1.936131995223910052e-01,1.929619246766743623e-01,1.920994336977415451e-01,1.910270661925065894e-01,1.897491502092724380e-01,1.882711892506166440e-01,1.866001021775670066e-01,1.847428404837995752e-01,1.827068243681300164e-01,1.804988472954127676e-01,1.781256224867545368e-01,1.755928993387625703e-01,1.729060789912060248e-01,1.700696466472392809e-01,1.670875753277243914e-01,1.639649369325480721e-01,1.607017579620849401e-01,1.573247990765788973e-01,1.537644638808460251e-01,1.503683143089021290e-01,1.458102677753388143e-01,1.458102677753388143e-01
1.000000000000000000e+00,9.994400581131858141e-01,9.986298210991820801e-01,9.981818338832468829e-01,9.975741631372689877e-01,9.964126833387895177e-01,9.943928231451885091e-01,9.913039105013223828e-01,9.870162397963159195e-01,9.814712312953487450e-01,9.746744212938187601e-01,9.666921099139365037e-01,9.576449347217296237e-01,9.476993678368672569e-01,9.370542135945565398e-01,9.259263384657484552e-01,9.145352377833698698e-01,9.030910509518540463e-01,8.917853518881921904e-01,8.807874232738848175e-01,8.702439317642650662e-01,8.602826147819443436e-01,8.510174859080928966e-01,8.425552638731649280e-01,8.350016110327826979e-01,8.284666278175558674e-01,8.230698059842576075e-01,8.189431416474440839e-01,8.162339623057662807e-01,8.151042593696695704e-01,8.157287749254445997e-01,8.182851332749598861e-01,8.229382973040860749e-01,8.298083998890456447e-01,8.389266713478606974e-01,8.501698041877074896e-01,8.631913181917718614e-01,8.773548946419302830e-01,8.917106078580863127e-01,9.050244531721098884e-01,9.158890518049878082e-01,9.228795583987806639e-01,9.247315661090952377e-01,9.204724811086114622e-01,9.095035525908278240e-01,8.916193223062470752e-01,8.669919541606739832e-01,8.361408770717577710e-01,7.998470161058099936e-01,7.590661108299471271e-01,7.148533087849715528e-01,6.682492287347533422e-01,6.202266691830067291e-01,5.716899517294952160e-01,5.236059492715141594e-01,4.770219199744833993e-01,4.329661496521111652e-01,3.923832073646417173e-01,3.560054505714251305e-01,3.242901768157656073e-01,2.973917304668150519e-01,2.751832047072524934e-01,2.573035121434989470e-01,2.432333429568839522e-01,2.323744132348642688e-01,2.241261524748993095e-01,2.179357086961356271e-01,2.133279406046054982e-01,2.099099146847291097e-01,2.073673622821971541e-01,2.054513667212232164e-01,2.039681575439355188e-01,2.027664686760609347e-01,2.017302450167982042e-01,2.007699513279115611e-01,1.998183375397996620e-01,1.988245778705876599e-01,1.977519024498760880e-01,1.965735013142430321e-01,1.952712812316264313e-01,1.938329294190999919e-01,1.922513830373753230e-01,1.905226807593399518e-01,1.886458835779492860e-01,1.866214620443293337e-01,1.844514945101178582e-01,1.821384174690793833e-01,1.796853900940205140e-01,1.770952949683901878e-01,1.743712164218828575e-01,1.715156233889785498e-01,1.685310806527527960e-01,1.654193055863197037e-01,1.621839761450784845e-01,1.588232944922261802e-01,1.553628961269313824e-01,1.517309884398999331e-01,1.482759498473782689e-01,1.436548789778147595e-01,1.436548789778147595e-01
1.000000000000000000e+00,9.994449854071647543e-01,9.986214546254388313e-01,9.981090268282973854e-01,9.974078888837152324e-01,9.961376900067301365e-01,9.940057207093276892e-01,9.908104729371915997e-01,9.864311121411443173e-01,9.808161775730901422e-01,9.739782011828675978e-01,9.659887146203581798e-01,9.569731600232593838e-01,9.471008344606849372e-01,9.365726378296344024e-01,9.256055675486493106e-01,9.144185851212548455e-01,9.032197492635706260e-01,8.921981868014511319e-01,8.815196563715769207e-01,8.713270016525137551e-01,8.617431993930795286e-01,8.528767803303461958e-01,8.448277745177499298e-01,8.376935272539850486e-01,8.315740220441575348e-01,8.265756722148398516e-01,8.228147648163830485e-01,8.204183339043885637e-01,8.195247888915571099e-01,8.202797215343666792e-01,8.228297967417451675e-01,8.273066448139330120e-01,8.338044705831785253e-01,8.423409423675028984e-01,8.528106151821057690e-01,8.649256574173256329e-01,8.781683541805686000e-01,8.917610538080137372e-01,9.046868154637749404e-01,9.157546498827910941e-01,9.237159839131136030e-01,9.273905368999596499e-01,9.257850857541809475e-01,9.181720912116791977e-01,9.041378819945518064e-01,8.835948560358605208e-01,8.567798876573385902e-01,8.242138097082287729e-01,7.866527916451294677e-01,7.450287235130643726e-01,7.003677509933354806e-01,6.537326192347222564e-01,6.061895532062721026e-01,5.588305899549331768e-01,5.127468814791390495e-01,4.689537447311249441e-01,4.283256895507817630e-01,3.915204575074292537e-01,3.589400840038455831e-01,3.307269699298991950e-01,3.067870231560912431e-01,2.868372863908713599e-01,2.704624435275109762e-01,2.571794858875556811e-01,2.464908112719542688e-01,2.379272740878778380e-01,2.310694740650297563e-01,2.255589293218425440e-01,2.210954303778550345e-01,2.174333658763926980e-01,2.143725949601878733e-01,2.117527465164774636e-01,2.094450204877202626e-01,2.073478899364168682e-01,2.053808930611878691e-01,2.034818124562289277e-01,2.016020972417617851e-01,1.997051470501889914e-01,1.977629512459752048e-01,1.957551585618942935e-01,1.936666009100960484e-01,1.914868985965471060e-01,1.892086100662410120e-01,1.868271866013780924e-01,1.843395574719986496e-01,1.817443051155740452e-01,1.790405531931614225e-01,1.762282804204204911e-01,1.733074359450734458e-01,1.702783451714843244e-01,1.671411453781760370e-01,1.638959889505740009e-01,1.605446254169260178e-01,1.570840383197832368e-01,1.535381594659687154e-01,1.498334905613736001e-01,1.463186130707827270e-01,1.416339585148748137e-01,1.416339585148748137e-01
1.000000000000000000e+00,9.994479218928619124e-01,9.986053469986487796e-01,9.980169507906214710e-01,9.972033418360323198e-01,9.957987239991530348e-01,9.935218867681653299e-01,9.901822962848140230e-01,9.856684066505626562e-01,9.799380436775888548e-01,9.730113494200719471e-01,9.649670402026148119e-01,9.559356524830168178e-01,9.460905745107226483e-01,9.356343986988020500e-01,9.247845884283856233e-01,9.137584190091302405e-01,9.027613561463575520e-01,8.919784339539486018e-01,8.815708105217912038e-01,8.716757235557982542e-01,8.624099960353291960e-01,8.538750271345115772e-01,8.461625653765794119e-01,8.393603148187130936e-01,8.335564150522331017e-01,8.288434356155360838e-01,8.253202457263993930e-01,8.230937743430880582e-01,8.222774507629655449e-01,8.229893159678197678e-01,8.253440335817903151e-01,8.294424985444855958e-01,8.353503657607124211e-01,8.430713076269931161e-01,8.525063434634235771e-01,8.634128187560017320e-01,8.753609167394854618e-01,8.877129657620381753e-01,8.996263150897778615e-01,9.101012359736878610e-01,9.180556492692797388e-01,9.224258223340016105e-01,9.222579152433827421e-01,9.167894520850812246e-01,9.055012555762101956e-01,8.881521496221065348e-01,8.647905213679959457e-01,8.357438279525929437e-01,8.015908863769620751e-01,7.631202957197334991e-01,7.212709616918432376e-01,6.770769246101723260e-01,6.316206792419152283e-01,5.860053103748064096e-01,5.413074055313971122e-01,4.985085837029650802e-01,4.584378850336032207e-01,4.217172838951235847e-01,3.887393827274355784e-01,3.596678375100986202e-01,3.344640054988642919e-01,3.129242758868168717e-01,2.947298555499182071e-01,2.794936454966562289e-01,2.668061088928826985e-01,2.562665297626241512e-01,2.475064068131375417e-01,2.401981950293926582e-01,2.340601939700967249e-01,2.288531973762976679e-01,2.243782264764214995e-01,2.204702116436656756e-01,2.169945725248107193e-01,2.138413106566449118e-01,2.109221589659683038e-01,2.081658064835879285e-01,2.055158961154683328e-01,2.029273616117913681e-01,2.003651792695988476e-01,1.978016136153270821e-01,1.952155414339828698e-01,1.925903805418090753e-01,1.899138132936386836e-01,1.871762082202289568e-01,1.843706094024392117e-01,1.814915080765482636e-01,1.785350054504959982e-01,1.754978343976776045e-01,1.723776483486021138e-01,1.691722253574312329e-01,1.658799930146940549e-01,1.624990954211252003e-01,1.590299789491453342e-01,1.554679251650661065e-01,1.518356972497690305e-01,1.480575351543101936e-01,1.444826669007913678e-01,1.397341426017450761e-01,1.397341426017450761e-01
1.000000000000000000e+00,9.994481890708115657e-01,9.985804694462229181e-01,9.979026689005467965e-01,9.969558901307286058e-01,9.953880009849956911e-01,9.929307850985986672e-01,9.894049978248691257e-01,9.847106054360721394e-01,9.788155381876945116e-01,9.717498216361859509e-01,9.636000669007942498e-01,9.545036540678283332e-01,9.446381739746811945e-01,9.342087469715946169e-01,9.234325964794770636e-01,9.125251809148788862e-01,9.016880099957602646e-01,8.911011942493320959e-01,8.809196636462286456e-01,8.712738630868724909e-01,8.622729431280559131e-01,8.540098568949153757e-01,8.465669211833831698e-01,8.400208764426815300e-01,8.344474669546180223e-01,8.299242275391568446e-01,8.265329902725488953e-01,8.243597854352361365e-01,8.234948405900653912e-01,8.240285319081216420e-01,8.260468974268623255e-01,8.296201093593625897e-01,8.347886289588661857e-01,8.415386244005577110e-01,8.497748502652752167e-01,8.592844733042024341e-01,8.697080213167176499e-01,8.805158116985376537e-01,8.910114268867076470e-01,9.003564200584392996e-01,9.076278380396539669e-01,9.118872643616212637e-01,9.122604230293759331e-01,9.080044108769167455e-01,8.985661738219397066e-01,8.836205307811706433e-01,8.630956487650002229e-01,8.371759948021459952e-01,8.062918222337721597e-01,7.710909646438696141e-01,7.323956520138039661e-01,6.911535321192329162e-01,6.483864733719739704e-01,6.051441804955545178e-01,5.624472119948307203e-01,5.212251636099499708e-01,4.822623845399402476e-01,4.461580094438664656e-01,4.133069214144033943e-01,3.839049636692195566e-01,3.579685987648906775e-01,3.353693747005479509e-01,3.158707714098820118e-01,2.991696699592544806e-01,2.849301557268539287e-01,2.728138495045306366e-01,2.624978288841902652e-01,2.536880985837713931e-01,2.461232858134955181e-01,2.395773445981919381e-01,2.338565617851237899e-01,2.287981357922317938e-01,2.242654238053428672e-01,2.201456600736381164e-01,2.163454156180254773e-01,2.127886073174453663e-01,2.094127435560200756e-01,2.061675048806110855e-01,2.030118130251752362e-01,1.999129465124397376e-01,1.968442956954555290e-01,1.937848905476153849e-01,1.907176787631724157e-01,1.876293458634216704e-01,1.845089778467031427e-01,1.813480806090854158e-01,1.781395225081812417e-01,1.748776888082788361e-01,1.715576401835642306e-01,1.681753586405566048e-01,1.647272096664729180e-01,1.612099734458953271e-01,1.576223983212027557e-01,1.539586197040467286e-01,1.502397851111840765e-01,1.463883376871479847e-01,1.427536232204204003e-01,1.379417570643159119e-01,1.379417570643159119e-01
1.000000000000000000e+00,9.994456485292207981e-01,9.985453096967987774e-01,9.977634196634396213e-01,9.966599575274269762e-01,9.948973347051026650e-01,9.922203339807549316e-01,9.884631276899866759e-01,9.835381118856502125e-01,9.774258490016509704e-01,9.701673383093158964e-01,9.618593101580786842e-01,9.526466304916331174e-01,9.427124763305320121e-01,9.322642999381599571e-01,9.215194049249764152e-01,9.106904076238827583e-01,8.999743008692573376e-01,8.895447889158552002e-01,8.795495345977351054e-01,8.701107131102934211e-01,8.613286318084261151e-01,8.532866760107812309e-01,8.460566232616912874e-01,8.397037320175770869e-01,8.342904439505646197e-01,8.298796199432671994e-01,8.265355587535258008e-01,8.243250274806339650e-01,8.233152757671819977e-01,8.235723147306467373e-01,8.251545474494910160e-01,8.281059945336879391e-01,8.324421614489748711e-01,8.381344800435767128e-01,8.450857821268406012e-01,8.531070233776006928e-01,8.618902689120649940e-01,8.709942725770378757e-01,8.798392652377921008e-01,8.877270265332009025e-01,8.938756174440583013e-01,8.974753578469158999e-01,8.977467560684013748e-01,8.940027094224465287e-01,8.856987854468822974e-01,8.724769302039685481e-01,8.541929051864648459e-01,8.309311670335954858e-01,8.030029540048412295e-01,7.709303025290593636e-01,7.354139818482939850e-01,6.972915910156443076e-01,6.574885242617964920e-01,6.169657600435746181e-01,5.766632585921489529e-01,5.374417228669716717e-01,5.000354016366052035e-01,4.650166004304995271e-01,4.327817178214050653e-01,4.035524197042714145e-01,3.773940031624271607e-01,3.542400604264417940e-01,3.339254679440688545e-01,3.162169663163236777e-01,3.008446456568201199e-01,2.875248613436782730e-01,2.759801344594297601e-01,2.659495155932181110e-01,2.571968450445849541e-01,2.495121121369267003e-01,2.427130507269835424e-01,2.366424489213884430e-01,2.311671376250457044e-01,2.261742337375177991e-01,2.215695580083819338e-01,2.172740879687392046e-01,2.132225820766691649e-01,2.093606300716645829e-01,2.056436755766661018e-01,2.020346799904237378e-01,1.985035168919027371e-01,1.950251486155947789e-01,1.915793105485256720e-01,1.881490849677383004e-01,1.847207958006339690e-01,1.812828808944438597e-01,1.778259353729441938e-01,1.743418062244367350e-01,1.708237504383828820e-01,1.672656918036956319e-01,1.636625989434214445e-01,1.600095756109106981e-01,1.563042422798048003e-01,1.525392300498611409e-01,1.487345521970503959e-01,1.448104467155467978e-01,1.411167293221406716e-01,1.362423200002323143e-01,1.362423200002323143e-01
1.000000000000000000e+00,9.994395501810614535e-01,9.984985264099306423e-01,9.975955988664108043e-01,9.963096562446231985e-01,9.943170311785404225e-01,9.913772961156843699e-01,9.873388951259930435e-01,9.821293323299917777e-01,9.757432149632796481e-01,9.682351982843709903e-01,9.597133173168971298e-01,9.503319022568162966e-01,9.402801005616758800e-01,9.297685541064018011e-01,9.190140442037254553e-01,9.082261169198180273e-01,8.975959434229272560e-01,8.872899157911002810e-01,8.774469490169820585e-01,8.681798283192811994e-01,8.595788214868285149e-01,8.517167112489412162e-01,8.446541236711738732e-01,8.384440469115722605e-01,8.331358324081739042e-01,8.287772851361357995e-01,8.254165143378648928e-01,8.231012988691180920e-01,8.218787671957206165e-01,8.217917293746498375e-01,8.228754432875963198e-01,8.251493958710706123e-01,8.286090076414145411e-01,8.332104248485372455e-01,8.388555095564058650e-01,8.453705351342593044e-01,8.524898525052090337e-01,8.598399853741732768e-01,8.669386414282745923e-01,8.732028610169968452e-01,8.779774656167869118e-01,8.805716490847658173e-01,8.803083882469975308e-01,8.765716903405330607e-01,8.688550386205741161e-01,8.567996026013832145e-01,8.402261877237749976e-01,8.191526229264870507e-01,7.938002357468009196e-01,7.645845946272173954e-01,7.320927837876402000e-01,6.970482111152507265e-01,6.602659886987912730e-01,6.226032066529700870e-01,5.849049230358963625e-01,5.479530364199446391e-01,5.124226057386462863e-01,4.788528029373562700e-01,4.476316902681128918e-01,4.189980727015863993e-01,3.930526313739864386e-01,3.697799298065955198e-01,3.490720237801639980e-01,3.307563898737360675e-01,3.146192828100773387e-01,3.004285535644682925e-01,2.879486937116861878e-01,2.769539162899875007e-01,2.672340311682680492e-01,2.585996072629975218e-01,2.508820551577665703e-01,2.439345377101635737e-01,2.376295729414907854e-01,2.318583103169850335e-01,2.265275521589548147e-01,2.215586911055632269e-01,2.168849510643347522e-01,2.124504729786907409e-01,2.082080058581269599e-01,2.041182578588917607e-01,2.001480371846976469e-01,1.962698525123418303e-01,1.924604337362925688e-01,1.887005320040397172e-01,1.849737411213437932e-01,1.812664472925768488e-01,1.775668820244899471e-01,1.738651811646786949e-01,1.701526230136243545e-01,1.664217607597583415e-01,1.626659315966930142e-01,1.588791460280513657e-01,1.550576148585343650e-01,1.511929639878853981e-01,1.473037379974743433e-01,1.433084063170827760e-01,1.395567999790071623e-01,1.346213561997092190e-01,1.346213561997092190e-01
1.000000000000000000e+00,9.994296164977527486e-01,9.984382365995291275e-01,9.973955395051740114e-01,9.958978061705769935e-01,9.936363516437085597e-01,9.903860515544918863e-01,9.860122612138348952e-01,9.804592208492136640e-01,9.737386799622610445e-01,9.659206832428748335e-01,9.571271905940240687e-01,9.475230396531738597e-01,9.373048478277076212e-01,9.266863809098142557e-01,9.158841043767675938e-01,9.051034448154424705e-01,8.945290091290737378e-01,8.843183879184218776e-01,8.746006211109117467e-01,8.654777606552730429e-01,8.570289609612432580e-01,8.493155995815750980e-01,8.423863554632110562e-01,8.362819255468342261e-01,8.310381856726037908e-01,8.266888759421233690e-01,8.232661135870363855e-01,8.208009924875235841e-01,8.193215289813222668e-01,8.188512079497552998e-01,8.194039724454211804e-01,8.209798871500364470e-01,8.235558481069757963e-01,8.270768927576108709e-01,8.314417126056029561e-01,8.364903311023114130e-01,8.419882664392722704e-01,8.476183191524240268e-01,8.529750338027518586e-01,8.575736134552932599e-01,8.608657774536756513e-01,8.622705200388648406e-01,8.612082339176772017e-01,8.571425747990969457e-01,8.496183798696055334e-01,8.382992569124081417e-01,8.229957619794253665e-01,8.036867525559007186e-01,7.805278446509825718e-01,7.538486205429724141e-01,7.241356039157466062e-01,6.920036469973844806e-01,6.581572744012121889e-01,6.233454328296585967e-01,5.883140757489208061e-01,5.537600896382876003e-01,5.202943318962169883e-01,4.884143022923375654e-01,4.584917432260711134e-01,4.307703095318153319e-01,4.053754906948909831e-01,3.823290541392141417e-01,3.615702757016632796e-01,3.429760017308649545e-01,3.263827196976553657e-01,3.116033897590611002e-01,2.984434622986819052e-01,2.867103985103224839e-01,2.762222019541558660e-01,2.668105201481181799e-01,2.583238779757499604e-01,2.506271053137862359e-01,2.436018857617106570e-01,2.371447155700706910e-01,2.311664468769365488e-01,2.255899603688595600e-01,2.203494997401712618e-01,2.153885375650484990e-01,2.106591972446468508e-01,2.061204464329197406e-01,2.017376833529727354e-01,1.974812560363003455e-01,1.933262101417581036e-01,1.892510888892196819e-01,1.852378159629949061e-01,1.812707227918652075e-01,1.773365372550699259e-01,1.734235890170293115e-01,1.695218865007867004e-01,1.656224505795306223e-01,1.617175817514716341e-01,1.577999851185986901e-01,1.538649675577531406e-01,1.499028941320473263e-01,1.459312652916403552e-01,1.418665017806823025e-01,1.380587145857404552e-01,1.330640025057873432e-01,1.330640025057873432e-01
1.000000000000000000e+00,9.994149681447026534e-01,9.983625954514492307e-01,9.971585126387475517e-01,9.954164095615136709e-01,9.928423270483217600e-01,9.892287146810794241e-01,9.844594744355635862e-01,9.784989880706598253e-01,9.713784048851764608e-01,9.631864614067416897e-01,9.540608315032935716e-01,9.441791251672373431e-01,9.337460460877755608e-01,9.229792699445464876e-01,9.120942804840569407e-01,9.012918873414778043e-01,8.907486760832699080e-01,8.806122814741793592e-01,8.710003322069076459e-01,8.620029425958334324e-01,8.536870785644532500e-01,8.461017998870670187e-01,8.392835154114761664e-01,8.332601519161485504e-01,8.280547210481390419e-01,8.236869583873350775e-01,8.201747411491753237e-01,8.175332353444905165e-01,8.157744745969526257e-01,8.149041984169084207e-01,8.149195664469156553e-01,8.158032817822469251e-01,8.175187452796417453e-01,8.200006721858940084e-01,8.231472433644881903e-01,8.268079406395635322e-01,8.307753388741664358e-01,8.347755835281260861e-01,8.384676525014027604e-01,8.414457946230150531e-01,8.432543256049974678e-01,8.434067494668341380e-01,8.414152674862613868e-01,8.368208343664490512e-01,8.292276769022176586e-01,8.183331891172878070e-01,8.039560182699376778e-01,7.860549787119360809e-01,7.647406097138844672e-01,7.402744520023206709e-01,7.130574245320077109e-01,6.836064142370651409e-01,6.525215864372869712e-01,6.204477057297211884e-01,5.880324950762205738e-01,5.558880026178679712e-01,5.245573639052424353e-01,4.944923454526878870e-01,4.660398497135707085e-01,4.394403080446723231e-01,4.148322900820363146e-01,3.922653907592935640e-01,3.717145672240732557e-01,3.530985465159571790e-01,3.362955718634589863e-01,3.211599398431708718e-01,3.075335029118502761e-01,2.952566026710581326e-01,2.841738221731428538e-01,2.741395197206538681e-01,2.650192847253725614e-01,2.566920253693021903e-01,2.490491625610144755e-01,2.419950413504361186e-01,2.354452731600742144e-01,2.293265112100027481e-01,2.235746536961347453e-01,2.181344654536696570e-01,2.129579285896507357e-01,2.080038984613869490e-01,2.032366868564374762e-01,1.986258113756433352e-01,1.941448137972489607e-01,1.897711105116498265e-01,1.854850185816453445e-01,1.812696958894049193e-01,1.771103392652229047e-01,1.729941970640772875e-01,1.689099111864321434e-01,1.648475744127302356e-01,1.607983007443973544e-01,1.567540008435035770e-01,1.527088838566979800e-01,1.486524914421826216e-01,1.446010385130428177e-01,1.404693018156827899e-01,1.366072787194979044e-01,1.315556730318554468e-01,1.315556730318554468e-01
1.000000000000000000e+00,9.993951172101247504e-01,9.982691068648483768e-01,9.968793721473628855e-01,9.948556113703245218e-01,9.919199641654198318e-01,9.878837102718704966e-01,9.826527673458504974e-01,9.762143339462567848e-01,9.686229470408314057e-01,9.599886538758202192e-01,9.504680141847279273e-01,9.402528877038122124e-01,9.295576231004084589e-01,9.186037097918711147e-01,9.076055428557563420e-01,8.967579888465272431e-01,8.862284575629980621e-01,8.761528836577964219e-01,8.666360761467487572e-01,8.577547872582469424e-01,8.495626573981749363e-01,8.420957320403005264e-01,8.353774901446848755e-01,8.294232956808134105e-01,8.242431783780823640e-01,8.198441053206837470e-01,8.162302115835026184e-01,8.134031566104366062e-01,8.113602061153869505e-01,8.100930693950204597e-01,8.095839975508328790e-01,8.098030424586880605e-01,8.107018901872373728e-01,8.122091952202233900e-01,8.142220881433431812e-01,8.166002046700885364e-01,8.191568718124145887e-01,8.216554612376535394e-01,8.238057438123131959e-01,8.252688755393706721e-01,8.256649987769082433e-01,8.245906284056961910e-01,8.216381630402844749e-01,8.164224579391939907e-01,8.086062516713826698e-01,7.979277660463295341e-01,7.842230951907943615e-01,7.674453167947592469e-01,7.476745627644940662e-01,7.251201218660776604e-01,7.001114607835540182e-01,6.730798350513343964e-01,6.445313056318712208e-01,6.150139864870529660e-01,5.850835973052852523e-01,5.552700174424163304e-01,5.260501257068569414e-01,4.978269506382497767e-01,4.709188459022410345e-01,4.455551178906737575e-01,4.218803592626276799e-01,3.999619642272432274e-01,3.798030981831534425e-01,3.613551780570783967e-01,3.445326848755537186e-01,3.292247109699274477e-01,3.153068246152341825e-01,3.026485522148920082e-01,2.911207142858558417e-01,2.805987529322982454e-01,2.709663787278865921e-01,2.621161416117084308e-01,2.539508795366910432e-01,2.463829182687749531e-01,2.393344543134167113e-01,2.327362497509799788e-01,2.265275814466093107e-01,2.206548592693367283e-01,2.150714420830856510e-01,2.097363592634165774e-01,2.046141233419556948e-01,1.996736151591450015e-01,1.948879432803520828e-01,1.902334993355946635e-01,1.856898779489798978e-01,1.812390858218825007e-01,1.768655198212509827e-01,1.725553040189069243e-01,1.682963226658465983e-01,1.640776450002426057e-01,1.598897110941214506e-01,1.557234988667333397e-01,1.515725555102393485e-01,1.474254250747308037e-01,1.432974029384267989e-01,1.391014494064896634e-01,1.351876282060313628e-01,1.300817445967627217e-01,1.300817445967627217e-01
1.000000000000000000e+00,9.993689627752584403e-01,9.981551170162712427e-01,9.965515370482804780e-01,9.942039541499287925e-01,9.908508762966583561e-01,9.863254846042817103e-01,9.805585321419151290e-01,9.735646073372372644e-01,9.654251266206157478e-01,9.562756721581345820e-01,9.462942399826477224e-01,9.356895181967326280e-01,9.246862294787179248e-01,9.135101851579853216e-01,9.023736721388806448e-01,8.914645528479210324e-01,8.809391390271572586e-01,8.709200045949048175e-01,8.614972925360659950e-01,8.527329177707608787e-01,8.446660375138098642e-01,8.373187406853849213e-01,8.307013376295148133e-01,8.248162841751253138e-01,8.196613764274822689e-01,8.152310624010482565e-01,8.115175349989006692e-01,8.085098188082091575e-01,8.061933384294364124e-01,8.045472682801593223e-01,8.035429295870714084e-01,8.031395492217200394e-01,8.032814817360725002e-01,8.038923523354394307e-01,8.048712189530549121e-01,8.060857508796860360e-01,8.073687418998187759e-01,8.085129564764518273e-01,8.092716272528951427e-01,8.093594646572650486e-01,8.084613212464744070e-01,8.062425318979272726e-01,8.023666187590096088e-01,7.965135450319855703e-01,7.884025052867893457e-01,7.778124627741525021e-01,7.646029271600524035e-01,7.487289616383020485e-01,7.302517321878329026e-01,7.093402940636666099e-01,6.862656686799650796e-01,6.613859715435942421e-01,6.351245498610109674e-01,6.079433487796571667e-01,5.803139973927914363e-01,5.526908404429003996e-01,5.254872011463451731e-01,4.990587369178027255e-01,4.736922556432002773e-01,4.496025518972784907e-01,4.269332223085675615e-01,4.057635699988109135e-01,3.861166024113397155e-01,3.679705233395239583e-01,3.512686370988220008e-01,3.359305924285346800e-01,3.218603765538433081e-01,3.089545869640449305e-01,2.971071210891227943e-01,2.862141157585869067e-01,2.761758232876984631e-01,2.668991179642347666e-01,2.582976442461722422e-01,2.502929115114626568e-01,2.428135987771956050e-01,2.357959378599167044e-01,2.291827001946474263e-01,2.229232589244541651e-01,2.169725243128750036e-01,2.112908836399267076e-01,2.058432061315060846e-01,2.005987570529533803e-01,1.955303179841558492e-01,1.906141184864598992e-01,1.858290798980745950e-01,1.811567804030412565e-01,1.765808122614249687e-01,1.720867806104351139e-01,1.676617604593200472e-01,1.632943074227838076e-01,1.589740959179886670e-01,1.546916045025480968e-01,1.504395913025805276e-01,1.462059768826203254e-01,1.420049705805671580e-01,1.377480863750931983e-01,1.337851071486980403e-01,1.286280786948977573e-01,1.286280786948977573e-01
1.000000000000000000e+00,9.993356931649876040e-01,9.980171277274620945e-01,9.961674571992895633e-01,9.934471837274428951e-01,9.896130950435511053e-01,9.845226900462678010e-01,9.781363966833668266e-01,9.705004728992017160e-01,9.617285912662900671e-01,9.519857204575224996e-01,9.414751939613822396e-01,9.304244177515827996e-01,9.190699333741053634e-01,9.076414379473969340e-01,8.963483302129214847e-01,8.853694695701472828e-01,8.748481535426267941e-01,8.648912682473529623e-01,8.555723562921174752e-01,8.469367639822722449e-01,8.390078108177007055e-01,8.317928691371265781e-01,8.252884317208963871e-01,8.194843070685373654e-01,8.143660543019811682e-01,8.099168598111827766e-01,8.061175557372808331e-01,8.029467835162520384e-01,8.003792566822665044e-01,7.983848255013796802e-01,7.969254283634293889e-01,7.959533513897378842e-01,7.954070489656467347e-01,7.952087331980924878e-01,7.952593499554319045e-01,7.954360427727555916e-01,7.955874372857216770e-01,7.955327465609343118e-01,7.950599704298340065e-01,7.939296013119621076e-01,7.918788208564234710e-01,7.886320321297312086e-01,7.839121328028476610e-01,7.774570908762252763e-01,7.690359162260792525e-01,7.584671489794829746e-01,7.456342146125191084e-01,7.304994093878151018e-01,7.131118181224347374e-01,6.936101499865169329e-01,6.722178130037548272e-01,6.492315298223733100e-01,6.250037875327341119e-01,5.999211547870787475e-01,5.743812545369612055e-01,5.487700958544364793e-01,5.234433137634033617e-01,4.987110685281042066e-01,4.748293944227863217e-01,4.519954213705146828e-01,4.303485776629271120e-01,4.099738237428118826e-01,3.909090398354422846e-01,3.731521701014559600e-01,3.566705873899397305e-01,3.414084101970883967e-01,3.272947007640476524e-01,3.142487748144142667e-01,3.021859233581200566e-01,2.910203042173120647e-01,2.806683534407616309e-01,2.710498429184600711e-01,2.620896984502108507e-01,2.537179694806734331e-01,2.458707097411594877e-01,2.384894071527915160e-01,2.315213608201953099e-01,2.249188970692180545e-01,2.186394953943989472e-01,2.126449652243800892e-01,2.069014605117702743e-01,2.013787027536124707e-01,1.960499585334323780e-01,1.908913441728388727e-01,1.858818031105319568e-01,1.810024997672818325e-01,1.762368119764091690e-01,1.715698049619256427e-01,1.669882449678449510e-01,1.624801193695890045e-01,1.580347631522458773e-01,1.536420703111104902e-01,1.492943751843995859e-01,1.449788644862989029e-01,1.407089699855388065e-01,1.363946751738453755e-01,1.323855797187999672e-01,1.271807678367095906e-01,1.271807678367095906e-01
1.000000000000000000e+00,9.992938388616375844e-01,9.978511832807750448e-01,9.957175054159862482e-01,9.925681597558434488e-01,9.881793141227004362e-01,9.824372281686748476e-01,9.753367174160597619e-01,9.669621850119030082e-01,9.574648993269970765e-01,9.470447814459649338e-01,9.359339755473722322e-01,9.243814258146723084e-01,9.126360462478717572e-01,9.009312378932189391e-01,8.894716459431226685e-01,8.784250294488953337e-01,8.679188418428898100e-01,8.580417699488598338e-01,8.488483116295637565e-01,8.403653087999681803e-01,8.325988387680678393e-01,8.255404860878603479e-01,8.191726564772631169e-01,8.134722180836118088e-01,8.084132549536967582e-01,8.039680220605707195e-01,8.001076842330082650e-01,7.968013388673885755e-01,7.940155367453828328e-01,7.917120382547214730e-01,7.898466408691289242e-01,7.883660452308999256e-01,7.872062588734284327e-01,7.862888368758216284e-01,7.855191653380488859e-01,7.847826325510844914e-01,7.839436163808566338e-01,7.828429376034012899e-01,7.812992546530164173e-01,7.791099335737249332e-01,7.760568614669546283e-01,7.719124700473871670e-01,7.664507235895376969e-01,7.594580479427045505e-01,7.507478060900173444e-01,7.401732820201660790e-01,7.276415004917797802e-01,7.131232794951014586e-01,6.966608009969855742e-01,6.783693111665385356e-01,6.584339487434290872e-01,6.371005193051557658e-01,6.146616781477061142e-01,5.914398090077633841e-01,5.677682343917033192e-01,5.439734883484399486e-01,5.203592563752016398e-01,4.971946898645708823e-01,4.747057959842304609e-01,4.530720425552424158e-01,4.324253111347668432e-01,4.128531462537733399e-01,3.944026775263513862e-01,3.770873449593368232e-01,3.608926383365403945e-01,3.457833125997849533e-01,3.317085269252012525e-01,3.186077109517322925e-01,3.064140212991545709e-01,2.950583505168530851e-01,2.844711210718350314e-01,2.745847314906114667e-01,2.653341651278137148e-01,2.566583718342533849e-01,2.485001732481657288e-01,2.408069933538878882e-01,2.335304023450191224e-01,2.266264738237774023e-01,2.200551778666209879e-01,2.137805368818544716e-01,2.077699874324502594e-01,2.019944368596115203e-01,1.964276558303683917e-01,1.910462936712245818e-01,1.858293284846678217e-01,1.807580713605196066e-01,1.758156795555229357e-01,1.709871601286930276e-01,1.662589414426974832e-01,1.616188563483275387e-01,1.570558475165292622e-01,1.525595812246522964e-01,1.481218915629221589e-01,1.437295450201876157e-01,1.393950891774326517e-01,1.350273122933191572e-01,1.309753147621713631e-01,1.257265240474438328e-01,1.257265240474438328e-01
1.000000000000000000e+00,9.992420812095994531e-01,9.976521439405177105e-01,9.951901747210312177e-01,9.915453224259803688e-01,9.865160305925164685e-01,9.800216622180885073e-01,9.720985962415558124e-01,9.628762150142285980e-01,9.525509277918071671e-01,9.413631657426043686e-01,9.295786561419628891e-01,9.174699956401651812e-01,9.052993768094468319e-01,8.933025401494475437e-01,8.816772986960483838e-01,8.705770321944155121e-01,8.601101710142186052e-01,8.503438875386492013e-01,8.413109038163821829e-01,8.330173229567475746e-01,8.254503072761647520e-01,8.185847511637505125e-01,8.123883062021358681e-01,8.068251686439074088e-01,8.018580338531375862e-01,7.974494499118284230e-01,7.935615346156434935e-01,7.901558613516407314e-01,7.871918089903032767e-01,7.846257107200209635e-01,7.824083903139912310e-01,7.804839863679652323e-01,7.787870068552269487e-01,7.772411101344014472e-01,7.757560387287982806e-01,7.742267961539527343e-01,7.725311712488781568e-01,7.705302155540429965e-01,7.680676287641220457e-01,7.649728949194428695e-01,7.610640032228609408e-01,7.561543358247215796e-01,7.500593944392914825e-01,7.426071977048497308e-01,7.336479459985779661e-01,7.230657401568053588e-01,7.107881283725067112e-01,6.967951958675068225e-01,6.811246399533651408e-01,6.638738857616829359e-01,6.451971365720483576e-01,6.252984533895352692e-01,6.044208118612013347e-01,5.828324960113049347e-01,5.608125054767691964e-01,5.386359257175477033e-01,5.165615725284222748e-01,4.948215431674466425e-01,4.736147612011987751e-01,4.531026611246302127e-01,4.334088466697749720e-01,4.146199050325697355e-01,3.967892593355917819e-01,3.799408407923176578e-01,3.640746852142352497e-01,3.491712366251965571e-01,3.351967363435909841e-01,3.221067335180352598e-01,3.098502901161558909e-01,2.983722332220189455e-01,2.876160370927508536e-01,2.775249615927613545e-01,2.680438711610164115e-01,2.591195956846490400e-01,2.507020134407907941e-01,2.427439411946990255e-01,2.352017463870184899e-01,2.280349865946360299e-01,2.212067368858192107e-01,2.146831202663047056e-01,2.084334721063260121e-01,2.024298456401434632e-01,1.966470896556284098e-01,1.910623740763107425e-01,1.856552258638701491e-01,1.804070939359135317e-01,1.753013665599292836e-01,1.703229755844176130e-01,1.654584051206944295e-01,1.606953029198637528e-01,1.560225623898974512e-01,1.514295758323109808e-01,1.469079770339512259e-01,1.424440531888117867e-01,1.380497236004633033e-01,1.336325693097592249e-01,1.295412089070955564e-01,1.242524694368739996e-01,1.242524694368739996e-01
1.000000000000000000e+00,9.991783399475044902e-01,9.974139162157539262e-01,9.945707358281853372e-01,9.903520037047486291e-01,9.845809906365441400e-01,9.772170605531291798e-01,9.683460627818172295e-01,9.581519982797024326e-01,9.468845668021721451e-01,9.348321533250107951e-01,9.222985220214529045e-01,9.095826366109522887e-01,8.969596927434815292e-01,8.846661000136021302e-01,8.728892985934665338e-01,8.617644228369085724e-01,8.513765418978685995e-01,8.417675319260538025e-01,8.329450150569066569e-01,8.248918204337215565e-01,8.175744759829846053e-01,8.109499933738913979e-01,8.049709880378932425e-01,7.995887910948636934e-01,7.947555151286137542e-01,7.904244511195781531e-01,7.865502813009760397e-01,7.830878908478937639e-01,7.799916971397533594e-01,7.772136237480903320e-01,7.747021094921140438e-01,7.723996682941727254e-01,7.702419013696949479e-01,7.681549565666199175e-01,7.660548472592978442e-01,7.638452380417429799e-01,7.614175679792051232e-01,7.586498907702641237e-01,7.554086107403419348e-01,7.515493814273488393e-01,7.469213489742088097e-01,7.413709279965717824e-01,7.347488937150207233e-01,7.269169339606186275e-01,7.177566996068485139e-01,7.071775766949683906e-01,6.951252941850390998e-01,6.815879469045589278e-01,6.666007488141640902e-01,6.502469852466890021e-01,6.326561512903305928e-01,6.139982554084365551e-01,5.944753679982082151e-01,5.743110442409888883e-01,5.537386036676223977e-01,5.329899293325092158e-01,5.122849927858392771e-01,4.918239663478466972e-01,4.717809147978940243e-01,4.523007806139068832e-01,4.334976268235167796e-01,4.154558245704636499e-01,3.982315749222519741e-01,3.818565892919386640e-01,3.663411285062327938e-01,3.516784304000838968e-01,3.378478100628616865e-01,3.248186474103283983e-01,3.125527694516200272e-01,3.010075120305304441e-01,2.901372111693201195e-01,2.798953343191072363e-01,2.702352241069843064e-01,2.611114889678664008e-01,2.524802235808865092e-01,2.442998727261795622e-01,2.365311272826776667e-01,2.291374378769285847e-01,2.220847331925158707e-01,2.153417128006334391e-01,2.088794856701022828e-01,2.026717307667439405e-01,1.966943155252533493e-01,1.909253814671233451e-01,1.853449748330960878e-01,1.799350911140716602e-01,1.746793299587778847e-01,1.695629123208201028e-01,1.645723579622445087e-01,1.596954528161172449e-01,1.549210150054796120e-01,1.502384505653226177e-01,1.456391574266479583e-01,1.411092049619646349e-01,1.366598274954745063e-01,1.321977031814255965e-01,1.280706691097542593e-01,1.227464024033640272e-01,1.227464024033640272e-01
1.000000000000000000e+00,9.991004791263288221e-01,9.971286033549231487e-01,9.938409684331566130e-01,9.889541581366914080e-01,9.823210681847003301e-01,9.739488542279145511e-01,9.639841509925385354e-01,9.526766219700621985e-01,9.403401683236735087e-01,9.273189441325047078e-01,9.139603048210175329e-01,9.005912942446221425e-01,8.874995167621251291e-01,8.749186505111320455e-01,8.630213261719421602e-01,8.519189679272565208e-01,8.416681722457776127e-01,8.322807661398242685e-01,8.237355101929713097e-01,8.159891291325530593e-01,8.089855520492201801e-01,8.026629374582946452e-01,7.969582973225887157e-01,7.918104872228577396e-01,7.871613330150591947e-01,7.829561646120201113e-01,7.791429885066072369e-01,7.756718930525378086e-01,7.724932874863543741e-01,7.695569370192757441e-01,7.668098120583404231e-01,7.641951449244399619e-01,7.616502075843489816e-01,7.591056516802557885e-01,7.564835173183594996e-01,7.536971641781355924e-01,7.506499473393752897e-01,7.472362075075410504e-01,7.433412407302431024e-01,7.388439462850495687e-01,7.336187488091263642e-01,7.275403384601911716e-01,7.204878096457825176e-01,7.123512763092105793e-01,7.030376021509746609e-01,6.924776186924502808e-01,6.806316802402223587e-01,6.674951672499864763e-01,6.531013195054172771e-01,6.375224806221896356e-01,6.208681546629274406e-01,6.032808085331886616e-01,5.849291791802518903e-01,5.659999775036064218e-01,5.466889097360172478e-01,5.271914979367069432e-01,5.076951691590375626e-01,4.883722231896282517e-01,4.693752113166494988e-01,4.508333873818433091e-01,4.328517436556499898e-01,4.155106230902934072e-01,3.988675017307985460e-01,3.829586001346030333e-01,3.678020684279408870e-01,3.534003390960779867e-01,3.397435489800182395e-01,3.268117362599164410e-01,3.145778084623460091e-01,3.030091733978386159e-01,2.920700152820926432e-01,2.817223052733326405e-01,2.719274156263846720e-01,2.626466202472436118e-01,2.538421780643518311e-01,2.454774726525894568e-01,2.375177082633659620e-01,2.299298212358959204e-01,2.226829106236421774e-01,2.157480219486056228e-01,2.090984050017963558e-01,2.027092386383459732e-01,1.965577810292295224e-01,1.906230778836723594e-01,1.848860478950488662e-01,1.793291961023094627e-01,1.739366583670949595e-01,1.686939223278219047e-01,1.635878389618028173e-01,1.586063161652273845e-01,1.537383660252214512e-01,1.489733935326837400e-01,1.443028067570492345e-01,1.397124437620764770e-01,1.352130680297604914e-01,1.307105050126348422e-01,1.265517504459094944e-01,1.211966159189125924e-01,1.211966159189125924e-01
1.000000000000000000e+00,9.990053872937039170e-01,9.967864697560704368e-01,9.929772621827503976e-01,9.873084865326998694e-01,9.796680088847650181e-01,9.701223386239127278e-01,9.588924913123346716e-01,9.463087974289524640e-01,9.327617629552461542e-01,9.186611396814993169e-01,9.044029252296994503e-01,8.903438071169185175e-01,8.767812727624977320e-01,8.639416102536767728e-01,8.519760625531651588e-01,8.409656361242460187e-01,8.309318604287970755e-01,8.218510378803417504e-01,8.136686872556474492e-01,8.063123123338347131e-01,7.997013319378655227e-01,7.937539315069636059e-01,7.883914319837238560e-01,7.835403329411942952e-01,7.791332173148127760e-01,7.751082017402521895e-01,7.714083131904425628e-01,7.679798274606527420e-01,7.647711877105184408e-01,7.617309612560381193e-01,7.588067949278736180e-01,7.559433412651006545e-01,7.530815049348729140e-01,7.501565791905018266e-01,7.470979964676512930e-01,7.438279538302039473e-01,7.402619454416358158e-01,7.363082616681198012e-01,7.318696705258442847e-01,7.268442429647720138e-01,7.211285275912419079e-01,7.146200175058030624e-01,7.072218618108520038e-01,6.988468148883899556e-01,6.894228900655405834e-01,6.788978578441777767e-01,6.672444282664163895e-01,6.544635912449441317e-01,6.405873776967244693e-01,6.256791783461204126e-01,6.098325516223874754e-01,5.931676708111552898e-01,5.758262179200552833e-01,5.579649544875469047e-01,5.397485463806377393e-01,5.213426156818861124e-01,5.029070259141221744e-01,4.845906630440872109e-01,4.665269401293541951e-01,4.488313511299063530e-01,4.315996233078552846e-01,4.149078587636881310e-01,3.988127891256758040e-01,3.833536480283034065e-01,3.685536032897216985e-01,3.544223818965980821e-01,3.409580329333597448e-01,3.281495586825012856e-01,3.159784725895238289e-01,3.044210378288710883e-01,2.934494032493685234e-01,2.830333288599057862e-01,2.731408879676729962e-01,2.637397119195661332e-01,2.547973376959814518e-01,2.462820628827978864e-01,2.381630396679308703e-01,2.304108395090163353e-01,2.229973844260519922e-01,2.158963080560571401e-01,2.090827943743280848e-01,2.025338026072873165e-01,1.962278618656311813e-01,1.901452082267580113e-01,1.842675647056142563e-01,1.785782212510558797e-01,1.730618123568306022e-01,1.677043513990378043e-01,1.624930021661444290e-01,1.574160382655509505e-01,1.524626606164011244e-01,1.476225049192883554e-01,1.428869922759588018e-01,1.382419544409675127e-01,1.336976754246727295e-01,1.291594129122908552e-01,1.249730254100387683e-01,1.195920497714808295e-01,1.195920497714808295e-01
1.000000000000000000e+00,9.988895499820524826e-01,9.963747758868934934e-01,9.919494016365310030e-01,9.853584992198923809e-01,9.765336741702437262e-01,9.656152476709477517e-01,9.529175866748870183e-01,9.388698409028949365e-01,9.239550896684038950e-01,9.086590594027486034e-01,8.934318307449169438e-01,8.786593450231094948e-01,8.646448204134434823e-01,8.515996974866812952e-01,8.396453340077808525e-01,8.288234161401796252e-01,8.191125911634432599e-01,8.104470832064599728e-01,8.027343346918353051e-01,7.958693591853805982e-01,7.897450896742772564e-01,7.842590227435271011e-01,7.793166537503606328e-01,7.748329461306643351e-01,7.707320244624399352e-01,7.669464083421001499e-01,7.634152591120144660e-01,7.600830113735960181e-01,7.568972416635808553e-01,7.538073727791774203e-01,7.507625856498313377e-01,7.477108619637296005e-01,7.445971409387338591e-01,7.413628522235913287e-01,7.379444963675287905e-01,7.342738308994521956e-01,7.302771067628159862e-01,7.258761207105193236e-01,7.209883954004060458e-01,7.155293241382979508e-01,7.094135471992861763e-01,7.025582877385925240e-01,6.948859463607062192e-01,6.863283766395121832e-01,6.768302523336411358e-01,6.663534809319749952e-01,6.548803035100482228e-01,6.424165142284204988e-01,6.289928756097353801e-01,6.146657489577528333e-01,5.995157305320873986e-01,5.836450813775739821e-01,5.671736323374195754e-01,5.502337641338433949e-01,5.329649261342176425e-01,5.155079247131201248e-01,4.979999029297219604e-01,4.805696574298991552e-01,4.633343974219080175e-01,4.463969768650097314e-01,4.298447955352314720e-01,4.137489356023967280e-01,3.981648276043678325e-01,3.831327480595100310e-01,3.686795504328260753e-01,3.548198428404794047e-01,3.415581050412875297e-01,3.288899954933205971e-01,3.168043838534527201e-01,3.052844679785998161e-01,2.943094870427865883e-01,2.838555294297550047e-01,2.738968619419534511e-01,2.644064308950880848e-01,2.553568351086269450e-01,2.467205766210765205e-01,2.384707421722323528e-01,2.305810734069544676e-01,2.230264278562291980e-01,2.157827320430854567e-01,2.088272849403207121e-01,2.021386434120120978e-01,1.956968179105041672e-01,1.894831243126921805e-01,1.834803072481868136e-01,1.776723772092612952e-01,1.720446813206115144e-01,1.665837260563160505e-01,1.612771975639375188e-01,1.561137278987745070e-01,1.510829156171478727e-01,1.461746425074076927e-01,1.413805530350517869e-01,1.366865087103742160e-01,1.321025070167458348e-01,1.275333517835442743e-01,1.233236332244787015e-01,1.179221144476780558e-01,1.179221144476780558e-01
1.000000000000000000e+00,9.987480314384608038e-01,9.958771898621877616e-01,9.907173009925764884e-01,9.830299731439197108e-01,9.728019006695715065e-01,9.602682674055807999e-01,9.458610434629544095e-01,9.301323599721930124e-01,9.136763655158997022e-01,8.970667831021427174e-01,8.808116499168302527e-01,8.653238800606081194e-01,8.509047099052989838e-01,8.377404194068986953e-01,8.259107847167933558e-01,8.154072395719120792e-01,8.061559674762679428e-01,7.980417425825133693e-01,7.909286521954776994e-01,7.846758996992779789e-01,7.791483022705997241e-01,7.742221187454566556e-01,7.697875958765881821e-01,7.657490141914726767e-01,7.620236877476523896e-01,7.585398909260083755e-01,7.552349709122966326e-01,7.520528763661554761e-01,7.489424149045442736e-01,7.458549584019847911e-01,7.427431509574199398e-01,7.395589619900873046e-01,7.362529393173912196e-01,7.327727032412698627e-01,7.290628179799679698e-01,7.250638473402891693e-01,7.207129491330458437e-01,7.159436576523465767e-01,7.106873268478268724e-01,7.048738079441237980e-01,6.984338180386223671e-01,6.913005769479894091e-01,6.834129961857191571e-01,6.747180770010243744e-01,6.651744783508254377e-01,6.547550794200455160e-01,6.434500773589685307e-01,6.312687452187299986e-01,6.182409797706482912e-01,6.044172603697625101e-01,5.898678469352730547e-01,5.746805208969848477e-01,5.589574860045739557e-01,5.428114454982312376e-01,5.263612071687250316e-01,5.097273699859476981e-01,4.930280222512233301e-01,4.763752998970446906e-01,4.598722233176685270e-01,4.436108077260649818e-01,4.276704110319191066e-01,4.121174187578520165e-01,3.970049190262986416e-01,3.823735652077828173e-01,3.682521208518603761e-01,3.546589686884553672e-01,3.416030462373581544e-01,3.290855412400676694e-01,3.171008636527971603e-01,3.056382290455981754e-01,2.946824728225448942e-01,2.842153785159539647e-01,2.742162660405425001e-01,2.646630290020086651e-01,2.555325035578964732e-01,2.468012375000818437e-01,2.384456802350598537e-01,2.304427309204350460e-01,2.227697987554374259e-01,2.154051820695172814e-01,2.083280437691469034e-01,2.015186679372484579e-01,1.949583855018899303e-01,1.886297452449436918e-01,1.825164130339935742e-01,1.766032818702938101e-01,1.708763538853280417e-01,1.653227955641341784e-01,1.599307932362704077e-01,1.546895136237425861e-01,1.495889659900449253e-01,1.446194714391749181e-01,1.397729449406063806e-01,1.350354926824063051e-01,1.304168775865866270e-01,1.258217422955736076e-01,1.215931116498204928e-01,1.161767239649168504e-01,1.161767239649168504e-01
1.000000000000000000e+00,9.985748208148472749e-01,9.952717914076271155e-01,9.892275000385144512e-01,9.802228468755598279e-01,9.683175687820432254e-01,9.538701510708732512e-01,9.374638669981849581e-01,9.198039236035350230e-01,9.016182554280500749e-01,8.835802948231062937e-01,8.662581129021336146e-01,8.500849545585332789e-01,8.353482503037743534e-01,8.221941832068202505e-01,8.106459540243724504e-01,8.006309878956667792e-01,7.920119351193304347e-01,7.846158468013275655e-01,7.782580262939828852e-01,7.727588324956725652e-01,7.679537142998584809e-01,7.636979364964501249e-01,7.598674266507202679e-01,7.563575744596715555e-01,7.530806017750931725e-01,7.499628449266032559e-01,7.469415956043984339e-01,7.439626244692784107e-01,7.409774165002256385e-01,7.379413589380700023e-01,7.348115279450265769e-01,7.315455673283196569e-01,7.281000213199654292e-01,7.244298796001522600e-01,7.204874695462780698e-01,7.162226758030511009e-01,7.115824542372256589e-01,7.065117667826286141e-01,7.009538047164177721e-01,6.948516708741105941e-01,6.881493616601633834e-01,6.807941403893004173e-01,6.727381889388444058e-01,6.639414220130265276e-01,6.543734729420029872e-01,6.440164222743436362e-01,6.328664944336337417e-01,6.209359361348971706e-01,6.082536515722676285e-01,5.948654893363960472e-01,5.808332601580865617e-01,5.662331376280314021e-01,5.511531138321185130e-01,5.356899336107259213e-01,5.199457144742740677e-01,5.040243653824696413e-01,4.880283784179373918e-01,4.720557031877755660e-01,4.561974874481033448e-01,4.405359849039319209e-01,4.251435425200313922e-01,4.100816442046514854e-01,3.954010230540538906e-01,3.811416153452443223e-01,3.673334498938508053e-01,3.539971575003776905e-01,3.411452495644926586e-01,3.287828529407067490e-01,3.169090679672740829e-01,3.055176994219695463e-01,2.945985012901404243e-01,2.841377825828239612e-01,2.741194490606946310e-01,2.645254434498309215e-01,2.553365640624071231e-01,2.465327467336949907e-01,2.380936790027699812e-01,2.299989531330302039e-01,2.222285112188580325e-01,2.147627044212636060e-01,2.075826077653796509e-01,2.006700177491863024e-01,1.940076718464656402e-01,1.875792094466209869e-01,1.813693232512992026e-01,1.753636981269779960e-01,1.695491089472504487e-01,1.639133338545940566e-01,1.584451927588912401e-01,1.531343827024434778e-01,1.479714849154850631e-01,1.429473077257868430e-01,1.380542366368455176e-01,1.332787263812905409e-01,1.286305160893941868e-01,1.240142910283050098e-01,1.197713270092002347e-01,1.143460768015155393e-01,1.143460768015155393e-01
1.000000000000000000e+00,9.983614759080965406e-01,9.945290342272158357e-01,9.874060766696598490e-01,9.767996760849229076e-01,9.628686092983007594e-01,9.461365332114690663e-01,9.273829386915519724e-01,9.075052753856858168e-01,8.873907062172071702e-01,8.678233273702616879e-01,8.494283306025346425e-01,8.326469122481245932e-01,8.177342148693643731e-01,8.047761275770559664e-01,7.937198069645268195e-01,7.844122705677505358e-01,7.766399136881759757e-01,7.701633561240766035e-01,7.647438807357869184e-01,7.601605553715542474e-01,7.562191680560483853e-01,7.527549619349187537e-01,7.496315976766643185e-01,7.467378209547712586e-01,7.439835434849025875e-01,7.412955232316107423e-01,7.386137265698925480e-01,7.358877075740516416e-01,7.330739914943865676e-01,7.301333598055268492e-01,7.270292057672000929e-01,7.237255893157945597e-01,7.201864063074954192e-01,7.163740930515094529e-01,7.122495040039430458e-01,7.077712193922490735e-01,7.028960853018351163e-01,6.975791309463014178e-01,6.917747498754009960e-01,6.854372387878100437e-01,6.785225672126155017e-01,6.709894861337005745e-01,6.628017290173761067e-01,6.539294956936151371e-01,6.443517539563260454e-01,6.340577070252152447e-01,6.230486766696236023e-01,6.113390027306723207e-01,5.989569140102224409e-01,5.859443401547004271e-01,5.723563646681200101e-01,5.582597557148822887e-01,5.437310538821202854e-01,5.288541338356899102e-01,5.137174719180293003e-01,4.984114266205087462e-01,4.830254506395789127e-01,4.676458006851850757e-01,4.523533168864595222e-01,4.372219995875694654e-01,4.223176451211074767e-01,4.076973797969700164e-01,3.934091280155099790e-01,3.794919376568063885e-01,3.659760697632832294e-01,3.528838345562356205e-01,3.402300385327695076e-01,3.280230531652993387e-01,3.162653933446202270e-01,3.049548087911879146e-01,2.940848431992407752e-01,2.836458215078985767e-01,2.736253120093973257e-01,2.640089519013283370e-01,2.547807876476146371e-01,2.459239278973356368e-01,2.374207688256201598e-01,2.292534898037277835e-01,2.214041852085767703e-01,2.138552299431686621e-01,2.065893432804332686e-01,1.995898539581076325e-01,1.928407196441613292e-01,1.863267184962421608e-01,1.800334420023030069e-01,1.739474322164326070e-01,1.680561544207097857e-01,1.623480813967714820e-01,1.568126308153411919e-01,1.514401448257674254e-01,1.462218020135272190e-01,1.411490692211187226e-01,1.362149067974953720e-01,1.314063647328072570e-01,1.267333101898204528e-01,1.221008344617473679e-01,1.178481856596288874e-01,1.124205039477388784e-01,1.124205039477388784e-01
1.000000000000000000e+00,9.980968621875495606e-01,9.936071143513666160e-01,9.851482794076622529e-01,9.725654995740502518e-01,9.561586384847478026e-01,9.366766222570889200e-01,9.151574995193740847e-01,8.927393005734898246e-01,8.704963636827963702e-01,8.493295437288231886e-01,8.299105348257406201e-01,8.126665087236817353e-01,7.977935198834320563e-01,7.852898703442150463e-01,7.750026210369709290e-01,7.666790804165540818e-01,7.600156389893010234e-01,7.546977891430836083e-01,7.504283539303920891e-01,7.469439021656032462e-01,7.440214742276406445e-01,7.414787223549753614e-01,7.391700271047169091e-01,7.369810357162313030e-01,7.348225868044822029e-01,7.326252979660642373e-01,7.303345176672115802e-01,7.279064601287223990e-01,7.253046317490093875e-01,7.224974246536911560e-01,7.194557136753876314e-01,7.161515532685245322e-01,7.125566315355607028e-01,7.086418028261350921e-01,7.043762099666421861e-01,6.997274964135583586e-01,6.946615077951564521e-01,6.891430959161686243e-01,6.831363589827863514e-01,6.766059642388342343e-01,6.695178754367197005e-01,6.618410763448042688e-01,6.535486606888573080e-01,6.446197376927033096e-01,6.350406353734597831e-01,6.248066378766948814e-01,6.139229236895016317e-01,6.024056920565667994e-01,5.902824157927509807e-01,5.775919652959206063e-01,5.643838997339446495e-01,5.507174535716111707e-01,5.366599172363268888e-01,5.222847258603807719e-01,5.076693273041056331e-01,4.928928942908121780e-01,4.780342358453476548e-01,4.631696880188271304e-01,4.483715305861192268e-01,4.337064305343637516e-01,4.192345876118066528e-01,4.050088549849079622e-01,3.910746014034446882e-01,3.774694348188449289e-01,3.642236174204883103e-01,3.513602152947751245e-01,3.388958490240727150e-01,3.268410766336438678e-01,3.152012816230507219e-01,3.039771335866965907e-01,2.931654697945003107e-01,2.827597326675758138e-01,2.727507598530984900e-01,2.631271474019158396e-01,2.538759107973305174e-01,2.449827582661899261e-01,2.364326172258572056e-01,2.282098234311817631e-01,2.202985256958139293e-01,2.126828069155085044e-01,2.053469885271820283e-01,1.982757027044322606e-01,1.914541202897448169e-01,1.848679922803617703e-01,1.785038225543255641e-01,1.723488910198714141e-01,1.663913831396431897e-01,1.606203901418203628e-01,1.550259844567575540e-01,1.495991359098819695e-01,1.443317361254563835e-01,1.392159877528325040e-01,1.342456429087638958e-01,1.294085548357912507e-01,1.247150205179795718e-01,1.200709135830011903e-01,1.158132795225430972e-01,1.103900250335583533e-01,1.103900250335583533e-01
1.000000000000000000e+00,9.977644592282625124e-01,9.924447621101596395e-01,9.822985453205899109e-01,9.672347442486071145e-01,9.477611578775869683e-01,9.249423358214230451e-01,9.001589015877375921e-01,8.748484698104092017e-01,8.502980749765901569e-01,8.275217611395937478e-01,8.072132316490424619e-01,7.897504758699189775e-01,7.752322898052516065e-01,7.635342575939251253e-01,7.543742977983600717e-01,7.473785863179853717e-01,7.421394230227845723e-01,7.382594828140430776e-01,7.353803623829622271e-01,7.331967741331494315e-01,7.314599372547612166e-01,7.299739218485310488e-01,7.285885310410195048e-01,7.271908241909127435e-01,7.256971128371934032e-01,7.240456634503881217e-01,7.221909017615307791e-01,7.200984305588713497e-01,7.177414768234664511e-01,7.150977494048237348e-01,7.121474972785083457e-01,7.088716026708036244e-01,7.052507302295762948e-01,7.012642543157509012e-01,6.968901806689180578e-01,6.921046880934875745e-01,6.868826424940515096e-01,6.811976402525456997e-01,6.750230009957352006e-01,6.683322383546406176e-01,6.611004219988769748e-01,6.533049797550782856e-01,6.449272708900611883e-01,6.359535535594508238e-01,6.263765279418596066e-01,6.161962116063266492e-01,6.054211321459926909e-01,5.940687940533782019e-01,5.821661919925910089e-01,5.697495983188866076e-01,5.568641931595265104e-01,5.435630887572895364e-01,5.299061220009245732e-01,5.159582968563571903e-01,5.017880438253976561e-01,4.874654608045048132e-01,4.730604700413368335e-01,4.586412653985263987e-01,4.442727437034992288e-01,4.300154399646757830e-01,4.159244450919337144e-01,4.020489270252081693e-01,3.884315712390287167e-01,3.751086313180114762e-01,3.621098055265140059e-01,3.494586732351454561e-01,3.371728666037036581e-01,3.252647281833976334e-01,3.137416379233037289e-01,3.026067503346554499e-01,2.918593684682479483e-01,2.814956606954528429e-01,2.715090127246633234e-01,2.618906659427635009e-01,2.526300128313145321e-01,2.437151320222386286e-01,2.351330169273672110e-01,2.268700051980716281e-01,2.189119453224797618e-01,2.112445315782745248e-01,2.038534211579171029e-01,1.967244925672859968e-01,1.898439289936708352e-01,1.831984204757100554e-01,1.767752288055175758e-01,1.705623512368472927e-01,1.645485752699678283e-01,1.587236065581655309e-01,1.530780993561785819e-01,1.476036917022091333e-01,1.422930009473484247e-01,1.371391135369429692e-01,1.321367416742779133e-01,1.272748759350573744e-01,1.225645784747181749e-01,1.179130857032783114e-01,1.136550770622245382e-01,1.082436273028848372e-01,1.082436273028848372e-01
1.000000000000000000e+00,9.973392587617075922e-01,9.909457535895845881e-01,9.786150195652962847e-01,9.603716256836456466e-01,9.370442978881712293e-01,9.101474082997360604e-01,8.815170777293360738e-01,8.529556031644536240e-01,8.259780171642635560e-01,8.016879750368639534e-01,7.807555319573632469e-01,7.634557021674444055e-01,7.497384408720993987e-01,7.393129336528253548e-01,7.317348821597784436e-01,7.264869513711540439e-01,7.230444938830693502e-01,7.209220296639523573e-01,7.196999391496585741e-01,7.190346205787199185e-01,7.186568882051065366e-01,7.183636395553718579e-01,7.180064593614140511e-01,7.174800475427934865e-01,7.167115548787085233e-01,7.156518484345488762e-01,7.142682821051064002e-01,7.125393849648190558e-01,7.104505357491596174e-01,7.079911063172918961e-01,7.051520141203497793e-01,7.019244060930669438e-01,6.982983532095141666e-01,6.942624986245742313e-01,6.898034757324474908e-01,6.849062000336370026e-01,6.795537934749943387e-01,6.737283412873855681e-01,6.674112048942437703e-01,6.605841208685435673e-01,6.532298099536772984e-01,6.453332900802314365e-01,6.368826615233168509e-01,6.278704607925439385e-01,6.182944445665325972e-01,6.081587538347092980e-01,5.974744664412816597e-01,5.862603130418351238e-01,5.745427683178176981e-01,5.623561110361950943e-01,5.497419184965819383e-01,5.367484126058852389e-01,5.234294007479416422e-01,5.098430506333557766e-01,4.960505036372023224e-01,4.821143738288727332e-01,4.680973503450805984e-01,4.540607471455609945e-01,4.400633750199601790e-01,4.261603862006126953e-01,4.124025775040486841e-01,3.988356419368971895e-01,3.854999314899732465e-01,3.724301084250391525e-01,3.596552973572005873e-01,3.471990538453538777e-01,3.350797868642243493e-01,3.233109351910494200e-01,3.119015364941009616e-01,3.008565097472284400e-01,2.901772688746056539e-01,2.798620344425349349e-01,2.699064213007032476e-01,2.603037311883465987e-01,2.510454739629974230e-01,2.421216168677174652e-01,2.335210226664342914e-01,2.252316486616350866e-01,2.172409014883546763e-01,2.095357900884894098e-01,2.021032073298154319e-01,1.949300478030693839e-01,1.880034327048000498e-01,1.813108071491355555e-01,1.748401278719172725e-01,1.685799551667232776e-01,1.625196199695326527e-01,1.566493141839869763e-01,1.509602336426297819e-01,1.454446113404176122e-01,1.400958273283711419e-01,1.349079203955731165e-01,1.298767963784378254e-01,1.249929337031853577e-01,1.202686717306680059e-01,1.156133641411354190e-01,1.113593486945465422e-01,1.059676483128576957e-01,1.059676483128576957e-01
1.000000000000000000e+00,9.967777440453685633e-01,9.889477673010818037e-01,9.736988720505173056e-01,9.512836972393724499e-01,9.230428391284420941e-01,8.911412240869294177e-01,8.580128737058738686e-01,8.258849394953357015e-01,7.964877089815444178e-01,7.709562527567855872e-01,7.498597028531852615e-01,7.332929529800272794e-01,7.209907692935629830e-01,7.124449802423207245e-01,7.070140447648890492e-01,7.040162969344050392e-01,7.028007562107153605e-01,7.027926504741891511e-01,7.035154668945637901e-01,7.045946679294904369e-01,7.057495655642787025e-01,7.067789315537655881e-01,7.075448764083897002e-01,7.079574165321527168e-01,7.079613889201784582e-01,7.075257326729175178e-01,7.066354642415267895e-01,7.052854693656296359e-01,7.034762801331845283e-01,7.012107979254671442e-01,6.984923669659098833e-01,6.953231652690843312e-01,6.917035799816119157e-01,6.876315290657089019e-01,6.831025927058652636e-01,6.781098879109034305e-01,6.726446744572315284e-01,6.666965961379851535e-01,6.602546051968027907e-01,6.533074635228767191e-01,6.458448680725242808e-01,6.378581156791952589e-01,6.293412990075251123e-01,6.202920098587892950e-01,6.107124387663989129e-01,6.006099520616482446e-01,5.899978988903773480e-01,5.788958806707447113e-01,5.673300825146924131e-01,5.553330942367887824e-01,5.429436648941321497e-01,5.302060436250584097e-01,5.171691954125261503e-01,5.038857729344943248e-01,4.904109718613405833e-01,4.768013533733599374e-01,4.631135914029434475e-01,4.494033888121677367e-01,4.357243514005671448e-01,4.221271820026704091e-01,4.086588337767353973e-01,3.953620681515090385e-01,3.822749405909898202e-01,3.694307150941041895e-01,3.568576557460610421e-01,3.445792281065563900e-01,3.326141246291183795e-01,3.209766572378099925e-01,3.096769321798378827e-01,2.987213406205589394e-01,2.881128078927530090e-01,2.778513075431881529e-01,2.679341293158525872e-01,2.583563658285707443e-01,2.491111642790072855e-01,2.401901569884713206e-01,2.315836792189302218e-01,2.232811322732715931e-01,2.152711626854484639e-01,2.075419591669722952e-01,2.000813974608694201e-01,1.928772813803032171e-01,1.859174643502408408e-01,1.791900517042094576e-01,1.726835155682624467e-01,1.663868805249691663e-01,1.602898506719044602e-01,1.543829959772858307e-01,1.486578972592481063e-01,1.431072968902891152e-01,1.377252596656075856e-01,1.325068336748637665e-01,1.274492939837666150e-01,1.225450488742661215e-01,1.178083483457713077e-01,1.131517710009354583e-01,1.089055702570266709e-01,1.035422453406710797e-01,1.035422453406710797e-01
1.000000000000000000e+00,9.959970546390994883e-01,9.861532906588860170e-01,9.668561646718313307e-01,9.388265658356482746e-01,9.042447302855778357e-01,8.662140367224346882e-01,8.279274443141534379e-01,7.920615701775701734e-01,7.604917304463849614e-01,7.342702781741772267e-01,7.137461276787196995e-01,6.987307972413009383e-01,6.886646886414233837e-01,6.827679321113804267e-01,6.801690324974333235e-01,6.800066298309721535e-01,6.815005861582058566e-01,6.839923142072232842e-01,6.869586260664577448e-01,6.900066093713341786e-01,6.928570422671402884e-01,6.953230423927516668e-01,6.972883080318529325e-01,6.986878450147899766e-01,6.994920031583036213e-01,6.996943004105269370e-01,6.993022457546462789e-01,6.983310211395992173e-01,6.967989101253228013e-01,6.947245161122355128e-01,6.921247318550538541e-01,6.890138270050302216e-01,6.854027011761851806e-01,6.812989237000882659e-01,6.767066344443048997e-01,6.716270892186501085e-01,6.660589161570326100e-01,6.599989542134545584e-01,6.534427289378883508e-01,6.463854643465022365e-01,6.388226926201435729e-01,6.307513371059841889e-01,6.221703664154707436e-01,6.130818281753008803e-01,6.034914318071187278e-01,5.934093878777674247e-01,5.828507831927484117e-01,5.718360764441788868e-01,5.603911408435555686e-01,5.485473065743005083e-01,5.363410069549512382e-01,5.238133470907505584e-01,5.110093899432583964e-01,4.979773419989769745e-01,4.847676155728053993e-01,4.714318081675442085e-01,4.580217306255408571e-01,4.445883810246020196e-01,4.311811160871820703e-01,4.178467829122276544e-01,4.046291502675550822e-01,3.915682902891542971e-01,3.787003099896779079e-01,3.660570025310891928e-01,3.536658549851846578e-01,3.415499356968326738e-01,3.297281153120427133e-01,3.182151296266141349e-01,3.070219375983459509e-01,2.961558941415174395e-01,2.856211742657532859e-01,2.754189992814093380e-01,2.655480715123510471e-01,2.560048123054804448e-01,2.467837698074261676e-01,2.378778425103471317e-01,2.292786391023907966e-01,2.209766743090319507e-01,2.129616731630040727e-01,2.052227360735081885e-01,1.977485902274381535e-01,1.905277290764873233e-01,1.835486224436994329e-01,1.767998438013013984e-01,1.702702599720300469e-01,1.639491689858848522e-01,1.578264997007612358e-01,1.518929882195731718e-01,1.461404174739058814e-01,1.405618218412199028e-01,1.351517985803812605e-01,1.299063192195956118e-01,1.248241469357341538e-01,1.199000394180202433e-01,1.151509592478681676e-01,1.104942348094124088e-01,1.062587450715827275e-01,1.009332608366849543e-01,1.009332608366849543e-01
1.000000000000000000e+00,9.948153003258534133e-01,9.819700085918193766e-01,9.568138431068887728e-01,9.210498967669275006e-01,8.782425353428912063e-01,8.328149743050012876e-01,7.888487208545271745e-01,7.493990758505778560e-01,7.163131171628335236e-01,6.903676086249624921e-01,6.715243066587038845e-01,6.591858197022363308e-01,6.524139957319015082e-01,6.501073676874322693e-01,6.511411066084039634e-01,6.544695297097927744e-01,6.591910036275996365e-01,6.645777385177534802e-01,6.700779047728392390e-01,6.752989401558580074e-01,6.799810423962150407e-01,6.839676766572992950e-01,6.871779585423184455e-01,6.895831193184785990e-01,6.911881117962330734e-01,6.920178224177444548e-01,6.921075053855161308e-01,6.914961705892171961e-01,6.902225383603433073e-01,6.883223944427117047e-01,6.858273543121274907e-01,6.827640854848696650e-01,6.791543473689227728e-01,6.750150190516535087e-01,6.703586967149944842e-01,6.651940677523868750e-01,6.595267637359824020e-01,6.533598993236177099e-01,6.466950506002291377e-01,6.395328789694197935e-01,6.318741552450923837e-01,6.237204074303014378e-01,6.150749079767433569e-01,6.059432689527884941e-01,5.963342899784217499e-01,5.862604037171575966e-01,5.757382697264051830e-01,5.647889696067429632e-01,5.534382469368122059e-01,5.417163810388023748e-01,5.296580254047337233e-01,5.173017538537520998e-01,5.046895303208507322e-01,4.918660013804657671e-01,4.788777095400122419e-01,4.657722678415940898e-01,4.525974738141771425e-01,4.394005194981771001e-01,4.262271594466847113e-01,4.131210817564925364e-01,4.001232412388026627e-01,3.872714626992131426e-01,3.745999926215375919e-01,3.621393484216023917e-01,3.499160895968064788e-01,3.379528825038472517e-01,3.262684565097161427e-01,3.148778294398900668e-01,3.037923979772260141e-01,2.930202626775252339e-01,2.825664007573543413e-01,2.724330357887278509e-01,2.626198490112560124e-01,2.531243512799466466e-01,2.439421007016191745e-01,2.350670483681359391e-01,2.264917418681081929e-01,2.182076290735962265e-01,2.102052372729946439e-01,2.024744299321357688e-01,1.950045598432316729e-01,1.877846830832776426e-01,1.808036931938623582e-01,1.740505068092607910e-01,1.675141974903613384e-01,1.611841821257194995e-01,1.550503906581199576e-01,1.491035010319455290e-01,1.433352008390225141e-01,1.377385082081789558e-01,1.323082133279004091e-01,1.270409480214604314e-01,1.219368583388734106e-01,1.169933553686109545e-01,1.122309379524187717e-01,1.075737396884402092e-01,1.033505699009593520e-01,9.807363325580745195e-02,9.807363325580745195e-02
1.000000000000000000e+00,9.928066380215804232e-01,9.751547109087177478e-01,9.411612290295708894e-01,8.945803266259616526e-01,8.412065634034604500e-01,7.871864892799960156e-01,7.374629527828797659e-01,6.952005103425895616e-01,6.618898683807468153e-01,6.377494475670143492e-01,6.221491903650921973e-01,6.139522299933386495e-01,6.117684868829180722e-01,6.141426153691171841e-01,6.196916468727350358e-01,6.271981585343974208e-01,6.356610365987389599e-01,6.443097870405452010e-01,6.525912088764395103e-01,6.601390552910268994e-01,6.667360681648960563e-01,6.722758734533499370e-01,6.767290758985040622e-01,6.801158670505579318e-01,6.824852546036764833e-01,6.839004834279635014e-01,6.844292003726845097e-01,6.841374721239842360e-01,6.830862052778218230e-01,6.813295170300998072e-01,6.789139836861891597e-01,6.758788154260028103e-01,6.722561603847776457e-01,6.680719109081868501e-01,6.633463329162020417e-01,6.580950601600438210e-01,6.523298019818529747e-01,6.460593808199280863e-01,6.392904471391702703e-01,6.320285069842190850e-01,6.242786138005047558e-01,6.160463411881929030e-01,6.073384119229309208e-01,5.981635526881854403e-01,5.885329990292815783e-01,5.784611509155183073e-01,5.679658794433978253e-01,5.570689014450647125e-01,5.457958234683598642e-01,5.341761805969412746e-01,5.222431913848311069e-01,5.100334597881560628e-01,4.975864733633569847e-01,4.849440318975188347e-01,4.721495787237448005e-01,4.592474703458204188e-01,4.462822634840366010e-01,4.332979576588170678e-01,4.203373575495157888e-01,4.074414029478390376e-01,3.946486935293249121e-01,3.819949803692429535e-01,3.695128945271663468e-01,3.572316285894340804e-01,3.451768674669499770e-01,3.333706504885993738e-01,3.218314722880893375e-01,3.105742920989666978e-01,2.996107573157485993e-01,2.889493169074854872e-01,2.785955179196290543e-01,2.685521808138844890e-01,2.588197253668557685e-01,2.493963727715498291e-01,2.402784676444000567e-01,2.314606810999828845e-01,2.229363066288146678e-01,2.146974476613036087e-01,2.067352751483025330e-01,1.990401914044432896e-01,1.916020460428138894e-01,1.844102757077175081e-01,1.774540840899954397e-01,1.707225672248776638e-01,1.642048768787355284e-01,1.578903593539858763e-01,1.517687474140069215e-01,1.458303745227692849e-01,1.400664864437117518e-01,1.344696246901097014e-01,1.290342365111834810e-01,1.237570298407689035e-01,1.186390425967748935e-01,1.136802305795899526e-01,1.089051673616956706e-01,1.042472449255754524e-01,1.000371083669151090e-01,9.482183378913308647e-02,9.482183378913308647e-02
1.000000000000000000e+00,9.888392247270750834e-01,9.628833412893216259e-01,9.151818607349075929e-01,8.535848917307689021e-01,7.871905434417421077e-01,7.240204248096240303e-01,6.694460234638586194e-01,6.261505330566258243e-01,5.947665593175556209e-01,5.746132515164384946e-01,5.642699788375618031e-01,5.619608619926648174e-01,5.658079672459206400e-01,5.740044046192376292e-01,5.849335930854152599e-01,5.972418922591431478e-01,6.098687934588824522e-01,6.220411702205829174e-01,6.332419658197971923e-01,6.431643609757345947e-01,6.516616951527731683e-01,6.587003136664039138e-01,6.643197992246772099e-01,6.686020247897229707e-01,6.716489957692620694e-01,6.735679792428799217e-01,6.744624973142103741e-01,6.744272768293418929e-01,6.735460868460001471e-01,6.718910922184494483e-01,6.695233635190676047e-01,6.664936845353279793e-01,6.628437963145755729e-01,6.586074774091806860e-01,6.538118497481448799e-01,6.484783900673096735e-01,6.426241389318513297e-01,6.362625945877601330e-01,6.294048146085722273e-01,6.220602069537244372e-01,6.142375272311560996e-01,6.059455701146525541e-01,5.971940411748453137e-01,5.879941239104462536e-01,5.783591791949336258e-01,5.683051414357499498e-01,5.578509860954117272e-01,5.470189041609350156e-01,5.358344872686614524e-01,5.243266484410400441e-01,5.125275070030137492e-01,5.004720630638633816e-01,4.881978128673421513e-01,4.757442321425865428e-01,4.631521999252655730e-01,4.504633831934174437e-01,4.377195756409640315e-01,4.249620887809300585e-01,4.122311128076645570e-01,3.995652053261275483e-01,3.870007580247197265e-01,3.745716420144970527e-01,3.623088281682243506e-01,3.502402105230085771e-01,3.383903921786569069e-01,3.267806760108686870e-01,3.154290003681327614e-01,3.043500651381528810e-01,2.935553853483562903e-01,2.830535112275749943e-01,2.728501623122129849e-01,2.629485001982938552e-01,2.533493078672557908e-01,2.440512798004029482e-01,2.350512175558092942e-01,2.263443105230890373e-01,2.179243265336959223e-01,2.097838654041048467e-01,2.019145308195866573e-01,1.943071467461257307e-01,1.869519034824700110e-01,1.798385342384180297e-01,1.729564353661098286e-01,1.662948096574284607e-01,1.598427733550211172e-01,1.535894923580970739e-01,1.475243196726959416e-01,1.416369982954721884e-01,1.359179464640082324e-01,1.303586841086903370e-01,1.249525493134137633e-01,1.196953498008970773e-01,1.145878774084962137e-01,1.096316694580567463e-01,1.048548802767799576e-01,1.002023813461176555e-01,9.600836601110038226e-02,9.087366975788539747e-02,9.087366975788539747e-02
1.000000000000000000e+00,9.799327207809573892e-01,9.388429294319455831e-01,8.698731415417227941e-01,7.884405834453120931e-01,7.076071043944079930e-01,6.364889600858385510e-01,5.797088520477109430e-01,5.385189877867955222e-01,5.121177116345194680e-01,4.986441185914329832e-01,4.957839662932703173e-01,5.011127484029870294e-01,5.122996725044587363e-01,5.272417718765697314e-01,5.441514465373438192e-01,5.616021241843268674e-01,5.785336497783911680e-01,5.942242782228439602e-01,6.082396450830825918e-01,6.203708871110731327e-01,6.305721638563510645e-01,6.389050841823384896e-01,6.454937778573268670e-01,6.504917620942495260e-01,6.540594464325800717e-01,6.563504374319447665e-01,6.575041446519331867e-01,6.576428084571204202e-01,6.568710389686355233e-01,6.552769356945207235e-01,6.529337254233775756e-01,6.499017683531446155e-01,6.462303619562843604e-01,6.419595844551511110e-01,6.371217803038201621e-01,6.317430739619043223e-01,6.258445397896241769e-01,6.194434519416756046e-01,6.125542286379208612e-01,6.051894919523508332e-01,5.973608484389743012e-01,5.890797900755740946e-01,5.803583288439930765e-01,5.712097295730069746e-01,5.616489819144907525e-01,5.516933308157137006e-01,5.413625528078176430e-01,5.306792448819482866e-01,5.196688761396054401e-01,5.083598121674065551e-01,4.967831369738111014e-01,4.849724234495121911e-01,4.729633567568233277e-01,4.607933011975025028e-01,4.485007915588421490e-01,4.361249781541547410e-01,4.237050735055917228e-01,4.112797693938202714e-01,3.988867257838107916e-01,3.865620441295848919e-01,3.743398660056744265e-01,3.622519617229816302e-01,3.503274763390776259e-01,3.385926616337088801e-01,3.270707767595983362e-01,3.157819635541200265e-01,3.047432851217117267e-01,2.939687245003704819e-01,2.834693300247824732e-01,2.732533068640481955e-01,2.633262327891864873e-01,2.536912096736176903e-01,2.443491149930815398e-01,2.352987834128290323e-01,2.265372651073224719e-01,2.180600133469786650e-01,2.098611279834117493e-01,2.019335313448622493e-01,1.942691821608238945e-01,1.868592277202236474e-01,1.796941791799419874e-01,1.727640325308274216e-01,1.660584012248934038e-01,1.595666041306549598e-01,1.532777605226355033e-01,1.471808592927409121e-01,1.412648516061786874e-01,1.355187691838175001e-01,1.299319434188038191e-01,1.244943697995136017e-01,1.191974281122786944e-01,1.140347000361611601e-01,1.090048063772007803e-01,1.041085090163647864e-01,9.937477326124846688e-02,9.476026928784724024e-02,9.060129195788675649e-02,8.558320361556739919e-02,8.558320361556739919e-02
1.000000000000000000e+00,9.567006675328051379e-01,8.872286675630627339e-01,7.877192557277996610e-01,6.841226979195178526e-01,5.914638858480347761e-01,5.172454426941528460e-01,4.633961383233342612e-01,4.287747413055279511e-01,4.108396461361029650e-01,4.065640606721623862e-01,4.128709993620830465e-01,4.268416109798818248e-01,4.458377038389172986e-01,4.675881268924587664e-01,4.902449640703203104e-01,5.124031058809407346e-01,5.330820229747010863e-01,5.516756903535469103e-01,5.678825442934749557e-01,5.816282131761102425e-01,5.929921589493388767e-01,6.021453762909271257e-01,6.093026166121475740e-01,6.146891140491705929e-01,6.185199651139726695e-01,6.209890955265578993e-01,6.222649676428069210e-01,6.224903073294081324e-01,6.217841281673928133e-01,6.202445902231372710e-01,6.179521615980654303e-01,6.149724721033879016e-01,6.113589530457467225e-01,6.071549787347140237e-01,6.023958157454560869e-01,5.971101521311197313e-01,5.913215520459900176e-01,5.850495858190071230e-01,5.783109710879079657e-01,5.711204501873237138e-01,5.634917178066329857e-01,5.554381155562571060e-01,5.469733803557010887e-01,5.381121728191009534e-01,5.288706400752549719e-01,5.192667652978981696e-01,5.093207211962232916e-01,4.990550201801163266e-01,4.884946380884064299e-01,4.776669557440598735e-01,4.666016531014328672e-01,4.553304581964227049e-01,4.438868423853258305e-01,4.323056225637219585e-01,4.206225175044882580e-01,4.088736723338185497e-01,3.970951534762211521e-01,3.853224722934592283e-01,3.735900963606030301e-01,3.619310401108518094e-01,3.503764547384103367e-01,3.389553322588780282e-01,3.276942118764353817e-01,3.166170177301154132e-01,3.057448938455676335e-01,2.950961720747639627e-01,2.846863266983143403e-01,2.745280520524588930e-01,2.646313143116953426e-01,2.550035093226399874e-01,2.456495831606531066e-01,2.365722387436384744e-01,2.277720967729864043e-01,2.192479226147458493e-01,2.109968029158167113e-01,2.030143696431601363e-01,1.952949728223646042e-01,1.878318844691722611e-01,1.806174527567926957e-01,1.736432732778956378e-01,1.669003131897616732e-01,1.603790397543426172e-01,1.540695041016056088e-01,1.479614178820974624e-01,1.420441882711084292e-01,1.363069409362772655e-01,1.307385183017114039e-01,1.253274928018133227e-01,1.200622330070784116e-01,1.149310967958328406e-01,1.099229511758102046e-01,1.050278631448387234e-01,1.002397786946943731e-01,9.555462608200124275e-02,9.099550589655416855e-02,8.652603610919408494e-02,8.247218208539595918e-02,7.764972546191682701e-02,7.764972546191682701e-02
1.000000000000000000e+00,8.918548849861360761e-01,7.744614527966577899e-01,6.407709504777977516e-01,5.230715317838712242e-01,4.300409532265631052e-01,3.629378735713824078e-01,3.194010322846675964e-01,2.958736798525252176e-01,2.886026207027091450e-01,2.939970426306186546e-01,3.087320783440500316e-01,3.297984378417366247e-01,3.545595599287498234e-01,3.808123464166216499e-01,4.068280272208526505e-01,4.313568969814177700e-01,4.535933857639440903e-01,4.731097220117516100e-01,4.897718733204219355e-01,5.036524023235390279e-01,5.149516207608946239e-01,5.239340522021105340e-01,5.308824673978291830e-01,5.360684746980571846e-01,5.397364531959630840e-01,5.420971332973003598e-01,5.433271864196692613e-01,5.435721544809013484e-01,5.429506790359268642e-01,5.415590131119611961e-01,5.394750856724485066e-01,5.367620519415743363e-01,5.334711461865037085e-01,5.296440832819916400e-01,5.253149303914624868e-01,5.205117337798707000e-01,5.152577902863002546e-01,5.095728211141606900e-01,5.034738959256971347e-01,4.969763348965141603e-01,4.900944138416620799e-01,4.828420747850421524e-01,4.752334626284249741e-01,4.672834663559577995e-01,4.590080956056792894e-01,4.504248462522609797e-01,4.415529077671361824e-01,4.324133400712007469e-01,4.230291037962578549e-01,4.134250450304257085e-01,4.036277556992121096e-01,3.936653834916571948e-01,3.835673518400790072e-01,3.733640359236288231e-01,3.630863924720857394e-01,3.527655604914527454e-01,3.424324624852638776e-01,3.321173942213122565e-01,3.218496571871739542e-01,3.116571941751228869e-01,3.015662993537888692e-01,2.916013393021046896e-01,2.817845671203438873e-01,2.721359476896321739e-01,2.626730817219417036e-01,2.534111349284049464e-01,2.443628613477494271e-01,2.355386221935874824e-01,2.269464873697992491e-01,2.185923220964871017e-01,2.104799412346874399e-01,2.026112396399891991e-01,1.949863744337705929e-01,1.876039167531171892e-01,1.804610405473432710e-01,1.735536771183994464e-01,1.668766935421517883e-01,1.604240354160174631e-01,1.541888819666398236e-01,1.481637651837200420e-01,1.423406904833135478e-01,1.367112202352997463e-01,1.312665467699857258e-01,1.259975237944031268e-01,1.208946726584275710e-01,1.159481405422014139e-01,1.111476245778514338e-01,1.064822596267234328e-01,1.019405101025937510e-01,9.751010526559433789e-02,9.317817764913378931e-02,8.893146975848703617e-02,8.475808158560985128e-02,8.064560835792783378e-02,7.660224620869234002e-02,7.258800791052814894e-02,6.888269187629939005e-02,6.449512013323920046e-02,6.449512013323920046e-02
1.000000000000000000e+00,6.855877831676707723e-01,5.191905755163677139e-01,3.855782543036702092e-01,2.886483190215886618e-01,2.210547921021113749e-01,1.771901863436893820e-01,1.522699142716231469e-01,1.424107029838426186e-01,1.443672888269227073e-01,1.552959988166009719e-01,1.726178594137922073e-01,1.939945302344263933e-01,2.173762553445217072e-01,2.410689416405421281e-01,2.637803388062049392e-01,2.846257138013597032e-01,3.030925003381145233e-01,3.189748612552642526e-01,3.322940187367699472e-01,3.432189905496075832e-01,3.519983920892693630e-01,3.589086044791330310e-01,3.642192196697210393e-01,3.681734337316967531e-01,3.709797405960268413e-01,3.728109478593526482e-01,3.738073104123869617e-01,3.740813381606120092e-01,3.737229108208184325e-01,3.728038582470541429e-01,3.713818252154531541e-01,3.695033060491659804e-01,3.672060609329999004e-01,3.645209468022704846e-01,3.614734051350520505e-01,3.580846010920887834e-01,3.543724071420593646e-01,3.503521742635898883e-01,3.460374422368058256e-01,3.414405034604993117e-01,3.365729449433231268e-01,3.314460730348634532e-01,3.260713261866781121e-01,3.204605824075312803e-01,3.146264500749833548e-01,3.085824589487365377e-01,3.023432244454008488e-01,2.959245180747644977e-01,2.893433021712347175e-01,2.826176818364710686e-01,2.757668178287359662e-01,2.688107750619374570e-01,2.617703361899353376e-01,2.546667759382937879e-01,2.475216110674829939e-01,2.403563397015932024e-01,2.331921699009735227e-01,2.260497650660955593e-01,2.189489912343708655e-01,2.119087032741291399e-01,2.049465415480254682e-01,1.980787815988010181e-01,1.913201974864488231e-01,1.846839838866059791e-01,1.781816900492365907e-01,1.718232111041838039e-01,1.656167859999733705e-01,1.595690463465517239e-01,1.536850651157057879e-01,1.479684470363031301e-01,1.424214121687708001e-01,1.370449110944245152e-01,1.318387277979978234e-01,1.268016045158055771e-01,1.219313504602990567e-01,1.172249639677088590e-01,1.126787362895027012e-01,1.082883614546093221e-01,1.040490265157832522e-01,9.995550113159504257e-02,9.600220593202324348e-02,9.218327249922499134e-02,8.849257762391925242e-02,8.492375726549523940e-02,8.147018353063786855e-02,7.812490222651571892e-02,7.488051595626528389e-02,7.172900940645277057e-02,6.866151688839068623e-02,6.566803269701602941e-02,6.273710632131940246e-02,5.985530682205753017e-02,5.700716854385864951e-02,5.417182407895745205e-02,5.133373468835254055e-02,4.843236219462061787e-02,4.562014699209746005e-02,4.214405363595986193e-02,4.214405363595986193e-02
0.000000000000000000e+00,0.000000000000000000e+00,0.000000000000000000e+00,0.000000000000000000e+00,0.000000000000000000e+00,0.000000000000000000e+00,0.000000000000000000e+00,0.000000000000000000e+00,0.000000000000000000e+00,0.000000000000000000e+00,0.000000000000000000e+00,0.000000000000000000e+00,0.000000000000000000e+00,0.000000000000000000e+00,0.000000000000000000e+00,0.000000000000000000e+00,0.000000000000000000e+00,0.000000000000000000e+00,0.000000000000000000e+00,0.000000000000000000e+00,0.000000000000000000e+00,0.000000000000000000e+00,0.000000000000000000e+00,0.000000000000000000e+00,0.000000000000000000e+00,0.000000000000000000e+00,0.000000000000000000e+00,0.000000000000000000e+00,0.000000000000000000e+00,0.000000000000000000e+00,0.000000000000000000e+00,0.000000000000000000e+00,0.000000000000000000e+00,0.000000000000000000e+00,0.000000000000000000e+00,0.000000000000000000e+00,0.000000000000000000e+00,0.000000000000000000e+00,0.000000000000000000e+00,0.000000000000000000e+00,0.000000000000000000e+00,0.000000000000000000e+00,0.000000000000000000e+00,0.000000000000000000e+00,0.000000000000000000e+00,0.000000000000000000e+00,0.000000000000000000e+00,0.000000000000000000e+00,0.000000000000000000e+00,0.000000000000000000e+00,0.000000000000000000e+00,0.000000000000000000e+00,0.000000000000000000e+00,0.000000000000000000e+00,0.000000000000000000e+00,0.000000000000000000e+00,0.000000000000000000e+00,0.000000000000000000e+00,0.000000000000000000e+00,0.000000000000000000e+00,0.000000000000000000e+00,0.000000000000000000e+00,0.000000000000000000e+00,0.000000000000000000e+00,0.000000000000000000e+00,0.000000000000000000e+00,0.000000000000000000e+00,0.000000000000000000e+00,0.000000000000000000e+00,0.000000000000000000e+00,0.000000000000000000e+00,0.000000000000000000e+00,0.000000000000000000e+00,0.000000000000000000e+00,0.000000000000000000e+00,0.000000000000000000e+00,0.000000000000000000e+00,0.000000000000000000e+00,0.000000000000000000e+00,0.000000000000000000e+00,0.000000000000000000e+00,0.000000000000000000e+00,0.000000000000000000e+00,0.000000000000000000e+00,0.000000000000000000e+00,0.000000000000000000e+00,0.000000000000000000e+00,0.000000000000000000e+00,0.000000000000000000e+00,0.000000000000000000e+00,0.000000000000000000e+00,0.000000000000000000e+00,0.000000000000000000e+00,0.000000000000000000e+00,0.000000000000000000e+00,0.000000000000000000e+00,0.000000000000000000e+00,0.000000000000000000e+00,0.000000000000000000e+00,0.000000000000000000e+00
