0.000000000000000000e+00,0.000000000000000000e+00,0.000000000000000000e+00,0.000000000000000000e+00,0.000000000000000000e+00,0.000000000000000000e+00,0.000000000000000000e+00,0.000000000000000000e+00,0.000000000000000000e+00,0.000000000000000000e+00,0.000000000000000000e+00,0.000000000000000000e+00,0.000000000000000000e+00,0.000000000000000000e+00,0.000000000000000000e+00,0.000000000000000000e+00,0.000000000000000000e+00,0.000000000000000000e+00,0.000000000000000000e+00,0.000000000000000000e+00,0.000000000000000000e+00,0.000000000000000000e+00,0.000000000000000000e+00,0.000000000000000000e+00,0.000000000000000000e+00,0.000000000000000000e+00,0.000000000000000000e+00,0.000000000000000000e+00,0.000000000000000000e+00,0.000000000000000000e+00,0.000000000000000000e+00,0.000000000000000000e+00,0.000000000000000000e+00,0.000000000000000000e+00,0.000000000000000000e+00,0.000000000000000000e+00,0.000000000000000000e+00,0.000000000000000000e+00,0.000000000000000000e+00,0.000000000000000000e+00,0.000000000000000000e+00,0.000000000000000000e+00,0.000000000000000000e+00,0.000000000000000000e+00,0.000000000000000000e+00,0.000000000000000000e+00,0.000000000000000000e+00,0.000000000000000000e+00,0.000000000000000000e+00,0.000000000000000000e+00,0.000000000000000000e+00,0.000000000000000000e+00,0.000000000000000000e+00,0.000000000000000000e+00,0.000000000000000000e+00,0.000000000000000000e+00,0.000000000000000000e+00,0.000000000000000000e+00,0.000000000000000000e+00,0.000000000000000000e+00,0.000000000000000000e+00,0.000000000000000000e+00,0.000000000000000000e+00,0.000000000000000000e+00,0.000000000000000000e+00,0.000000000000000000e+00,0.000000000000000000e+00,0.000000000000000000e+00,0.000000000000000000e+00,0.000000000000000000e+00,0.000000000000000000e+00,0.000000000000000000e+00,0.000000000000000000e+00,0.000000000000000000e+00,0.000000000000000000e+00,0.000000000000000000e+00,0.000000000000000000e+00,0.000000000000000000e+00,0.000000000000000000e+00,0.000000000000000000e+00,0.000000000000000000e+00,0.000000000000000000e+00,0.000000000000000000e+00,0.000000000000000000e+00,0.000000000000000000e+00,0.000000000000000000e+00,0.000000000000000000e+00,0.000000000000000000e+00,0.000000000000000000e+00,0.000000000000000000e+00,0.000000000000000000e+00,0.000000000000000000e+00,0.000000000000000000e+00,0.000000000000000000e+00,0.000000000000000000e+00,0.000000000000000000e+00,0.000000000000000000e+00,0.000000000000000000e+00,0.000000000000000000e+00,0.000000000000000000e+00
0.000000000000000000e+00,9.699434518623011037e-02,1.069703424372008549e-01,9.186617706510157022e-02,7.214588770420841957e-02,5.492682951774426753e-02,4.162821084113984410e-02,3.180736065863475764e-02,2.461425532721316783e-02,1.928056967801880170e-02,1.523134639421974516e-02,1.207203939793001675e-02,9.545286664480734373e-03,7.488391153947295507e-03,5.799179830697340568e-03,4.411208436060914603e-03,3.277079995911751087e-03,2.358597506063850151e-03,1.621763806335811946e-03,1.035186465962023745e-03,5.700340384444152649e-04,2.007815627631775578e-04,-9.433547741465560309e-05,-3.329984700747696223e-04,-5.291259527727877219e-04,-6.931886570653541298e-04,-8.329632390427619713e-04,-9.539646451780357415e-04,-1.060177981026307753e-03,-1.154300864860162033e-03,-1.238307739957613752e-03,-1.313468700210532062e-03,-1.380784849652234988e-03,-1.440848304450450743e-03,-1.494218741312011408e-03,-1.541185251711139599e-03,-1.582130352645107077e-03,-1.617229786748950685e-03,-1.646824864784056939e-03,-1.671079753817404992e-03,-1.690367412177583642e-03,-1.704896828213935166e-03,-1.715109352790666290e-03,-1.721286713833277684e-03,-1.723949818386427864e-03,-1.723459215963337159e-03,-1.720405611401886739e-03,-1.715216210941590243e-03,-1.708524504392488390e-03,-1.700797726841882457e-03,-1.692672625839930544e-03,-1.684620522697149406e-03,-1.677235629955769417e-03,-1.670954481729004446e-03,-1.666283836308007828e-03,-1.663590319552563828e-03,-1.663256019705343803e-03,-1.665552002802083266e-03,-1.670711401202500546e-03,-1.678897163807995972e-03,-1.690184779311293406e-03,-1.704630525254362738e-03,-1.722158931992025764e-03,-1.742733292591482725e-03,-1.766146460524169052e-03,-1.792290885882380893e-03,-1.820855143928467798e-03,-1.851686621430997329e-03,-1.884400005219066332e-03,-1.918822204492435721e-03,-1.954522561074866025e-03,-1.991326795890137943e-03,-2.028781626284031914e-03,-2.066722498803706242e-03,-2.104687365689081931e-03,-2.142521647550609150e-03,-2.179756952277786715e-03,-2.216235926558741184e-03,-2.251471519536176347e-03,-2.285273734497229522e-03,-2.317103195960590681e-03,-2.346680221044276059e-03,-2.373341320521023950e-03,-2.396605258004473691e-03,-2.415527557809057403e-03,-2.429179695706054458e-03,-2.435962041291348228e-03,-2.433903086261236283e-03,-2.419811785887717760e-03,-2.389189680824957505e-03,-2.334918910667564424e-03,-2.246286566560198178e-03,-2.106402608974960143e-03,-1.889379094603882512e-03,-1.555743048978604865e-03,-1.053672410027073564e-03,-3.266798877286144348e-04,5.960082694500822313e-04,1.559081810536327431e-03,1.559081810536327431e-03
0.000000000000000000e+00,1.513443440450591981e-01,1.796974495683342499e-01,1.658066842794874984e-01,1.392982324679906125e-01,1.126767735267762138e-01,8.998904027358850533e-02,7.183154669353683519e-02,5.759324692288858571e-02,4.640781511805508464e-02,3.750023702301955031e-02,3.027795540843768868e-02,2.432479224818474145e-02,1.936353898813264127e-02,1.521342139065975062e-02,1.175268086758897434e-02,8.890622901571903006e-03,6.549780767348223863e-03,4.657176523474934257e-03,3.141870887451500040e-03,1.936292684215165259e-03,9.786157985729429694e-04,2.150175271882535195e-04,-3.993133227997622790e-04,-9.000318661338670232e-04,-1.314593249326589507e-03,-1.663385230998630894e-03,-1.961305029361901792e-03,-2.218911579399731378e-03,-2.443735317624046253e-03,-2.640963560147073334e-03,-2.814320898033542424e-03,-2.966324751204648617e-03,-3.098872750846925778e-03,-3.213230301919156422e-03,-3.310473621629598465e-03,-3.391330635380292776e-03,-3.456567319753934067e-03,-3.506747118659134764e-03,-3.542599547151116524e-03,-3.564729751018227630e-03,-3.573981952008621187e-03,-3.571115883805108231e-03,-3.557165177504358154e-03,-3.533092392450048417e-03,-3.500136874294427266e-03,-3.459459596712933203e-03,-3.412472848662945635e-03,-3.360487440693391177e-03,-3.305016145541884998e-03,-3.247437543525584069e-03,-3.189265551769048575e-03,-3.131845338207661818e-03,-3.076581956657630824e-03,-3.024683729373860153e-03,-2.977343630454452883e-03,-2.935544041537760645e-03,-2.900185011585442243e-03,-2.871961398115535895e-03,-2.851432607658495235e-03,-2.838979215187448744e-03,-2.834809512850780273e-03,-2.838998303211077903e-03,-2.851426808817642856e-03,-2.871902034050507601e-03,-2.900028445121993325e-03,-2.935402545155710655e-03,-2.977417160351538902e-03,-3.025522926342233063e-03,-3.078968761129478524e-03,-3.137119859870932982e-03,-3.199140626797513254e-03,-3.264357394101715954e-03,-3.331892314111036587e-03,-3.401058113655909976e-03,-3.470952819284638200e-03,-3.540873082731107492e-03,-3.609879698567810234e-03,-3.677214806443693772e-03,-3.741846206340614794e-03,-3.802870707825123896e-03,-3.859039159959384586e-03,-3.909119553450721846e-03,-3.951388196941726071e-03,-3.983901385721219483e-03,-4.003895326633057777e-03,-4.007851571484569511e-03,-3.990650943221361359e-03,-3.945184617463441505e-03,-3.860925201903505927e-03,-3.722591609811400516e-03,-3.507467089199615799e-03,-3.182155111602712628e-03,-2.697907827237101125e-03,-1.985862086147666388e-03,-9.623630347320608026e-04,4.514949869070007671e-04,2.177154545547036520e-03,3.914878722350845046e-03,3.914878722350845046e-03
0.000000000000000000e+00,1.347121774818343665e-01,1.874963116138540498e-01,1.959052508717344376e-01,1.825379544794561437e-01,1.610605683251299935e-01,1.383309195004752412e-01,1.172802371728615123e-01,9.882492280990869127e-02,8.297731014059946120e-02,6.942203625470076689e-02,5.778827409238361523e-02,4.776039989169342942e-02,3.910614840860760638e-02,3.166499568869189651e-02,2.532181218768802394e-02,1.998047174167722276e-02,1.554548845140645182e-02,1.191366123496952027e-02,8.974415420010000213e-03,6.615052650615405039e-03,4.727733755847327891e-03,3.215233428469480015e-03,1.994664504894645349e-03,9.985358718723185301e-04,1.741845688697117513e-04,-5.182570505135936827e-04,-1.108047798468787207e-03,-1.616370768822341080e-03,-2.058199688843220885e-03,-2.444184353142429215e-03,-2.781703862870277787e-03,-3.076054704099598011e-03,-3.330873374325907330e-03,-3.548896314858980636e-03,-3.732018719372760720e-03,-3.881849318224898406e-03,-3.999577812891588931e-03,-4.086443886653445476e-03,-4.143499785868203986e-03,-4.172043796392401957e-03,-4.173318218271905404e-03,-4.148922737606359004e-03,-4.100468458037811147e-03,-4.029971047982799405e-03,-3.939475287024258969e-03,-3.831421733118005324e-03,-3.708256147325443130e-03,-3.572761926187269059e-03,-3.427671134945772628e-03,-3.275955684679334595e-03,-3.120459388955628896e-03,-2.964142362994943037e-03,-2.809755067492184736e-03,-2.660031700442462912e-03,-2.517426707138207490e-03,-2.384253527792859137e-03,-2.262501241479268968e-03,-2.153914908519701573e-03,-2.059905182582477678e-03,-1.981566027701565143e-03,-1.919684041010317598e-03,-1.874689115351472644e-03,-1.846763838266901820e-03,-1.835723249797079331e-03,-1.841218917560621601e-03,-1.862545580581096609e-03,-1.898929944180827428e-03,-1.949264618289338813e-03,-2.012468538468848833e-03,-2.087151789612267695e-03,-2.172032694331442557e-03,-2.265540248283163041e-03,-2.366271923495633783e-03,-2.472542845970109385e-03,-2.582867661776423133e-03,-2.695466535232487332e-03,-2.808753203592771319e-03,-2.920806378326839658e-03,-3.029842886850654150e-03,-3.133657045961596270e-03,-3.230049018568039929e-03,-3.316218695742988512e-03,-3.389095937984233208e-03,-3.444635599745667770e-03,-3.477938133579344063e-03,-3.482303903266063903e-03,-3.448916047771387761e-03,-3.365367180272939990e-03,-3.214531186140462057e-03,-2.972164163498136700e-03,-2.604598605525612360e-03,-2.065285011574807556e-03,-1.292261531346359116e-03,-2.075903901174398812e-04,1.268268838829983685e-03,3.178283845136720218e-03,5.365207604161887495e-03,7.368899258486489093e-03,7.368899258486489093e-03
0.000000000000000000e+00,1.060337565500777401e-01,1.655693851141322170e-01,1.906227243789562764e-01,1.933594877052615124e-01,1.837369594565984587e-01,1.682756727212748604e-01,1.507537895532694849e-01,1.331409651510106484e-01,1.163508595737834245e-01,1.007408290753855490e-01,8.641224440106527738e-02,7.337501869814404276e-02,6.162357787952927463e-02,5.115812750228892342e-02,4.197674333421175241e-02,3.405824416265128968e-02,2.734865161445858631e-02,2.175750883761444140e-02,1.716376205425850648e-02,1.342804361945844870e-02,1.040646366889601618e-02,7.962736674263733161e-03,5.976228619046172925e-03,4.346113486469469281e-03,2.991784004689188210e-03,1.851294774155429288e-03,8.782905269558585011e-04,3.900975773961118821e-05,-6.908947901411663112e-04,-1.328621002250264093e-03,-1.886418864955213739e-03,-2.372804288445902639e-03,-2.793911740956366626e-03,-3.153982191474814355e-03,-3.456232338749262636e-03,-3.702943566320438668e-03,-3.896103385640613780e-03,-4.037286188185064059e-03,-4.128193794567567611e-03,-4.170419142242826754e-03,-4.165936383874802029e-03,-4.116788795265904910e-03,-4.025542402012670558e-03,-3.894919249600246013e-03,-3.728213280733516048e-03,-3.528884536283720483e-03,-3.300931200103058693e-03,-3.048461451556658090e-03,-2.776015954218783149e-03,-2.488137789671200899e-03,-2.189642218637919292e-03,-1.885208707904006227e-03,-1.579597533500796350e-03,-1.277289513832189066e-03,-9.826506542416687130e-04,-6.996437918755811763e-04,-4.319424571865970036e-04,-1.827340981429553942e-04,4.521713090225740141e-05,2.496628558902843145e-04,4.288611798764020754e-04,5.815602848934744344e-04,7.070467999072971039e-04,8.050237915944277907e-04,8.757215661221110902e-04,9.196798190094675196e-04,9.379246282866286972e-04,9.316690626901766043e-04,9.025577008366080520e-04,8.523025514081681350e-04,7.829932127493493361e-04,6.966860050607094103e-04,5.957747514049746779e-04,4.825513358132463597e-04,3.596300370881310663e-04,2.294983219648255319e-04,9.498785848729675773e-05,-4.116330202355198645e-05,-1.757956357374136061e-04,-3.057265281130629175e-04,-4.271813606798631480e-04,-5.361065176940565209e-04,-6.275069337934218242e-04,-6.955848828762816989e-04,-7.328789836996293071e-04,-7.300543333606174853e-04,-6.746325739661756821e-04,-5.501642438530876924e-04,-3.343087251446536456e-04,2.736260118724583240e-06,5.005576781031993499e-04,1.209847550990466149e-03,2.192336769348854179e-03,3.515311712279384909e-03,5.230941624462349254e-03,7.330116122128234844e-03,9.599061874835262270e-03,1.152693716446068217e-02,1.152693716446068217e-02
0.000000000000000000e+00,7.771280010224022872e-02,1.327820106705137615e-01,1.657572916013299869e-01,1.809975611200702050e-01,1.837885191825355258e-01,1.785483373092804915e-01,1.684649164964777401e-01,1.556586141286462055e-01,1.414782115827225573e-01,1.267707544153557631e-01,1.120854404989966302e-01,9.780992954186386312e-02,8.424743775809141744e-02,7.164700227440595759e-02,6.020368054326231955e-02,5.004617478444960132e-02,4.122672161929962636e-02,3.372107446132952685e-02,2.744022778885775449e-02,2.224992059685602930e-02,1.799288221899535481e-02,1.450849780260626831e-02,1.164751796787499329e-02,9.280457767751468939e-03,7.301054931371763965e-03,5.625610688956231981e-03,4.190528641910771721e-03,2.948549297698934042e-03,1.865388569654370709e-03,9.163246767897464690e-04,8.388572328752697221e-05,-6.444147793898515400e-04,-1.277262617714195695e-03,-1.820944784426052664e-03,-2.279815276697438539e-03,-2.657231655482750459e-03,-2.955633787802145179e-03,-3.177261435763250805e-03,-3.324025851983132464e-03,-3.398122910812881661e-03,-3.401780675618856515e-03,-3.337810116446073352e-03,-3.209266071270887744e-03,-3.019944408033999050e-03,-2.773976649368844766e-03,-2.476269766393609292e-03,-2.132051683307039248e-03,-1.747247636297835768e-03,-1.327997262049028775e-03,-8.809642838832653419e-04,-4.128514271881186413e-04,6.935532408739354812e-05,5.588433193442569327e-04,1.048789481718001484e-03,1.532756582233551655e-03,2.004563614240644897e-03,2.458593000933191261e-03,2.889709943037989566e-03,3.293458851739620215e-03,3.666029698707163210e-03,4.004331665329626325e-03,4.306008389386553441e-03,4.569387313046111877e-03,4.793548812818651701e-03,4.978159190947497627e-03,5.123599934814767644e-03,5.230699458663752056e-03,5.300927814242281655e-03,5.336046683211655324e-03,5.338372142578413568e-03,5.310364330340800430e-03,5.254957292736660637e-03,5.175110046777522954e-03,5.074199316487205090e-03,4.955553579776506880e-03,4.822902984034180968e-03,4.679918880893205527e-03,4.530717050115169904e-03,4.379429397711550112e-03,4.230764572221977840e-03,4.089650103058826459e-03,3.961874327915775040e-03,3.853864768893691586e-03,3.773477817027219659e-03,3.730034383381767432e-03,3.735394383628697773e-03,3.804436037139131629e-03,3.956576211460975309e-03,4.216770328114000273e-03,4.617254928629515622e-03,5.198255727255916663e-03,6.008031765893867907e-03,7.099356807568227810e-03,8.520399622524073638e-03,1.029099341841694694e-02,1.235853228594066891e-02,1.448612264337918211e-02,1.618637744124654110e-02,1.618637744124654110e-02
0.000000000000000000e+00,5.402959293924826378e-02,9.957590850022249307e-02,1.334982440146972593e-01,1.558689224424990027e-01,1.683264550830769202e-01,1.728816631804185600e-01,1.714031212820752992e-01,1.654525447150058115e-01,1.562777395235440958e-01,1.448653508256833589e-01,1.320108408135619860e-01,1.183815044150492990e-01,1.045570387271394924e-01,9.104266555129750249e-02,7.826011828878337573e-02,6.652950022368407657e-02,5.605516691652596278e-02,4.692476348965408939e-02,3.912292526366508566e-02,3.255626945857163085e-02,2.708265851515297834e-02,2.253898521687746140e-02,1.876274205149274649e-02,1.560643087395618793e-02,1.294461954993036436e-02,1.067603303551283890e-02,8.721814769378395671e-03,7.022524427818590924e-03,5.534139008202352411e-03,4.224782706004374597e-03,3.071431031820416862e-03,2.057827029255216225e-03,1.172324390162327338e-03,4.068627446300628189e-04,-2.444194074531794375e-04,-7.855683639998961403e-04,-1.219800964190873895e-03,-1.549540944577895577e-03,-1.777211322186688465e-03,-1.905074073997870855e-03,-1.935919256246014129e-03,-1.872775843225955991e-03,-1.719526266571348846e-03,-1.480519238100253291e-03,-1.161111618534837325e-03,-7.672021053790489429e-04,-3.056940700527569616e-04,2.160302064970416646e-04,7.897306279004706478e-04,1.406868280418367484e-03,2.058309495131946647e-03,2.734884405544952147e-03,3.427166644901774931e-03,4.125993004965566695e-03,4.822307327852084526e-03,5.507602938226601776e-03,6.173818848227970689e-03,6.813672315136114037e-03,7.420598633367287041e-03,7.988951454732129767e-03,8.513982888954151410e-03,8.991902018999945248e-03,9.419897818620627875e-03,9.796059087797267043e-03,1.011944696621205897e-02,1.038989015620022695e-02,1.060811542405313244e-02,1.077543923563513938e-02,1.089396344403916438e-02,1.096618817488173581e-02,1.099527664487028392e-02,1.098461503114690416e-02,1.093814636371860834e-02,1.085990248559921129e-02,1.075440375675873993e-02,1.062618764443204813e-02,1.048027021460081094e-02,1.032169728713824494e-02,1.015606740245205211e-02,9.989137574269994768e-03,9.827418904957512663e-03,9.677884489899304596e-03,9.548673858245919355e-03,9.448982237535900539e-03,9.389952643556409573e-03,9.384867283464187748e-03,9.450330526201184897e-03,9.606834427251742525e-03,9.880122306919323152e-03,1.030165807036995465e-02,1.090897340057974882e-02,1.174367674844262535e-02,1.284653870504849811e-02,1.424609003971235612e-02,1.593615999039219369e-02,1.783816171639287379e-02,1.972023249276173146e-02,2.115461842160807140e-02,2.115461842160807140e-02
0.000000000000000000e+00,3.508635100539420765e-02,6.979181319368508996e-02,1.005865835320746277e-01,1.256642559222028999e-01,1.443695788304937833e-01,1.567415369211477838e-01,1.632347121431010351e-01,1.645349642057631623e-01,1.614331867876964421e-01,1.547476458972351920e-01,1.452868087886178550e-01,1.338367053255301864e-01,1.211525481767878887e-01,1.079402092129459062e-01,9.482588857010661176e-02,8.232199567841129439e-02,7.080154128678285697e-02,6.048948715588788050e-02,5.147372757096823487e-02,4.373114656180630833e-02,3.716172124628519535e-02,3.162233351571014373e-02,2.695532275617144868e-02,2.300843428323239362e-02,1.964685959324909484e-02,1.675807028400345955e-02,1.425246678572714316e-02,1.206087302269166599e-02,1.013144431360594316e-02,8.425838365052659706e-03,6.916362991567673139e-03,5.583008016275353008e-03,4.411738895010531951e-03,3.392522540806108041e-03,2.518521908638912937e-03,1.784743539587362298e-03,1.187764251043772366e-03,7.246987404987291406e-04,3.932251801841548993e-04,1.907166083702709438e-04,1.144513025457798573e-04,1.608471042663127198e-04,3.258065609143146607e-04,6.040409630780408431e-04,9.895266419695535921e-04,1.474924267077329723e-03,2.052127970958618139e-03,2.711787977865300677e-03,3.443928453591934159e-03,4.237575436114797423e-03,5.081409212021591529e-03,5.963490367157019308e-03,6.871903357493716440e-03,7.794565671478386609e-03,8.719814997596673015e-03,9.636282872638244137e-03,1.053338048844735739e-02,1.140121979426295118e-02,1.223096245437535826e-02,1.301477732275623661e-02,1.374603141861846511e-02,1.441928079905542386e-02,1.503029860300894409e-02,1.557610396631810626e-02,1.605483705788540369e-02,1.646583566935560725e-02,1.680937843548352406e-02,1.708682008346094905e-02,1.730023072883214372e-02,1.745259875005572212e-02,1.754739652234848027e-02,1.758885572231373012e-02,1.758148937035613688e-02,1.753043978475113049e-02,1.744098507520127489e-02,1.731895676037346898e-02,1.717025777693868827e-02,1.700134672826328353e-02,1.681879611713309533e-02,1.662984532703167678e-02,1.644203479770551049e-02,1.626384289447300319e-02,1.610444739018557225e-02,1.597448435896606581e-02,1.588601062425799154e-02,1.585344073013019925e-02,1.589376787342593883e-02,1.602764004187008998e-02,1.627962421012353264e-02,1.667879301576289872e-02,1.725771712353453557e-02,1.805015188303837545e-02,1.908484557662700615e-02,2.037458517848802705e-02,2.189627435245649137e-02,2.356164141161569067e-02,2.516088573655403046e-02,2.633745241549644012e-02,2.633745241549644012e-02
0.000000000000000000e+00,2.000541569258452307e-02,4.429651104856940913e-02,7.007842955431324572e-02,9.495869643173002195e-02,1.170269341327486307e-01,1.349466105543051242e-01,1.479787372990137573e-01,1.559121234270320899e-01,1.589373174415840417e-01,1.575191306724937901e-01,1.522997695608401814e-01,1.440327534394682252e-01,1.335318741429004363e-01,1.216204074076682462e-01,1.090750602493429644e-01,9.657113986437769471e-02,8.463981877583337532e-02,7.364715338163611846e-02,6.379709605958794327e-02,5.515494468274782791e-02,4.768228045805461557e-02,4.127498846402628124e-02,3.579658996851036584e-02,3.110382587667005413e-02,2.706278988513534378e-02,2.355772322884273906e-02,2.049356799826093992e-02,1.779552976969365000e-02,1.540623438900519046e-02,1.328292936462745905e-02,1.139407136830943544e-02,9.717053788181939655e-03,8.235629828003169020e-03,6.938625385502301436e-03,5.818143140464279543e-03,4.868987907758194102e-03,4.087333775277363426e-03,3.470572482187448717e-03,3.016222746371104504e-03,2.722033558973871101e-03,2.585032639041352515e-03,2.601806746339349607e-03,2.767657933344671271e-03,3.077028281445252835e-03,3.522766310200511636e-03,4.096678792373087581e-03,4.788919462366924250e-03,5.588648081865045004e-03,6.483549139943039705e-03,7.460566692743114681e-03,8.505549286726799690e-03,9.604015317416258676e-03,1.074090810486369105e-02,1.190133648707689985e-02,1.307041561987439503e-02,1.423392519938936757e-02,1.537820977768641385e-02,1.649070377659728540e-02,1.755987005215796370e-02,1.857555545815228748e-02,1.952895602094545727e-02,2.041278594624255927e-02,2.122126878299268604e-02,2.195012231548514395e-02,2.259658420684337865e-02,2.315923156459613608e-02,2.363805456994765020e-02,2.403414050112444300e-02,2.434980919770289576e-02,2.458819657650697377e-02,2.475346234552215988e-02,2.485030858893795200e-02,2.488426473611515810e-02,2.486117447829462937e-02,2.478755768765182263e-02,2.467009583916608684e-02,2.451606726088400787e-02,2.433285933600719611e-02,2.412847373415918581e-02,2.391109474415453393e-02,2.368966631475614634e-02,2.347355139347607686e-02,2.327319313766208417e-02,2.309990900680215786e-02,2.296665776338385062e-02,2.288800552804959310e-02,2.288098176813729498e-02,2.296513285079464922e-02,2.316317223924035593e-02,2.350047703541589122e-02,2.400425817804641843e-02,2.470034507543739447e-02,2.560758867128608632e-02,2.672758571442030578e-02,2.802882133825245620e-02,2.942464373176299081e-02,3.073561656664891562e-02,3.167555737090188561e-02,3.167555737090188561e-02
0.000000000000000000e+00,7.811860381061044162e-03,2.273876875069859999e-02,4.294347125308132368e-02,6.602271536110750072e-02,8.944340812502012128e-02,1.109841289437059758e-01,1.290083458553179518e-01,1.425324175241219626e-01,1.511507360197484329e-01,1.549084849363131511e-01,1.541826935734743886e-01,1.495886213712426804e-01,1.419016951942512206e-01,1.319813479527013611e-01,1.206922315752947533e-01,1.088281955761679215e-01,9.705124321264450848e-02,8.585514640105466888e-02,7.555791836978764664e-02,6.631875258300108655e-02,5.817133943602370572e-02,5.106274667045686971e-02,4.489036721063088126e-02,3.953103592684691775e-02,3.486156281823445113e-02,3.077032045621483011e-02,2.716292346052411738e-02,2.396296651081014292e-02,2.111101295342994108e-02,1.856177908919545705e-02,1.628185749244217065e-02,1.424679958078329048e-02,1.243944422173545380e-02,1.084769110944923398e-02,9.463604637941708600e-03,8.281746584223705424e-03,7.298815809160537349e-03,6.512303016530010535e-03,5.920461746887091363e-03,5.521142420796620355e-03,5.311985787187036012e-03,5.289382000226379270e-03,5.448841056250919995e-03,5.784073283580193868e-03,6.287519534509291089e-03,6.949569767922854704e-03,7.759239518170713175e-03,8.703542998562513802e-03,9.768290971699575623e-03,1.093762219639041015e-02,1.219487965239784283e-02,1.352228700321642975e-02,1.490184313736336343e-02,1.631511565644024747e-02,1.774408428399203846e-02,1.917101608930976350e-02,2.057919000575020654e-02,2.195282038828572785e-02,2.327760778324999835e-02,2.454068720578353804e-02,2.573097140437371685e-02,2.683911429719734384e-02,2.785763732462070291e-02,2.878091229622183403e-02,2.960508386928044355e-02,3.032808590496214457e-02,3.094938988287676551e-02,3.147007288988983020e-02,3.189243129906789431e-02,3.222011692551995932e-02,3.245765806565476669e-02,3.261067487889469929e-02,3.268534778595302837e-02,3.268871616428344756e-02,3.262812955071957288e-02,3.251162755961747863e-02,3.234740457568286570e-02,3.214426513453619988e-02,3.191112952775161660e-02,3.165755866474501828e-02,3.139332712319599372e-02,3.112901452099800514e-02,3.087567309321614592e-02,3.064548515792319544e-02,3.045154603677410754e-02,3.030856997884915499e-02,3.023275520435115757e-02,3.024240064275189599e-02,3.035756486409810564e-02,3.059998124476453682e-02,3.099141807878402766e-02,3.155109724210190120e-02,3.229019467119876446e-02,3.320364862678892859e-02,3.425756520954158224e-02,3.537389954552612459e-02,3.640595555209209105e-02,3.713218534209801469e-02,3.713218534209801469e-02
0.000000000000000000e+00,-2.287489741406433397e-03,4.422105151833610748e-03,1.916404133252946895e-02,3.972521756970009976e-02,6.327894791922648865e-02,8.704438837155129005e-02,1.087407854295290022e-01,1.267728400421210821e-01,1.402148192535994375e-01,1.487040151962956969e-01,1.523218632012218188e-01,1.514915361421348416e-01,1.468870912404240670e-01,1.393422097865727183e-01,1.297541598610165714e-01,1.189902555482809515e-01,1.078092987644504175e-01,9.681025005121118854e-02,8.641239642788707542e-02,7.686460198950818834e-02,6.827406003794471434e-02,6.064465733360192151e-02,5.391475965986482904e-02,4.798938890036598404e-02,4.276317006525985620e-02,3.813533527779838089e-02,3.401712979599059994e-02,3.033507214195279092e-02,2.703050552536386333e-02,2.405846277504188405e-02,2.138508918201083644e-02,1.898595990891084953e-02,1.684360862588567959e-02,1.494639311851432735e-02,1.328652203829844107e-02,1.185949088135007656e-02,1.066247365469821101e-02,9.694151072205588540e-03,8.953313433084891804e-03,8.438952686837676576e-03,8.149001842765348294e-03,8.080632106661387107e-03,8.229117620631934069e-03,8.588319985937042586e-03,9.149699847750561443e-03,9.902983765056619370e-03,1.083535097967584966e-02,1.193226892987629337e-02,1.317687175838717743e-02,1.455092920993273330e-02,1.603441164982610107e-02,1.760653227595591203e-02,1.924547097009514027e-02,2.092941095204463656e-02,2.263637847012166249e-02,2.434518869555472170e-02,2.603535440131602222e-02,2.768786436857939223e-02,2.928512205918437639e-02,3.081150112008256697e-02,3.225329121465302096e-02,3.359900399006895966e-02,3.483932208595794805e-02,3.596715836996312865e-02,3.697762007603778295e-02,3.786784832542591100e-02,3.863701865958120429e-02,3.928600348069046649e-02,3.981743195102942917e-02,4.023522452222947493e-02,4.054473064479418437e-02,4.075218372827446589e-02,4.086492703094544987e-02,4.089083200168834586e-02,4.083861398389593972e-02,4.071724975544929737e-02,4.053637753825737461e-02,4.030574280893949035e-02,4.003567274243456653e-02,3.973657404226006024e-02,3.941947017821172822e-02,3.909557047333813568e-02,3.877685687244548929e-02,3.847573562317991441e-02,3.820565004828584826e-02,3.798079840046833522e-02,3.781669742888389002e-02,3.772984001903411516e-02,3.773792817196594540e-02,3.785896781879953543e-02,3.811027772463669583e-02,3.850563748932021857e-02,3.905115983007628050e-02,3.973838316727886649e-02,4.053531992440778664e-02,4.137591320290044672e-02,4.214558779699000696e-02,4.267999818151055336e-02,4.267999818151055336e-02
0.000000000000000000e+00,-1.087749721378602867e-02,-1.135000431925920622e-02,-1.664206403632013768e-03,1.618932674450119374e-02,3.923654260604168137e-02,6.432459239714603816e-02,8.870650843549475473e-02,1.103159887632411684e-01,1.278011938371724221e-01,1.404408407355208777e-01,1.480339355100873944e-01,1.507984819283073596e-01,1.492777327180733471e-01,1.442416342574346089e-01,1.365802638583110129e-01,1.271966951521818767e-01,1.169144324604425994e-01,1.064121383706952140e-01,9.619269048963934032e-02,8.658354381942584554e-02,7.776065077636755418e-02,6.978394615924853051e-02,6.263546644825040977e-02,5.625218979939228953e-02,5.055155620807704614e-02,4.544793985149515880e-02,4.086276379315685603e-02,3.672864187611132869e-02,3.299105681268640899e-02,2.960726791842464498e-02,2.654534264360521728e-02,2.378187525762264984e-02,2.130086045607854431e-02,1.909154991589734340e-02,1.714775585147359713e-02,1.546601666933814997e-02,1.404530017377199000e-02,1.288538132576079812e-02,1.198683262524587352e-02,1.134953512937551291e-02,1.097289094420805453e-02,1.085445071304898257e-02,1.099033107283207619e-02,1.137398560265686677e-02,1.199683282212583163e-02,1.284721407574415143e-02,1.391123466083397930e-02,1.517194402362165122e-02,1.661036971647907728e-02,1.820493003674953508e-02,1.993260772147833690e-02,2.176857377709081123e-02,2.368741728921179568e-02,2.566293301890144180e-02,2.766930579749327795e-02,2.968100139198426649e-02,3.167380428893854655e-02,3.362475416609361778e-02,3.551295456527137767e-02,3.731951375934750015e-02,3.902807384945160968e-02,4.062473858493202694e-02,4.209830946870631724e-02,4.344020640196781524e-02,4.464443090152240418e-02,4.570750203033821513e-02,4.662819085456790247e-02,4.740750105875955051e-02,4.804823112305701277e-02,4.855502684335782221e-02,4.893382957502508818e-02,4.919201944603734250e-02,4.933780255681159688e-02,4.938045263405538982e-02,4.932968092708823332e-02,4.919597354467622474e-02,4.898997791138372943e-02,4.872292494734904722e-02,4.840605701214151929e-02,4.805111872949779928e-02,4.766984335113051696e-02,4.727449177847828365e-02,4.687740487892550628e-02,4.649156238235161581e-02,4.613019067296175030e-02,4.580728873018276998e-02,4.553723141454672080e-02,4.533512571976572314e-02,4.521619169437778724e-02,4.519554123137935198e-02,4.528667449588324317e-02,4.549964871840833647e-02,4.583733691029972385e-02,4.629061471984500381e-02,4.683174643166161666e-02,4.740816718276031488e-02,4.793506206209955517e-02,4.829797714987933699e-02,4.829797714987933699e-02
0.000000000000000000e+00,-1.837257464329650550e-02,-2.516213530470647400e-02,-2.003984399588163920e-02,-4.805097510223061211e-03,1.747053329112959602e-02,4.335771366079441830e-02,6.975340557536804931e-02,9.422354014446121528e-02,1.150736777315864712e-01,1.312828099169158214e-01,1.424013941108462078e-01,1.484547566844726940e-01,1.498506948719479093e-01,1.472791526883952540e-01,1.415993831484236853e-01,1.337239314375372468e-01,1.245147590162291179e-01,1.147072062661632225e-01,1.048686974564011221e-01,9.539170755136101854e-02,8.651177776485073634e-02,7.834046145614838308e-02,7.090169514355235125e-02,6.416549394558890285e-02,5.807383032298658876e-02,5.255929604789573439e-02,4.755591178401332580e-02,4.300551569375926642e-02,3.885965191666314322e-02,3.508038081728751673e-02,3.163889929939538159e-02,2.851487093640698092e-02,2.569439082526813606e-02,2.316932323937687804e-02,2.093534504956890904e-02,1.899158597930637390e-02,1.733882146705845867e-02,1.597938445318168588e-02,1.491546007831050409e-02,1.414921615712323201e-02,1.368118544437525209e-02,1.351060215727872479e-02,1.363390582429120299e-02,1.404530231759551495e-02,1.473545081620384299e-02,1.569227344013397057e-02,1.689988617559195008e-02,1.833966040582797608e-02,1.998943262587266415e-02,2.182478156175180969e-02,2.381851093254853599e-02,2.594206160821894286e-02,2.816522162209490754e-02,3.045755918025664852e-02,3.278828748231003148e-02,3.512759172527870483e-02,3.744656973128061839e-02,3.971833787183044057e-02,4.191798208896824196e-02,4.402336048234056776e-02,4.601502697305101530e-02,4.787669290883538736e-02,4.959511745034322211e-02,5.116023535417255769e-02,5.256503447688778974e-02,5.380539225449022106e-02,5.487997554352910118e-02,5.578984928951049443e-02,5.653843613690157088e-02,5.713096735295437184e-02,5.757453195572823784e-02,5.787743550167803036e-02,5.804935542772194507e-02,5.810066247305591125e-02,5.804268490553281951e-02,5.788703432543969296e-02,5.764596947252841747e-02,5.733175567863866423e-02,5.695711017508314072e-02,5.653461338683881537e-02,5.607721125472025364e-02,5.559768572608814186e-02,5.510918262398474543e-02,5.462473442632803655e-02,5.415776868068785527e-02,5.372165014022895618e-02,5.333009039672518409e-02,5.299661335833723980e-02,5.273468378515740879e-02,5.255681525186430697e-02,5.247393682615059812e-02,5.249342970286138138e-02,5.261679723820107679e-02,5.283580642310235775e-02,5.312852192284871211e-02,5.345586325945338863e-02,5.376004566076904301e-02,5.396974513671454199e-02,5.396974513671454199e-02
0.000000000000000000e+00,-2.506281472041377995e-02,-3.747111138343475756e-02,-3.643171881296657089e-02,-2.360103762202881567e-02,-2.143228837562962188e-03,2.427769188356599522e-02,5.226445865693184895e-02,7.908291277301514322e-02,1.027597407786155492e-01,1.220272024877982753e-01,1.362264913529933064e-01,1.452145790121483759e-01,1.492746132022420291e-01,1.490154632272270852e-01,1.452559901173403334e-01,1.389025166028804437e-01,1.308372942606961242e-01,1.218334691235063577e-01,1.125062870001017484e-01,1.032989707460014450e-01,9.449642889680988367e-02,8.625446996947008782e-02,7.863521336914061632e-02,7.163962653603679620e-02,6.523453636217753371e-02,5.937128062989779909e-02,5.399844890741326009e-02,4.906833736672976121e-02,4.454082379180649559e-02,4.038383994382087339e-02,3.657380861265492611e-02,3.309415166967771826e-02,2.993493982851407401e-02,2.709099915720545454e-02,2.456160668202412786e-02,2.234858273744132207e-02,2.045617857697015068e-02,1.888919490304048765e-02,1.765305307957718700e-02,1.675194408123116541e-02,1.618908316195142791e-02,1.596493305622786324e-02,1.607767555408309498e-02,1.652159043039966302e-02,1.728779386709347610e-02,1.836286564740831351e-02,1.972989064947155979e-02,2.136740491226140487e-02,2.325073346711024891e-02,2.535127780178286772e-02,2.763808460282803428e-02,3.007744052632091436e-02,3.263455250990555945e-02,3.527337024257898301e-02,3.795822689236876685e-02,4.065378782432706173e-02,4.332649934791196061e-02,4.594456792161476927e-02,4.847909367683224391e-02,5.090401328566236672e-02,5.319684581794195677e-02,5.533857328870121078e-02,5.731398425162126387e-02,5.911150493364347031e-02,6.072317629736777300e-02,6.214447502673653423e-02,6.337399327549338157e-02,6.441329843441302716e-02,6.526639904097049361e-02,6.593968711514587577e-02,6.644127187078106844e-02,6.678103385473295461e-02,6.696989601298576622e-02,6.702000098213040102e-02,6.694397262301519935e-02,6.675521129408307219e-02,6.646718245683798376e-02,6.609381201605690759e-02,6.564882406706960827e-02,6.514620948631012765e-02,6.459962216664547063e-02,6.402288703452430063e-02,6.342945111568755456e-02,6.283288849773518980e-02,6.224638567944876938e-02,6.168318581475913664e-02,6.115606082608259636e-02,6.067760370639636858e-02,6.025957735176862284e-02,5.991285790122776594e-02,5.964635911997220180e-02,5.946614529134181676e-02,5.937333231779488851e-02,5.936192385786668441e-02,5.941624627708352868e-02,5.951031408027832037e-02,5.961042170407817448e-02,5.968272574370332706e-02,5.968272574370332706e-02
0.000000000000000000e+00,-3.115147203486581459e-02,-4.862241202267569840e-02,-5.123679162354960459e-02,-4.055456941310397329e-02,-1.984566067855909888e-02,7.004985189977520725e-03,3.633729962295564192e-02,6.515821930187298827e-02,9.125957475650300910e-02,1.131689062215930214e-01,1.300538893790684769e-01,1.416306491837526216e-01,1.480753032237415723e-01,1.499241157670797020e-01,1.479553025719368142e-01,1.430624860589775615e-01,1.361368478787748637e-01,1.279761885328635218e-01,1.192296165904663252e-01,1.103788996815670970e-01,1.017476266735943408e-01,9.352834715222982376e-02,8.581558457776275461e-02,7.863839256598217919e-02,7.198640656944158001e-02,6.582978140548355339e-02,6.013154135448162824e-02,5.485583597677623491e-02,4.997136152457062191e-02,4.545372004503513141e-02,4.128505073871394787e-02,3.745438125498799786e-02,3.395606753932645799e-02,3.078972385230530073e-02,2.795834758468398323e-02,2.546827301616974570e-02,2.332718661186878456e-02,2.154418691004581984e-02,2.012773752458279358e-02,1.908585787837111664e-02,1.842407150658280368e-02,1.814577740670181988e-02,1.825029475210738703e-02,1.873349255199450655e-02,1.958605896628967322e-02,2.079446672393594694e-02,2.233958491335080038e-02,2.419801815114604182e-02,2.634112829239989781e-02,2.873671432573010609e-02,3.134843728139204144e-02,3.413772943578465696e-02,3.706354517500971835e-02,4.008432958285457898e-02,4.315797325298497550e-02,4.624364793096912701e-02,4.930183370082855121e-02,5.229584771976608648e-02,5.519183727362077241e-02,5.795988086939193873e-02,6.057388942234488705e-02,6.301223064466987545e-02,6.525753496319966485e-02,6.729686366857366708e-02,6.912145890827728345e-02,7.072652740580463726e-02,7.211099560295600175e-02,7.327700717770660455e-02,7.422974479369527645e-02,7.497674307289535489e-02,7.552782343126193676e-02,7.589431163661379542e-02,7.608911008078068916e-02,7.612588876493707468e-02,7.601929719773456440e-02,7.578417614869602248e-02,7.543589346886617197e-02,7.498960495502389467e-02,7.446068600926418479e-02,7.386405439578194732e-02,7.321466158912787181e-02,7.252687689352352307e-02,7.181499589006441753e-02,7.109267212194356200e-02,7.037339264851001641e-02,6.966992913701509915e-02,6.899472163126670055e-02,6.835930431001913110e-02,6.777451875395497372e-02,6.724981870321138089e-02,6.679313204153933259e-02,6.640976565423516165e-02,6.610155199384908087e-02,6.586519856700276399e-02,6.569163519434656484e-02,6.556701536072767622e-02,6.547924113840965232e-02,6.542721885889592193e-02,6.542721885889592193e-02
0.000000000000000000e+00,-3.678202999503367432e-02,-5.887355196084286674e-02,-6.477415808468592329e-02,-5.598685231058209838e-02,-3.590559406848785329e-02,-8.635911747561855756e-03,2.191367602984407165e-02,5.251459494900177771e-02,8.075266677588631425e-02,1.049811381954570688e-01,1.242235028675187369e-01,1.380801450942097108e-01,1.466397059368136357e-01,1.503782017879770894e-01,1.500390553208252320e-01,1.465024429876705947e-01,1.406633592035775593e-01,1.333354329134905092e-01,1.251918551258291434e-01,1.167424597018868054e-01,1.083406883461900672e-01,1.002078580956953929e-01,9.246553847619068400e-02,8.516638668753680197e-02,7.832080703423954793e-02,7.191589519268141995e-02,6.592919813880405988e-02,6.033621344200182368e-02,5.511559863984166752e-02,5.025062975710389152e-02,4.573074612323201060e-02,4.155067394854385782e-02,3.771082754233351375e-02,3.421564599723320166e-02,3.107373835995381681e-02,2.829590179280588869e-02,2.589524502726492719e-02,2.388501171926964498e-02,2.227874870899727508e-02,2.108801081152778326e-02,2.032263982238007374e-02,1.998846759492432096e-02,2.008780868039222733e-02,2.061732460466477249e-02,2.156885317529992629e-02,2.292760817528357101e-02,2.467344338814258728e-02,2.677951958826969500e-02,2.921402540983641938e-02,3.193935506836611399e-02,3.491420354869305409e-02,3.809319690073000725e-02,4.142918495171935001e-02,4.487318845469268763e-02,4.837665855330237213e-02,5.189157038422563539e-02,5.537241589225965627e-02,5.877628608484223444e-02,6.206441198931970243e-02,6.520213031802250814e-02,6.815987125143986580e-02,7.091297395663231917e-02,7.344211283612067653e-02,7.573299452329208814e-02,7.777629055774507028e-02,7.956728805901991386e-02,8.110544208074058070e-02,8.239406304130221514e-02,8.343961506812734574e-02,8.425151007317670249e-02,8.484126707860263628e-02,8.522245629953986712e-02,8.540980988877952540e-02,8.541933007794960675e-02,8.526741383243705008e-02,8.497111419316322189e-02,8.454731622250072354e-02,8.401312318935358348e-02,8.338510131065618447e-02,8.267975192996891709e-02,8.191282745356499861e-02,8.109984479041980332e-02,8.025546269208380656e-02,7.939398792952527539e-02,7.852879418108672793e-02,7.767277152624826875e-02,7.683776348299380110e-02,7.603491868015323230e-02,7.527412811815292759e-02,7.456423829295759365e-02,7.391242830864755420e-02,7.332414210722580650e-02,7.280223817131728503e-02,7.234669486319425524e-02,7.195475633976695928e-02,7.162397352038045450e-02,7.136156657389933211e-02,7.119561103112365119e-02,7.119561103112365119e-02
0.000000000000000000e+00,-4.205686802009562381e-02,-6.841549164225217694e-02,-7.729325686469409873e-02,-7.016804567324617936e-02,-5.057603754089814302e-02,-2.284824705164270262e-02,8.863589588958031493e-03,4.110827791580580481e-02,7.128355144132567101e-02,9.758968422610822535e-02,1.189280320044818623e-01,1.348044247399593776e-01,1.452378013597457329e-01,1.506575761959470516e-01,1.517804610084681205e-01,1.494766205023142780e-01,1.446433061150431965e-01,1.381056087205828342e-01,1.305537056310607791e-01,1.225182098337091741e-01,1.143745120021879835e-01,1.063664291765583220e-01,9.863662206844273084e-02,9.125766362598732029e-02,8.425722942196978149e-02,7.763803536122065863e-02,7.139045045773861897e-02,6.550155295618940998e-02,5.995923453882053694e-02,5.475553462674793287e-02,4.988687843646335413e-02,4.535524114772086779e-02,4.116691709021171042e-02,3.733301117617433135e-02,3.386759467109476396e-02,3.078799145639126225e-02,2.811256663441613624e-02,2.586093932953210245e-02,2.405150563817655060e-02,2.270165842230787920e-02,2.182516885258400235e-02,2.143253244376686767e-02,2.152839805411406460e-02,2.211220535850968658e-02,2.317589410432530084e-02,2.470500231978512568e-02,2.667687110832764677e-02,2.906230745223841935e-02,3.182440843910176037e-02,3.492076624943871166e-02,3.830290028626117532e-02,4.191884238148139291e-02,4.571304194718269626e-02,4.962907012784993632e-02,5.360979053299269603e-02,5.759988436791513289e-02,6.154606704543272300e-02,6.539916716056498602e-02,6.911421660229472019e-02,7.265190610634424118e-02,7.597846446182977831e-02,7.906643250704320502e-02,8.189434122771435676e-02,8.444685621780678719e-02,8.671433347626027188e-02,8.869246037073780231e-02,9.038179735797939596e-02,9.178707136069795547e-02,9.291680455242115610e-02,9.378240921111545558e-02,9.439797439174767157e-02,9.477928244346567332e-02,9.494378610954933018e-02,9.490963055940339343e-02,9.469581883020922186e-02,9.432128954750207406e-02,9.380524351183648635e-02,9.316630091786522183e-02,9.242294706817996697e-02,9.159277424100135956e-02,9.069299766448488120e-02,8.973977435638846867e-02,8.874873847896007362e-02,8.773438082131138072e-02,8.671055472959948718e-02,8.568989844493153651e-02,8.468427625895687261e-02,8.370424385640586051e-02,8.275942514269608863e-02,8.185805222336754727e-02,8.100729002706331949e-02,8.021283620389348112e-02,7.947916646726890799e-02,7.880943626542399882e-02,7.820713789190927856e-02,7.768023186990005713e-02,7.725360711806654457e-02,7.698166488114917272e-02,7.698166488114917272e-02
0.000000000000000000e+00,-4.704991074577341559e-02,-7.738990736423269345e-02,-8.898609581459823725e-02,-8.331673058171217006e-02,-6.407620496443730551e-02,-3.582760322575494205e-02,-2.964729454468260049e-03,3.084524734733814014e-02,6.282320531556910559e-02,9.103061731975220505e-02,1.142630274734801887e-01,1.319479899875811713e-01,1.440501255018784010e-01,1.509645233972065070e-01,1.533903602885750839e-01,1.521925352982445301e-01,1.482721344756032789e-01,1.424635404009215456e-01,1.354701987019237275e-01,1.278377519357354331e-01,1.199581928846415180e-01,1.120918449991389065e-01,1.043981166141995237e-01,9.696498808959670701e-02,8.983497518850766528e-02,8.302361066988839244e-02,7.653335719534477832e-02,7.036130111545250976e-02,6.450500587626720184e-02,5.896439993809574065e-02,5.374406332539752307e-02,4.885269313644763356e-02,4.430412165807307012e-02,4.011576637119054767e-02,3.630919620052543845e-02,3.290800413709839972e-02,2.993815509325043617e-02,2.742542026676645164e-02,2.539560055523562912e-02,2.387164232294386110e-02,2.287385641698039263e-02,2.241691143901771918e-02,2.251024078505798470e-02,2.315519467747245014e-02,2.434587639401404602e-02,2.606676351032117395e-02,2.829418399134405945e-02,3.099464640988215669e-02,3.412703558003725435e-02,3.764172925112142798e-02,4.148340342131875275e-02,4.559082865146264762e-02,4.990001096002914110e-02,5.434443217166563811e-02,5.885816530926585299e-02,6.337627117823682599e-02,6.783752365408859952e-02,7.218470135162646795e-02,7.636664048354353806e-02,8.033825741721674352e-02,8.406179024001074473e-02,8.750651638075776506e-02,9.064919769350078538e-02,9.347356742833659582e-02,9.597011034002460306e-02,9.813545384488868428e-02,9.997167290663731831e-02,1.014857271714612597e-01,1.026884842108462120e-01,1.035943126584382146e-01,1.042199851810961114e-01,1.045844885572605742e-01,1.047079206709267130e-01,1.046115304161404913e-01,1.043166772432466555e-01,1.038450773489232593e-01,1.032178582476161732e-01,1.024559657781698996e-01,1.015793215929256671e-01,1.006073358771055193e-01,9.955816051373403419e-02,9.844925095988631136e-02,9.729669930896379937e-02,9.611579264151721980e-02,9.492040841693058506e-02,9.372352939049599652e-02,9.253669874256079120e-02,9.137048955301102504e-02,9.023406662124318356e-02,8.913567449827963785e-02,8.808239939427370269e-02,8.708074670334989276e-02,8.613671006974281397e-02,8.525683624720899190e-02,8.445036489743203145e-02,8.373508256531346505e-02,8.315206375689547513e-02,8.278006912172590492e-02,8.278006912172590492e-02
0.000000000000000000e+00,-5.181521182264397368e-02,-8.590228155829623957e-02,-9.999941566196396403e-02,-9.560572322661405054e-02,-7.658749853520273321e-02,-4.774619662611742643e-02,-1.371847003938032016e-02,2.161618166359529497e-02,5.530851395526921455e-02,8.529092696507782623e-02,1.102644859028536206e-01,1.295910756835220723e-01,1.431929196905060986e-01,1.514417617828473228e-01,1.550273792717158650e-01,1.548152962787267273e-01,1.517127772020690490e-01,1.465638789508943163e-01,1.400828523102213841e-01,1.328273207044932125e-01,1.252012100015535701e-01,1.174775150023483206e-01,1.098277740302326666e-01,1.023524498466217986e-01,9.510537672091079475e-02,8.811340234696661555e-02,8.138873114711055179e-02,7.493821236803521746e-02,6.876757817500897541e-02,6.288532491972394223e-02,5.730320632203282638e-02,5.203799262291548822e-02,4.711039112119622119e-02,4.254602086683791085e-02,3.837350403304527757e-02,3.462505645979471053e-02,3.133395484316849749e-02,2.853485664625392271e-02,2.626074669377643014e-02,2.454308732787981173e-02,2.340841952101485254e-02,2.287853457896316459e-02,2.296703222274477582e-02,2.367980937409042141e-02,2.501197590164533358e-02,2.694899140461570405e-02,2.946432639501978673e-02,3.252147788257890582e-02,3.607260067190779657e-02,4.006140357799962276e-02,4.442272184092577181e-02,4.908604143195119396e-02,5.397576824508324572e-02,5.901496598921477515e-02,6.412596762779226855e-02,6.923385644570796693e-02,7.426705060488536514e-02,7.916010876072608615e-02,8.385400705378272257e-02,8.829800671684404079e-02,9.244950456360194468e-02,9.627490474877302418e-02,9.974908986597380567e-02,1.028554170549502017e-01,1.055849673954225715e-01,1.079358913000418863e-01,1.099126287213945952e-01,1.115248545013376724e-01,1.127868344738988809e-01,1.137161892353395209e-01,1.143334902493692157e-01,1.146610002705069492e-01,1.147225472357305542e-01,1.145423368134061842e-01,1.141450886795492697e-01,1.135549661365900104e-01,1.127959261293494247e-01,1.118907769253713325e-01,1.108616782529878442e-01,1.097293185137977606e-01,1.085134992810367072e-01,1.072324140814538002e-01,1.059032569713907607e-01,1.045415828403566394e-01,1.031618921701054625e-01,1.017770627387374061e-01,1.003988934049932918e-01,9.903763889192838954e-02,9.770256792107964716e-02,9.640171723159707273e-02,9.514260459127442393e-02,9.393236426019770102e-02,9.277882801438067095e-02,9.169160249322780287e-02,9.068555007030110193e-02,8.978751396828942022e-02,8.905383618157557135e-02,8.858608729002190318e-02,8.858608729002190318e-02
0.000000000000000000e+00,-5.639277094879491942e-02,-9.403162113952573398e-02,-1.104450636255350365e-01,-1.071699724840566720e-01,-8.825593270333677298e-02,-5.874848297590704732e-02,-2.352822159423435464e-02,1.331481238263654797e-02,4.866575332398226372e-02,8.033420220736690875e-02,1.069350502405207876e-01,1.277734537570401063e-01,1.427388654173668558e-01,1.521881881703687767e-01,1.568094540710158469e-01,1.574739187416605568e-01,1.550986396068006756e-01,1.505380943498892676e-01,1.445170813113302866e-01,1.376026895090899094e-01,1.302083838798258342e-01,1.226159932634848793e-01,1.150065046181943246e-01,1.074891901963493934e-01,1.001273086106783949e-01,9.295613392388803187e-02,8.599679837226383017e-02,7.926382629291556237e-02,7.277127950683999480e-02,6.653473830077351325e-02,6.057408508991220242e-02,5.491310489158957725e-02,4.958100857742318152e-02,4.461088663740585269e-02,4.004065811848406958e-02,3.591071184934131744e-02,3.226444049764790739e-02,2.914515510296940975e-02,2.659626832128484872e-02,2.465760324704576595e-02,2.336537652287035485e-02,2.274817924616225409e-02,2.282706882148511154e-02,2.361168052892249902e-02,2.510086740141383513e-02,2.727949116782804953e-02,3.012003467570868037e-02,3.358051266000897095e-02,3.760725278231252799e-02,4.213405995283674155e-02,4.708600365175173025e-02,5.237962288687630225e-02,5.792727203848895001e-02,6.363795285711125460e-02,6.942164509640835757e-02,7.519027936602520890e-02,8.086147173328847582e-02,8.635920062379050244e-02,9.161650540508944895e-02,9.657561063405623036e-02,1.011894024073273224e-01,1.054209783948354684e-01,1.092439773942527198e-01,1.126417209767414246e-01,1.156066504834165204e-01,1.181393119247673013e-01,1.202472218446209024e-01,1.219439360736152278e-01,1.232476416631778093e-01,1.241804784186990723e-01,1.247670791559264275e-01,1.250342225648491956e-01,1.250094577190010436e-01,1.247210889857825189e-01,1.241969485619143915e-01,1.234646630791647187e-01,1.225505893204172636e-01,1.214802879304213989e-01,1.202776105630344317e-01,1.189653015639111078e-01,1.175642132588346211e-01,1.160939634727514297e-01,1.145722536936303604e-01,1.130155240212335488e-01,1.114383559699882592e-01,1.098540914348640624e-01,1.082743310668584091e-01,1.067095429084204683e-01,1.051687472344727675e-01,1.036602521052412823e-01,1.021917261484263928e-01,1.007712900635804737e-01,9.940830445358790624e-02,9.811553115979022854e-02,9.691295530278357107e-02,9.583614250559639725e-02,9.495581994675594828e-02,9.439540630045541170e-02,9.439540630045541170e-02
0.000000000000000000e+00,-6.081253332918133692e-02,-1.018374748969972654e-01,-1.204084114994263960e-01,-1.181141430355239497e-01,-9.919728559528595557e-02,-6.895211809518235480e-02,-3.250445998261674435e-02,5.846417244892099241e-03,4.282277230268386609e-02,7.611600528573200797e-02,1.042603560333393298e-01,1.265111674073088055e-01,1.427319789461567734e-01,1.532720886529221060e-01,1.588236325901279389e-01,1.602688489757732593e-01,1.585375497948704193e-01,1.544967665805832002e-01,1.488815832956389418e-01,1.422680279916004320e-01,1.350766508279119538e-01,1.275963063467184244e-01,1.200141880572302006e-01,1.124465588543735878e-01,1.049630364447212832e-01,9.760617390028497597e-02,9.040351316982549179e-02,8.337696094317936790e-02,7.654694677589642116e-02,6.993665820957382928e-02,6.357260632636792252e-02,5.748686768202033309e-02,5.171605426127088428e-02,4.630273727344397239e-02,4.129341196041195344e-02,3.673937720182359618e-02,3.269378773994358750e-02,2.921201386321304466e-02,2.634781998999476474e-02,2.415327184010246722e-02,2.267423514367207515e-02,2.195008817221199768e-02,2.200899105542190176e-02,2.286789949314887299e-02,2.452828784296926315e-02,2.697709317631578549e-02,3.018360529858764296e-02,3.410182891887006407e-02,3.866895678748987625e-02,4.380920276696445570e-02,4.943377115493381019e-02,5.544572477986803999e-02,6.174098967949420702e-02,6.821358599714390236e-02,7.475706866200788892e-02,8.126937154111739392e-02,8.765405978593830694e-02,9.382411415224034545e-02,9.970253029239176112e-02,1.052246471625335883e-01,1.103379331098966326e-01,1.150028276603251159e-01,1.191918527594871685e-01,1.228892302260115726e-01,1.260896305589870314e-01,1.287969700078409052e-01,1.310231376029624140e-01,1.327863761076981397e-01,1.341102519341823562e-01,1.350219358797207780e-01,1.355515603299777549e-01,1.357305976231316103e-01,1.355916353730535484e-01,1.351669458606172269e-01,1.344886312662132155e-01,1.335874058376244622e-01,1.324930229478519239e-01,1.312332527955007433e-01,1.298344935554977819e-01,1.283209119514370777e-01,1.267151490435950711e-01,1.250375894353032147e-01,1.233070890973204242e-01,1.215403458091412203e-01,1.197526000235749066e-01,1.179570995087485530e-01,1.161657689550688877e-01,1.143888215144612253e-01,1.126354926319654559e-01,1.109139763187956679e-01,1.092324634286027940e-01,1.075997091755038076e-01,1.060268050703992299e-01,1.045292584218578819e-01,1.031321109840606376e-01,1.018790999267781688e-01,1.008549072585005896e-01,1.002039912907988078e-01,1.002039912907988078e-01
0.000000000000000000e+00,-6.509712254407372389e-02,-1.093650493438881321e-01,-1.299547601895514048e-01,-1.285193055353527070e-01,-1.095025294859996445e-01,-7.845147063935949128e-02,-4.073795038396203078e-02,-8.697397896591608840e-04,3.771479412309811097e-02,7.259177502345319499e-02,1.022190973239767708e-01,1.258069085058213243e-01,1.431984537876782870e-01,1.547405253450123142e-01,1.611347333320823361e-01,1.632781581375638558e-01,1.621169371165573081e-01,1.585321301587146181e-01,1.532703175556802133e-01,1.469155712339195452e-01,1.398949413808437681e-01,1.325019335241297003e-01,1.249286290631021340e-01,1.172954245918793187e-01,1.096771145404759340e-01,1.021208158800632620e-01,9.465987837023140394e-02,8.732125018671994809e-02,8.013184800751171899e-02,7.312053131946388840e-02,6.632131242217062517e-02,5.977302694539411709e-02,5.352135189889314221e-02,4.761724212956031793e-02,4.211828610348763297e-02,3.708608256737930264e-02,3.258694904806161419e-02,2.868818905787689361e-02,2.545810625910180716e-02,2.296121204030316873e-02,2.125767483310990469e-02,2.039781362702657030e-02,2.042143806916690493e-02,2.135235844023449306e-02,2.319840105740479316e-02,2.594692419432047259e-02,2.956636327774582462e-02,3.400359537852334912e-02,3.918745653412798735e-02,4.502818546691586543e-02,5.142262394339307957e-02,5.825526887131995957e-02,6.540437756997909136e-02,7.274390572014663436e-02,8.014961508191323358e-02,8.750108689957866726e-02,9.468688837827540783e-02,1.016059167115592604e-01,1.081709146483127437e-01,1.143087381766622196e-01,1.199619796448196940e-01,1.250881967384407378e-01,1.296598619797848795e-01,1.336629108926047083e-01,1.370955074390942108e-01,1.399663780106745470e-01,1.422929388791915883e-01,1.440998188659643742e-01,1.454168012141972277e-01,1.462777841237160037e-01,1.467188308942460606e-01,1.467776535102664204e-01,1.464919126521429527e-01,1.458991867284355204e-01,1.450355552242903467e-01,1.439359494482193580e-01,1.426329938039424261e-01,1.411576151071863017e-01,1.395380941946071096e-01,1.378008196186245315e-01,1.359695009653393571e-01,1.340659744917860052e-01,1.321095386312133857e-01,1.301177457906952661e-01,1.281058377810380400e-01,1.260874947740786289e-01,1.240743897400148760e-01,1.220769416582895145e-01,1.201041127681333476e-01,1.181643630810893103e-01,1.162659826013511255e-01,1.144186191286712534e-01,1.126346866447720946e-01,1.109325153782028395e-01,1.093417593838427182e-01,1.079141938060747263e-01,1.067479375147641490e-01,1.060080652612430258e-01,1.060080652612430258e-01
0.000000000000000000e+00,-6.926376690476143683e-02,-1.166488304712915425e-01,-1.391342792239219917e-01,-1.384482197732950781e-01,-1.192429866413031309e-01,-8.732148128103942031e-02,-4.830223253124235616e-02,-6.900539743607498298e-03,3.328604261967418876e-02,6.972086555370558825e-02,1.007881974408383757e-01,1.256568165361068024e-01,1.441533675008158377e-01,1.566266393146911462e-01,1.637913829518033715e-01,1.665634918673038478e-01,1.659078199980618396e-01,1.627218714174187286e-01,1.577641593970691147e-01,1.516274512974357391e-01,1.447439837293568454e-01,1.374113724025904926e-01,1.298242550066404377e-01,1.221062337070127207e-01,1.143346287042629889e-01,1.065604033965423247e-01,9.882015229026072656e-02,9.114566728687990838e-02,8.356804402135087351e-02,7.612227906123386623e-02,6.884790837393828244e-02,6.179176480786839620e-02,5.500703293141891853e-02,4.855519838500602786e-02,4.250393207251945693e-02,3.692832664050503533e-02,3.190750831488579908e-02,2.752499925010300219e-02,2.386392330598326866e-02,2.100642544664164946e-02,1.902760296625709974e-02,1.799426463351736991e-02,1.795821562750095704e-02,1.895515771322792142e-02,2.099850367041611668e-02,2.407962259232327568e-02,2.816355651556848652e-02,3.319165356255152771e-02,3.907999802103680198e-02,4.572459398759944754e-02,5.300222563975657414e-02,6.077731422834987268e-02,6.890429432408749777e-02,7.723505893763631114e-02,8.562189164789366091e-02,9.392431842692920696e-02,1.020115278515145718e-01,1.097675066249176878e-01,1.170921518991439592e-01,1.239040729045037120e-01,1.301401967947966309e-01,1.357563032837352801e-01,1.407254750554346456e-01,1.450369205909421977e-01,1.486938820584083609e-01,1.517114722650358405e-01,1.541146362318008833e-01,1.559356509960616866e-01,1.572125535620234882e-01,1.579867471087049724e-01,1.583020761843187962e-01,1.582027613965002744e-01,1.577331122528418950e-01,1.569358460631237462e-01,1.558523184021580743e-01,1.545211897235539700e-01,1.529790158332831607e-01,1.512591917366574168e-01,1.493927527327830740e-01,1.474075244849109845e-01,1.453290140859793966e-01,1.431797092366588475e-01,1.409799726099603967e-01,1.387474525221748245e-01,1.364979304845314600e-01,1.342448368941802916e-01,1.320000588715098400e-01,1.297736298539580446e-01,1.275746283288865246e-01,1.254112727040103958e-01,1.232922436804523569e-01,1.212276303142579004e-01,1.192313278668713367e-01,1.173240623912105429e-01,1.155401069672817443e-01,1.139388748374621785e-01,1.126317683040694850e-01,1.118040373692747724e-01,1.118040373692747724e-01
0.000000000000000000e+00,-7.332562742621959173e-02,-1.237152601519088818e-01,-1.479855839419666474e-01,-1.479496263840866244e-01,-1.284744602732159069e-01,-9.562156969406521156e-02,-5.525629369235387361e-02,-1.230076175611944343e-02,2.948985854841841905e-02,6.746768846318201840e-02,9.994581234306602890e-02,1.260539747103725516e-01,1.456055244262129400e-01,1.589540983395144880e-01,1.668311849839734795e-01,1.701740162296025982e-01,1.699691055996701283e-01,1.671316925585748514e-01,1.624338465975590229e-01,1.564767187372465562e-01,1.496980505484316881e-01,1.423979464744112577e-01,1.347731436182230957e-01,1.269480980066064746e-01,1.190020245474480570e-01,1.109871339258172995e-01,1.029428801760239320e-01,9.490332915812732528e-02,8.690386099681413068e-02,7.898322175103092424e-02,7.118724802258130646e-02,6.356870765123384670e-02,5.618994587299631221e-02,4.912143767845214559e-02,4.244371040462169287e-02,3.624456013454911002e-02,3.062003045220027669e-02,2.566998152699767610e-02,2.149782424020215202e-02,1.820426935009135730e-02,1.588579137530907529e-02,1.462688980020991278e-02,1.449788328910589334e-02,1.554681681514609622e-02,1.779798164765259219e-02,2.124531165916124231e-02,2.585340579382847115e-02,3.155413345689114801e-02,3.825115946026227259e-02,4.582018403451690314e-02,5.411629812255053934e-02,6.297665575439079233e-02,7.222919799760285642e-02,8.169655797163009880e-02,9.120484782757776188e-02,1.005874995914834980e-01,1.096925375291071120e-01,1.183850358103628181e-01,1.265516663248993368e-01,1.341011070484084411e-01,1.409655744638674268e-01,1.470993971524334754e-01,1.524780805524399430e-01,1.570958034118026259e-01,1.609629531157894811e-01,1.641034009419972406e-01,1.665514318842164221e-01,1.683494596551974865e-01,1.695450266646886806e-01,1.701893041711429189e-01,1.703345212955679200e-01,1.700333033443194863e-01,1.693366296165780271e-01,1.682938773853296099e-01,1.669512586078925331e-01,1.653523654243943541e-01,1.635369806118761593e-01,1.615419247190258423e-01,1.594001347368783628e-01,1.571416515374018386e-01,1.547928832202685456e-01,1.523776177531725451e-01,1.499164144128385667e-01,1.474275701467956945e-01,1.449266122906923138e-01,1.424271959271565247e-01,1.399407240128431318e-01,1.374772442606878309e-01,1.350453506394050929e-01,1.326533350029510117e-01,1.303097508643587532e-01,1.280253382017711716e-01,1.258150171084266578e-01,1.237019997036580554e-01,1.217247836316246445e-01,1.199504136944445215e-01,1.185032456548135299e-01,1.175885257828891278e-01,1.175885257828891278e-01
0.000000000000000000e+00,-7.729277710041551619e-02,-1.305846128399358874e-01,-1.565385187612959306e-01,-1.570613867760742854e-01,-1.372407743921887913e-01,-1.033987295384324878e-01,-6.164747563323208501e-02,-1.711482016874192602e-02,2.628751600419015899e-02,6.580209681209374384e-02,9.967221381677660030e-02,1.269908298023915139e-01,1.475599002309271879e-01,1.617407431863505107e-01,1.702837090026454725e-01,1.741502485780251075e-01,1.743501472606688585e-01,1.718185602541152657e-01,1.673415548984277523e-01,1.615297416145581311e-01,1.548254875245704820e-01,1.475315079620626024e-01,1.398447542783104736e-01,1.318901637023054407e-01,1.237463939639616844e-01,1.154664795295154422e-01,1.070900467503084208e-01,9.865327320608885397e-02,9.019311054310241715e-02,8.175238781150362399e-02,7.338068440333679610e-02,6.513778593346371271e-02,5.709303727986098781e-02,4.932806417300528851e-02,4.193481781074747533e-02,3.501741767163139146e-02,2.868847545976273283e-02,2.306955827428169847e-02,1.828528436625783196e-02,1.446198149390138382e-02,1.171940897553438998e-02,1.016775106484730205e-02,9.897727780768974040e-03,1.097714357703248600e-02,1.344142849959539983e-02,1.729208824921460094e-02,2.249049403983728948e-02,2.896056718226797805e-02,3.658752986599747570e-02,4.522528684290364615e-02,5.469914930665822211e-02,6.481572211862078603e-02,7.536766379166376373e-02,8.614447543205350222e-02,9.693804215445364636e-02,1.075525518409379266e-01,1.178089266414681369e-01,1.275518814853280336e-01,1.366517950557490368e-01,1.450078938833236908e-01,1.525473678853981607e-01,1.592250291898244796e-01,1.650205129681319161e-01,1.699355671562301773e-01,1.739905258201888405e-01,1.772205250716781255e-01,1.796722732130594247e-01,1.814002204349763614e-01,1.824642453516568952e-01,1.829263708172760572e-01,1.828495496532223097e-01,1.822951159141645572e-01,1.813225406072311585e-01,1.799875567084349981e-01,1.783426187682848052e-01,1.764355440196343494e-01,1.743104022646365658e-01,1.720065138420570627e-01,1.695595487031047177e-01,1.670007573489962760e-01,1.643581235157139386e-01,1.616557450359377979e-01,1.589149428733460656e-01,1.561537454894824373e-01,1.533879080133271622e-01,1.506304960950738125e-01,1.478928374930287837e-01,1.451842913085776843e-01,1.425132999462156713e-01,1.398876293734284404e-01,1.373159504895361260e-01,1.348091427234995310e-01,1.323832959561481726e-01,1.300636802768767308e-01,1.278930778051882433e-01,1.259458487523800740e-01,1.243592791693875210e-01,1.233583089212636347e-01,1.233583089212636347e-01
0.000000000000000000e+00,-8.117287911558433711e-02,-1.372724489170507878e-01,-1.648161107231934652e-01,-1.658130582884420057e-01,-1.455763380548877051e-01,-1.106903519080064680e-01,-6.751367997142464217e-02,-2.137887960127855466e-02,2.364723071664521364e-02,6.469863650309556902e-02,9.995041989980860131e-02,1.284599090405554311e-01,1.500197064236254707e-01,1.650003036220949737e-01,1.741733534411813444e-01,1.785260249441774638e-01,1.790936887794513654e-01,1.768322742766063327e-01,1.725434511635997037e-01,1.668470510757907865e-01,1.601907609192460280e-01,1.528785672115000049e-01,1.451076365987473138e-01,1.370012356609126014e-01,1.286371472848481246e-01,1.200665815427146982e-01,1.113290289244348030e-01,1.024598659837308856e-01,9.349757657839033453e-02,8.448608820109926310e-02,7.547922396905834552e-02,6.654098333417106381e-02,5.774912365457231939e-02,4.919418585040551822e-02,4.098237552305433046e-02,3.323298977053491809e-02,2.608001759521403132e-02,1.966718814648034386e-02,1.414747130692490390e-02,9.675024088212686238e-03,6.402066234582631625e-03,4.467745931767529849e-03,3.992967747255738234e-03,5.067811040200654628e-03,7.746766901410069399e-03,1.203824770470981152e-02,1.790414640023224591e-02,2.525523923411303329e-02,3.395744520922838044e-02,4.383415237619701227e-02,5.467714025121310495e-02,6.625215396622730069e-02,7.831146501159995388e-02,9.060110820768764450e-02,1.028738322903581942e-01,1.148961105356097329e-01,1.264586533325972040e-01,1.373806843380771525e-01,1.475157727999562851e-01,1.567522275182612890e-01,1.650139841634208071e-01,1.722578193775236854e-01,1.784705937118866159e-01,1.836648651245485209e-01,1.878742620829399468e-01,1.911490305065902118e-01,1.935510764374040460e-01,1.951505012920218274e-01,1.960212962775415013e-01,1.962393026489076542e-01,1.958789312559691687e-01,1.950124685794993040e-01,1.937077645840888929e-01,1.920285405425690706e-01,1.900328087514772668e-01,1.877737982563110197e-01,1.852988614947976842e-01,1.826507063168080758e-01,1.798666026463167089e-01,1.769797057827798281e-01,1.740184410534426906e-01,1.710077865464761648e-01,1.679687661230821194e-01,1.649196233260836197e-01,1.618753966246594955e-01,1.588489757585833939e-01,1.558507964532822587e-01,1.528898746990823010e-01,1.499738081262760037e-01,1.471101066829142712e-01,1.443069757366337302e-01,1.415756187581328207e-01,1.389328133638735863e-01,1.364059925861272615e-01,1.340418585499786597e-01,1.319221444831185364e-01,1.301968074561678790e-01,1.291103645281838352e-01,1.291103645281838352e-01
0.000000000000000000e+00,-8.497172590142178239e-02,-1.437906206966194644e-01,-1.728361806299729131e-01,-1.742276841408215149e-01,-1.535083918979555928e-01,-1.175262037230086348e-01,-7.288556934712765722e-02,-2.512232318939582737e-02,2.154264843931955400e-02,6.413612793971432136e-02,1.007657403570517557e-01,1.304546302436851435e-01,1.529869422347376884e-01,1.687442020289811884e-01,1.785204892278348388e-01,1.833308061538797828e-01,1.842370567580440821e-01,1.822177975873305877e-01,1.780905159187971543e-01,1.724854291834947428e-01,1.658547411368567204e-01,1.585041316324621585e-01,1.506292350572368544e-01,1.423515544431037394e-01,1.337455369999375199e-01,1.248602483827188497e-01,1.157320821415610823e-01,1.063953164967595122e-01,9.688668133800305837e-02,8.725118187457280017e-02,7.754349593982323707e-02,6.783245264954175513e-02,5.820110987384222861e-02,4.875073426791155795e-02,3.959956268775847305e-02,3.088584532911446343e-02,2.276441464486041524e-02,1.540771329092504270e-02,8.998920362410086846e-03,3.729716948268233575e-03,-2.109941035491005748e-04,-2.643124318021104844e-03,-3.410543415383986577e-03,-2.389336405747696877e-03,4.966983053309872260e-04,5.270189236254178324e-03,1.189062377879014816e-02,2.025643103226564337e-02,3.020534156764233258e-02,4.152617734826907075e-02,5.396543874099181404e-02,6.724180212224475928e-02,8.105451658319495767e-02,9.509923281449707277e-02,1.090780340898793721e-01,1.227142295641777403e-01,1.357602641311426994e-01,1.480076003966135645e-01,1.592896087621077650e-01,1.694847741960775200e-01,1.785145792641372742e-01,1.863411687965145502e-01,1.929621942221822484e-01,1.984053018173255190e-01,2.027221686496497310e-01,2.059820609846167438e-01,2.082667607828623535e-01,2.096647891438776223e-01,2.102681199285683922e-01,2.101678089171957198e-01,2.094525834438374090e-01,2.082058898066811159e-01,2.065059374235433121e-01,2.044238175403909064e-01,2.020244508331556221e-01,1.993653910384652894e-01,1.964982205801062143e-01,1.934677493441713803e-01,1.903135524138062640e-01,1.870693824135463978e-01,1.837646685386165046e-01,1.804240418483901154e-01,1.770687025563985606e-01,1.737160131585327449e-01,1.703807045648234042e-01,1.670745435224569309e-01,1.638074244233275745e-01,1.605872196262937979e-01,1.574209692338695010e-01,1.543152597435815399e-01,1.512780455822778924e-01,1.483203058620651271e-01,1.454596462127127898e-01,1.427252360219778138e-01,1.401677858555857581e-01,1.378761189775067342e-01,1.360128719729389035e-01,1.348418312105245653e-01,1.348418312105245653e-01
0.000000000000000000e+00,-8.869360717458064924e-02,-1.501481199359378793e-01,-1.806124298617257651e-01,-1.823233727391502523e-01,-1.610585166394409018e-01,-1.239303198394774430e-01,-7.778800709151940940e-02,-2.836944809999764755e-02,1.995196298543396723e-02,6.409658198361746495e-02,1.021057709634915073e-01,1.329690002503366442e-01,1.564632997947838500e-01,1.729819023294587865e-01,1.833430374397700957e-01,1.885903278128092941e-01,1.898140471037561561e-01,1.880158249446458874e-01,1.840304378587685474e-01,1.784981423603128892e-01,1.718764840950679496e-01,1.644715416630400107e-01,1.564776299494245182e-01,1.480123385041877404e-01,1.391465756231726469e-01,1.299244120145734704e-01,1.203787322045932612e-01,1.105392960626996463e-01,1.004406634949800703e-01,9.012508384535757033e-02,7.964796468249658867e-02,6.907902146634417595e-02,5.850729774412125050e-02,4.804132595504465725e-02,3.781372801336845002e-02,2.797970003544522632e-02,1.872012284784857483e-02,1.023682136339116797e-02,2.752388576307994526e-03,-3.499730269880178910e-03,-8.280555312870469323e-03,-1.136185101121236704e-02,-1.253678103493464750e-02,-1.164073004007298330e-02,-8.563127265792062209e-03,-3.265996981854663722e-03,4.212420910069548073e-03,1.375042611339281559e-02,2.515351984954749751e-02,3.816264120784976926e-02,5.247162871242400800e-02,6.773741609391732699e-02,8.359742789682698960e-02,9.968210699973016620e-02,1.156345513486344845e-01,1.311230222560687275e-01,1.458567186604415034e-01,1.595929650212264128e-01,1.721445328701865229e-01,1.833794470402794752e-01,1.932200161994288845e-01,2.016372978739987831e-01,2.086448726779909502e-01,2.142911641010433466e-01,2.186511646518281837e-01,2.218191972039669779e-01,2.239010553608731802e-01,2.250088385121471468e-01,2.252549155319913399e-01,2.247493418033474910e-01,2.235959138891268350e-01,2.218917432732730732e-01,2.197249382316135979e-01,2.171755416762803925e-01,2.143142183860202998e-01,2.112038603602146569e-01,2.078988097574345773e-01,2.044466764286199389e-01,2.008878182431237114e-01,1.972571171953637348e-01,1.935835727977350817e-01,1.898919130739218641e-01,1.862022368117854654e-01,1.825314154285403168e-01,1.788927726733281764e-01,1.752972973491075670e-01,1.717534181786704583e-01,1.682681597232129622e-01,1.648472395942177371e-01,1.614965574612870214e-01,1.582231920564109995e-01,1.550380684000307041e-01,1.519591258915863607e-01,1.490173839481709062e-01,1.462672103399345336e-01,1.438045929043845761e-01,1.418045810854134947e-01,1.405500569182983051e-01,1.405500569182983051e-01
0.000000000000000000e+00,-9.234163713275474195e-02,-1.563516444573601616e-01,-1.881554389904367686e-01,-1.901143266084504568e-01,-1.682440933488927315e-01,-1.299221950814719584e-01,-8.224162498820522527e-02,-3.114044346023309498e-02,1.885660175220774115e-02,6.456476089473742186e-02,1.039595773555513081e-01,1.359978798717735027e-01,1.604498897964716231e-01,1.777218327947560628e-01,1.886565728402766207e-01,1.943279683689799475e-01,1.958551274072276860e-01,1.942643418997435645e-01,1.904076568174921380e-01,1.849365220506272167e-01,1.783129776251940191e-01,1.708440563899358555e-01,1.627210025640755120e-01,1.540575141631287948e-01,1.449183687333370496e-01,1.353422673150962985e-01,1.253552212336694893e-01,1.149818356753586068e-01,1.042504309996367534e-01,9.319979313561248258e-02,8.188145732894708262e-02,7.036563971383839877e-02,5.874269388855453411e-02,4.712914663135762960e-02,3.566821037361564417e-02,2.453522796535329009e-02,1.393577661266555412e-02,4.108571180275673827e-03,-4.681436002572025683e-03,-1.214567839233406110e-02,-1.798691501744402454e-02,-2.191009625478397907e-02,-2.364637480961321106e-02,-2.297125870708312603e-02,-1.973198002206687923e-02,-1.386417463224554232e-02,-5.407018521596996044e-03,5.495251610103994711e-03,1.860066540942898958e-02,3.359286900451348423e-02,5.009590448987150807e-02,6.769487327242652841e-02,8.594770689324869595e-02,1.044083882291226006e-01,1.226447589435362279e-01,1.402613716093199514e-01,1.569135638664964083e-01,1.723215093159365108e-01,1.862742081630339441e-01,1.986316496678019183e-01,2.093198341005874652e-01,2.183243890472056359e-01,2.256811938705952925e-01,2.314660855307093534e-01,2.357849188373053462e-01,2.387629190341011010e-01,2.405367818331477781e-01,2.412460960990873982e-01,2.410288142440799863e-01,2.400156761933358029e-01,2.383288982600655359e-01,2.360791481494294575e-01,2.333663847543716308e-01,2.302784020833855971e-01,2.268927130436468043e-01,2.232758582257926838e-01,2.194856066898089320e-01,2.155705750664403397e-01,2.115723718922226659e-01,2.075253162841990406e-01,2.034583627007088835e-01,1.993948353162709186e-01,1.953540798695742597e-01,1.913511944644015472e-01,1.873984192444412833e-01,1.835048957517464996e-01,1.796778801490822863e-01,1.759226717616285962e-01,1.722439158641800305e-01,1.686461140531982372e-01,1.651356645182838756e-01,1.617228726202408207e-01,1.584261499874684842e-01,1.552779434515160761e-01,1.523363743742661980e-01,1.497043108968702796e-01,1.475691863814504456e-01,1.462325680357910163e-01,1.462325680357910163e-01
0.000000000000000000e+00,-9.591796629066512425e-02,-1.624061386955793496e-01,-1.954732934834758074e-01,-1.976118769625399008e-01,-1.750791900096969889e-01,-1.355180907568239446e-01,-8.626370595459485757e-02,-3.345269018785785448e-02,1.824062207198432969e-02,6.552712434656887686e-02,1.063175709445779715e-01,1.395362991608144199e-01,1.649476614814000541e-01,1.829710381117082840e-01,1.944752052301414458e-01,2.005645733084698290e-01,2.023886069331236603e-01,2.009984081135455236e-01,1.972646575468321728e-01,1.918495424560738571e-01,1.852204873641684624e-01,1.776841730674506570e-01,1.694290978055970898e-01,1.605628572173831980e-01,1.511439023843172136e-01,1.412024439529382669e-01,1.307569609295192448e-01,1.198228466982496215e-01,1.084211287951466346e-01,9.658215086951500716e-02,8.435233554145202262e-02,7.179673301495753668e-02,5.900615863958134921e-02,4.609951973260350416e-02,3.323143269759274571e-02,2.059341563239270451e-02,8.420425339816267618e-03,-3.011711215375729653e-03,-1.338429246141917620e-02,-2.234650191360461682e-02,-2.952293618488858670e-02,-3.453732935267030818e-02,-3.703301451362230740e-02,-3.670980020341662459e-02,-3.335099026186139765e-02,-2.686146181477127790e-02,-1.727592433291589777e-02,-4.776519853925471036e-03,1.033396043256588036e-02,2.765972394607662047e-02,4.674250232376867681e-02,6.707649388270191249e-02,8.812708551820157277e-02,1.093514073038399925e-01,1.302293572011196665e-01,1.502857827135987423e-01,1.691152906255800059e-01,1.863938262016679170e-01,2.018871996275435343e-01,2.154486270325765007e-01,2.270133754689115935e-01,2.365880655840818803e-01,2.442384907242611536e-01,2.500766835458989035e-01,2.542469367886384668e-01,2.569142609134714150e-01,2.582521320275810717e-01,2.584348226047454844e-01,2.576290746868629689e-01,2.559910610841501510e-01,2.536620572539954876e-01,2.507689113038572559e-01,2.474223398451849132e-01,2.437191696982500266e-01,2.397418401425603640e-01,2.355611582829766626e-01,2.312361876654177306e-01,2.268169079105314401e-01,2.223441561101405228e-01,2.178519694406951257e-01,2.133674768017422563e-01,2.089128721736119576e-01,2.045052428885372475e-01,2.001581931088680377e-01,1.958816376267357717e-01,1.916831459347711486e-01,1.875677935423443465e-01,1.835394079243242715e-01,1.796007527445905305e-01,1.757551453686799492e-01,1.720076618407647417e-01,1.683681511931360286e-01,1.648550052168762103e-01,1.615022149187288758e-01,1.583713081109355825e-01,1.555720900402964846e-01,1.533040500804966344e-01,1.518871243587462116e-01,1.518871243587462116e-01
0.000000000000000000e+00,-9.942400174895447973e-02,-1.683151291268665806e-01,-2.025722579611112795e-01,-2.048250885969500057e-01,-1.815755745230036577e-01,-1.407317452077481434e-01,-8.986934105166813347e-02,-3.532136778462913879e-02,1.808961045665683290e-02,6.697151278184333700e-02,1.091706066301787875e-01,1.435795407150319558e-01,1.699567389892001901e-01,1.887356657915965630e-01,2.008110816004599342e-01,2.073192525643718642e-01,2.094401545855348046e-01,2.082511349603845541e-01,2.046413461096635300e-01,1.992848838565511871e-01,1.926536964193870938e-01,1.850547793792797213e-01,1.766721406758708368e-01,1.676073717915053107e-01,1.579098833391033851e-01,1.476009050292769742e-01,1.366875914218192156e-01,1.251750012701823567e-01,1.130718620803635305e-01,1.003983233711727430e-01,8.718944107452702985e-02,7.350298539921082397e-02,5.942310200602380493e-02,4.506952704277540633e-02,3.060153799193989985e-02,1.622796204840000478e-02,2.209504419003500454e-03,-1.113343811072677741e-02,-2.342478332243515260e-02,-3.423343792249299022e-02,-4.309128066760550130e-02,-4.951088422255354310e-02,-5.302412058057937028e-02,-5.322133132176769255e-02,-4.980271849696674830e-02,-4.262592464682105065e-02,-3.172512981811411586e-02,-1.733569297637049117e-02,1.457380419167996952e-04,2.022298198658756263e-02,4.233244887169887449e-02,6.586611439954487279e-02,9.017477063600021214e-02,1.146028764597840088e-01,1.385209973599285938e-01,1.613625023734144293e-01,1.826489635374969611e-01,2.020097188042176417e-01,2.191860589740058651e-01,2.340293312615805699e-01,2.464897756674379325e-01,2.566028501852258836e-01,2.644733519078789064e-01,2.702580830688312563e-01,2.741502010448880200e-01,2.763623284644390887e-01,2.771143215399703985e-01,2.766205055947937863e-01,2.750833521061969988e-01,2.726865591773815489e-01,2.695943724759626847e-01,2.659492238234877903e-01,2.618743119202720515e-01,2.574734289540254739e-01,2.528345423984850737e-01,2.480301956376188277e-01,2.431209387154476265e-01,2.381556724383055712e-01,2.331745780865391859e-01,2.282092745435215231e-01,2.232852165725910110e-01,2.184216853231421285e-01,2.136337129409895119e-01,2.089319598182385884e-01,2.043242522648580917e-01,1.998154264513744560e-01,1.954086208623428689e-01,1.911052701964674472e-01,1.869064811741102117e-01,1.828136629242035627e-01,1.788307554826316648e-01,1.749665920936162022e-01,1.712396843800948754e-01,1.676851563350147678e-01,1.643680317087359843e-01,1.614047453035077628e-01,1.590067253348109166e-01,1.575116946030185872e-01,1.575116946030185872e-01
0.000000000000000000e+00,-1.028605348947197323e-01,-1.740811018026651447e-01,-2.094571467757645744e-01,-2.117614923480208855e-01,-1.877432383299428020e-01,-1.455753332977600956e-01,-9.307195614223043312e-02,-3.676048549007554511e-02,1.839030689834865104e-02,6.888617556285486776e-02,1.125098734711550974e-01,1.481222962249291453e-01,1.754766253202254545e-01,1.950202370419914510e-01,2.076748718303849106e-01,2.146086739734141824e-01,2.170334781086663278e-01,2.160528701337000312e-01,2.125758284292676992e-01,2.072878939435340295e-01,2.006665427844021576e-01,1.930178486212437428e-01,1.845217977231087547e-01,1.752717921278428848e-01,1.653080398743776991e-01,1.546394843528162144e-01,1.432610332876114168e-01,1.311627332104433330e-01,1.183391548114586661e-01,1.047939252090506618e-01,9.054787283058655933e-02,7.564343926380998062e-02,6.015464286314271131e-02,4.419293915349670199e-02,2.791978817857870138e-02,1.155341458518451339e-02,-4.617593406593093093e-03,-2.023029182629157430e-02,-3.483852208149928326e-02,-4.792046555552183229e-02,-5.888593511078974579e-02,-6.710921229868736793e-02,-7.196560923446931879e-02,-7.290133937753054405e-02,-6.949258127397239804e-02,-6.154128872021853019e-02,-4.907421124712257887e-02,-3.242280403023847096e-02,-1.212161744616832744e-02,1.119257275883227092e-02,3.683636934778964506e-02,6.408458907827153939e-02,9.215933309276315433e-02,1.202674697176662755e-01,1.476542317542492433e-01,1.736429921271571974e-01,1.976761019703591471e-01,2.193314805432509118e-01,2.383299024326675508e-01,2.545255833807040791e-01,2.678913801235679459e-01,2.784997707878518192e-01,2.865025244388767489e-01,2.921114329476169891e-01,2.955769447208327350e-01,2.971706456666085017e-01,2.971663466681877530e-01,2.958282307428320990e-01,2.933989663929711389e-01,2.900960097496579349e-01,2.861073085428935681e-01,2.815937062654382261e-01,2.766890379583747950e-01,2.715048645242177372e-01,2.661317869273872594e-01,2.606441006069009081e-01,2.551008922412956736e-01,2.495498619514025795e-01,2.440279469149575220e-01,2.385643123042166247e-01,2.331806076539665595e-01,2.278932842784820723e-01,2.227136151421248988e-01,2.176494880741951798e-01,2.127052985075378322e-01,2.078833667381472239e-01,2.031838455796889376e-01,1.986060027688853480e-01,1.941484738189769854e-01,1.898109644165668353e-01,1.855956518550300749e-01,1.815105187568335499e-01,1.775737261355960217e-01,1.738216483111809929e-01,1.703224605175634454e-01,1.671992407136929926e-01,1.646749293674847625e-01,1.631045150426919665e-01,1.631045150426919665e-01
0.000000000000000000e+00,-1.062279048481757499e-01,-1.797057084712251340e-01,-2.161318176131490909e-01,-2.184274432585102121e-01,-1.935911483433614411e-01,-1.500598811240352604e-01,-9.588421191633200724e-02,-3.778323704410601475e-02,1.912966437987285995e-02,7.125957753064068867e-02,1.163259858509867323e-01,1.531586950548698423e-01,1.815053407024135590e-01,2.018279018126716284e-01,2.150749052342199596e-01,2.224474938338032171e-01,2.251893582561889373e-01,2.244317224953027712e-01,2.211032256518857819e-01,2.159021402505693354e-01,2.093107314212274694e-01,2.016350197356893970e-01,1.930493834548573928e-01,1.836393121540761952e-01,1.734331569496785630e-01,1.624270760169958805e-01,1.505996929802999040e-01,1.379244755985686299e-01,1.243759632105047308e-01,1.099382732765514653e-01,9.460982411182733420e-02,7.841317245070947295e-02,6.140164856720719405e-02,4.367301499918571639e-02,2.537923870149223424e-02,6.744440760817409057e-03,-1.192363903777826119e-02,-3.021490573045405859e-02,-4.761089313637222736e-02,-6.347666320021878861e-02,-7.707621351269604293e-02,-8.759690101860354017e-02,-9.420856861539583793e-02,-9.614943322734985365e-02,-9.282466003010181321e-02,-8.396033893211589383e-02,-6.957562864612708287e-02,-5.016773127079259681e-02,-2.650160662894295721e-02,6.005294965069713159e-04,3.031932934055284537e-02,6.182212037479838801e-02,9.418298039225858620e-02,1.264542411852798975e-01,1.577327751724527105e-01,1.872213901649285028e-01,2.142746410348244923e-01,2.384219773142558230e-01,2.593679068464255222e-01,2.769778511103392349e-01,2.912543980635326490e-01,3.023129278919581275e-01,3.103593548981422034e-01,3.156661850028201211e-01,3.185513507722351756e-01,3.193532701770890325e-01,3.184117908090726701e-01,3.160482087403118090e-01,3.125551197585951790e-01,3.081871295800711619e-01,3.031611296194718919e-01,2.976557057788150606e-01,2.918170180191587693e-01,2.857614730687670357e-01,2.795823142004618123e-01,2.733521253892918224e-01,2.671281298708940155e-01,2.609536887774184799e-01,2.548621970045045204e-01,2.488777984751255612e-01,2.430182424434494115e-01,2.372951338817281819e-01,2.317160563795155614e-01,2.262845673833856208e-01,2.210018022237792978e-01,2.158663703170182468e-01,2.108756543287948204e-01,2.060258416801666603e-01,2.013133144777454198e-01,1.967353796400034549e-01,1.922926425807540696e-01,1.879917116555653855e-01,1.838505437512774066e-01,1.799063772010495443e-01,1.762306115961644881e-01,1.729526247982964560e-01,1.703066266387087691e-01,1.686640703045524936e-01,1.686640703045524936e-01
0.000000000000000000e+00,-1.095260772335869132e-01,-1.851900512622492723e-01,-2.225993907866221366e-01,-2.248286737650400380e-01,-1.991275463861768291e-01,-1.541960087719981554e-01,-9.831829681402322330e-02,-3.840284820443329306e-02,2.029464424912696616e-02,7.407951029287378197e-02,1.206089247059165953e-01,1.586813997342426119e-01,1.880395296674404471e-01,2.091594951000185498e-01,2.230174183959542922e-01,2.308473006853763998e-01,2.339259731308262480e-01,2.334122854320852258e-01,2.302559967197390089e-01,2.251678030737979397e-01,2.186360037894694575e-01,2.109655917039913453e-01,2.023261053053742320e-01,1.927932108676842782e-01,1.823834759688809370e-01,1.710770973986807664e-01,1.588354554151971687e-01,1.456104664658421644e-01,1.313541194903375953e-01,1.160235082713422516e-01,9.958995672118883813e-02,8.204535002355750617e-02,6.341526000841814226e-02,4.376972007449319441e-02,2.324303780341937728e-02,2.050324201330641465e-03,-1.948599737100771556e-02,-4.091724641265365170e-02,-6.164265558688791086e-02,-8.090211993779201916e-02,-9.777209793929836357e-02,-1.112027185010707880e-01,-1.200733590902553077e-01,-1.233358438445598254e-01,-1.201364913129766981e-01,-1.101254774765983435e-01,-9.328825346220825931e-02,-7.044810899981689134e-02,-4.275654271354584895e-02,-1.129165483231296847e-02,2.301348344517748293e-02,5.926038388870364521e-02,9.637260057728820606e-02,1.332258840440571634e-01,1.687570996451233929e-01,2.020365671518850326e-01,2.323335823088202023e-01,2.591323548809861266e-01,2.821311302545453925e-01,3.012141875986211748e-01,3.164181405004610759e-01,3.279033509129329893e-01,3.359286326500514619e-01,3.408307810852702624e-01,3.429981727147987658e-01,3.428467347583566971e-01,3.407905692020998245e-01,3.372214069350261134e-01,3.324890492190183955e-01,3.268948044281800303e-01,3.206868235020279290e-01,3.140655667898966108e-01,3.071876034181189041e-01,3.001748576984258343e-01,2.931195344047671791e-01,2.860919541601197880e-01,2.791437627246122211e-01,2.723133707842499418e-01,2.656275380673142616e-01,2.591050481670273409e-01,2.527573519407745883e-01,2.465911321254114774e-01,2.406084689032111645e-01,2.348086886858621603e-01,2.291883044455340079e-01,2.237424070940154386e-01,2.184645877353116328e-01,2.133481780502405889e-01,2.083865413478311612e-01,2.035748009935072489e-01,1.989114187921160182e-01,1.944018076714184584e-01,1.900632967810498009e-01,1.859341071616970043e-01,1.820885260326883248e-01,1.786621831616713452e-01,1.759000083292779071e-01,1.741891522975710649e-01,1.741891522975710649e-01
0.000000000000000000e+00,-1.127547754503693961e-01,-1.905348104246637753e-01,-2.288626325576155474e-01,-2.309704957878933596e-01,-2.043605333173352523e-01,-1.579941485007612667e-01,-1.003866502358688878e-01,-3.863275007092970698e-02,2.187140465550411333e-02,7.733301040111363600e-02,1.253471618230663220e-01,1.646816375180547021e-01,1.950735097420807918e-01,2.170136707136241239e-01,2.315054747468579810e-01,2.398168025123981195e-01,2.432575941406490139e-01,2.430157984672570715e-01,2.400622900554750805e-01,2.351217260726540526e-01,2.286880282778716023e-01,2.210664114623449583e-01,2.124204248426508346e-01,2.028166210079390963e-01,1.922575793505613417e-01,1.807073796376897357e-01,1.681063880494820806e-01,1.543833774642950352e-01,1.394616029592241346e-01,1.232672361713409298e-01,1.057347428817186075e-01,8.681815570243189839e-02,6.650084046331018739e-02,4.481429448694641132e-02,2.185620701622139825e-02,-2.179622735133312714e-03,-2.697525452415745761e-02,-5.204861684895073504e-02,-7.672184119879181530e-02,-1.000862109924402082e-01,-1.209920815155679230e-01,-1.380674932229309648e-01,-1.497907281985620676e-01,-1.546928044291298321e-01,-1.515425392449138986e-01,-1.399412996983609714e-01,-1.197857605854717594e-01,-9.255119795697333562e-02,-6.008423986081284224e-02,-2.377954914061426728e-02,1.541314879726505237e-02,5.667951975319937552e-02,9.879430373283884514e-02,1.404544920180946788e-01,1.804287932232372660e-01,2.176608036811595592e-01,2.513366519643672192e-01,2.809013687242736812e-01,3.060519594294488499e-01,3.266945302343300384e-01,3.428965504977815049e-01,3.548524771106930098e-01,3.628652410126361749e-01,3.673263159615906548e-01,3.686962312210541048e-01,3.674716810739648842e-01,3.641548182597423855e-01,3.592183674533308557e-01,3.530846946411135279e-01,3.461094960639958251e-01,3.385814291307590596e-01,3.307241324463423560e-01,3.227076114782781446e-01,3.146564456066398008e-01,3.066617088743509023e-01,2.987874185998222742e-01,2.910788112791629079e-01,2.835657016994973523e-01,2.762675874013300614e-01,2.691950460694632064e-01,2.623529614748629779e-01,2.557409795529897445e-01,2.493556773282068761e-01,2.431905989253874412e-01,2.372377908943256453e-01,2.314876884546481772e-01,2.259303169104184550e-01,2.205553168091141936e-01,2.153532708151485731e-01,2.103165042806916518e-01,2.054415488079043839e-01,2.007321699543541393e-01,1.962052305866526791e-01,1.918995913382922081e-01,1.878924775331100860e-01,1.843253870505657810e-01,1.814535753487522829e-01,1.796788449113115027e-01,1.796788449113115027e-01
0.000000000000000000e+00,-1.159135280796601275e-01,-1.957404700110605411e-01,-2.349240753516290969e-01,-2.368582335302667763e-01,-2.092982149717743101e-01,-1.614651326826652411e-01,-1.021020852325664058e-01,-3.848728073802527155e-02,2.384523682333856975e-02,8.100556336028313931e-02,1.305276720286376035e-01,1.711483018911656995e-01,2.025993529077177446e-01,2.253858589713369498e-01,2.405390778022588605e-01,2.493605602955950573e-01,2.531946580268456537e-01,2.532585375165473662e-01,2.505458722149096484e-01,2.457953177416908885e-01,2.395080759922783020e-01,2.319891425800473250e-01,2.233974057954930259e-01,2.137890736750198695e-01,2.031534491391122077e-01,1.914360487852559967e-01,1.785558158779132487e-01,1.644139371851269515e-01,1.489024931883688729e-01,1.319089883645521433e-01,1.133251687695557425e-01,9.305433702612012081e-02,7.102671170475753637e-02,4.721536096993915466e-02,2.166439125497398102e-02,-5.480525660418479432e-03,-3.392518051552627367e-02,-6.317815623481456977e-02,-9.248527701545088131e-02,-1.207752064152468885e-01,-1.466029143395144729e-01,-1.681635828326403792e-01,-1.833450556502682349e-01,-1.900729236690691659e-01,-1.865521931946353962e-01,-1.725158419680430377e-01,-1.475872115426659636e-01,-1.146160911020023820e-01,-7.669102061961491357e-02,-3.552023871092119950e-02,8.256051854054546196e-03,5.425761424908036312e-02,1.011239508799892939e-01,1.473890955229376354e-01,1.916781553635722168e-01,2.328266891027322705e-01,2.699355813670086257e-01,3.023894348433256996e-01,3.298666923964715392e-01,3.522786175151178534e-01,3.696990090099455117e-01,3.823311996322974471e-01,3.904937626094570624e-01,3.946172338006383451e-01,3.952237253579867771e-01,3.928978829822472041e-01,3.882395021255898304e-01,3.818226720109451078e-01,3.741570290273775190e-01,3.656702896609259623e-01,3.566996597867576613e-01,3.475005615400753589e-01,3.382567772958098296e-01,3.290975572949463857e-01,3.201094196706674722e-01,3.113495407107872981e-01,3.028527519284321401e-01,2.946394283344262455e-01,2.867184984013232962e-01,2.790918462250219778e-01,2.717553378114738183e-01,2.647014588339760555e-01,2.579195244425361855e-01,2.513974047534248135e-01,2.451214230089360513e-01,2.390775826209058652e-01,2.332514415320597334e-01,2.276292107147040444e-01,2.221980427310736861e-01,2.169477153215890186e-01,2.118723600667157814e-01,2.069743018061177275e-01,2.022695895148387546e-01,1.977978463083548966e-01,1.936389161246272195e-01,1.899400427893441490e-01,1.869661235142060784e-01,1.851325792996142139e-01,1.851325792996142139e-01
0.000000000000000000e+00,-1.190017798583562769e-01,-2.008073926034402434e-01,-2.407863233734451602e-01,-2.424973146275763158e-01,-2.139491603531208375e-01,-1.646202646011830362e-01,-1.034783673325503361e-01,-3.798171024220474423e-02,2.619987942433386896e-02,8.508113423319742241e-02,1.361351316596932370e-01,1.780680307118292505e-01,2.106059330786230477e-01,2.342683613047459035e-01,2.501139997455385511e-01,2.594790352279495727e-01,2.637422672796559953e-01,2.641517107746819137e-01,2.617241462370791250e-01,2.572141547540606199e-01,2.511303664372713795e-01,2.437794158572976766e-01,2.353151849145262153e-01,2.257850621162790228e-01,2.151639097474971063e-01,2.033794995134775296e-01,1.903267711835608389e-01,1.758786720081283173e-01,1.598909446735475581e-01,1.422088819131556992e-01,1.226717333860134485e-01,1.011232905583635960e-01,7.742302710125355258e-02,5.146808519323917835e-02,2.321949590747241290e-02,-7.253932483903656990e-03,-3.972114910846809288e-02,-7.370721701355455180e-02,-1.083950674996228686e-01,-1.425090574306337732e-01,-1.742036521533292526e-01,-2.010396230941250417e-01,-2.200234837112134134e-01,-2.281902233815245318e-01,-2.229686160544127882e-01,-2.048213452369425924e-01,-1.726251126316970252e-01,-1.321824189714424780e-01,-8.874786288342913221e-02,-4.399007081080930776e-02,2.572722678559214837e-03,5.174530003596813227e-02,1.019851261322320540e-01,1.517909749527277807e-01,1.997196423975327040e-01,2.445397910453360468e-01,2.851888436737239352e-01,3.208743089279257887e-01,3.511621308852117540e-01,3.758988240945139725e-01,3.951074632211331594e-01,4.089458618762677466e-01,4.177106457310386101e-01,4.218414423382969014e-01,4.219162633641259097e-01,4.186105842857679726e-01,4.126440112291928086e-01,4.047134173297242676e-01,3.954443536141366566e-01,3.853554873245170209e-01,3.748515021834273320e-01,3.642273288571571954e-01,3.536879756794483187e-01,3.433668009354501893e-01,3.333469503927354305e-01,3.236751862141342140e-01,3.143752738586347850e-01,3.054545425815826665e-01,2.969107064359240988e-01,2.887341780370110689e-01,2.809115549681941992e-01,2.734261920418066816e-01,2.662602000435401739e-01,2.593944032057112214e-01,2.528096261564666269e-01,2.464864836025043582e-01,2.404063559180054377e-01,2.345513529249885487e-01,2.289054892324284274e-01,2.234555206450875020e-01,2.181934345610806736e-01,2.131197738315608325e-01,2.082499588601853524e-01,2.036240958947222734e-01,1.993246721729217408e-01,1.955042543088557350e-01,1.924368219149325543e-01,1.905501207997923330e-01,1.905501207997923330e-01
0.000000000000000000e+00,-1.220189162014012341e-01,-2.057360010146255802e-01,-2.464520993285470585e-01,-2.478936075760982682e-01,-2.183224283391552445e-01,-1.674717749812847933e-01,-1.045301959021247423e-01,-3.713280266503259097e-02,2.891758777576278888e-02,8.954148997331778936e-02,1.421520268656569774e-01,1.854243806939453731e-01,2.190790448537323076e-01,2.436493186378320130e-01,2.602218560208359177e-01,2.701672559062520129e-01,2.749001255052992421e-01,2.756996789567708328e-01,2.736077995284834086e-01,2.693955488840699686e-01,2.635812220489751612e-01,2.564734752567333076e-01,2.482233803160698860e-01,2.388694562344901018e-01,2.283740365224666558e-01,2.166462935908800291e-01,2.035582828231730368e-01,1.889522166785088386e-01,1.726466849350256072e-01,1.544388734950493947e-01,1.341104417096414814e-01,1.114328245800592920e-01,8.618057714018603765e-02,5.814815489904790607e-02,2.718198302676701900e-02,-6.774130885534894279e-03,-4.359889758428071166e-02,-8.287593286023520189e-02,-1.237131010681883497e-01,-1.645400655441274229e-01,-2.028821753220600155e-01,-2.353353664377381971e-01,-2.575647012494747257e-01,-2.653907565696204118e-01,-2.553678215892495884e-01,-2.305184885928383554e-01,-1.875345370884093921e-01,-1.382411203864488403e-01,-9.127271774566049489e-02,-4.694278493559648352e-02,-1.979720128013807805e-03,4.682781873099638170e-02,9.736228888048593932e-02,1.484118083614179850e-01,1.986420443601245311e-01,2.468592445079757225e-01,2.915870377571705419e-01,3.315198182342149469e-01,3.658555579753304809e-01,3.942166260008977963e-01,4.164566936850731538e-01,4.326132023518913239e-01,4.429087305165873012e-01,4.477746962606650172e-01,4.478421350232328346e-01,4.439016538798492562e-01,4.368213474165164589e-01,4.274629200784980654e-01,4.166018231470349775e-01,4.048825849569721025e-01,3.927983022457975926e-01,3.807016073056797567e-01,3.688251474339048763e-01,3.573122352593721684e-01,3.462413462567079936e-01,3.356494495688723267e-01,3.255459208138794525e-01,3.159245342519385602e-01,3.067688207984981541e-01,2.980574057420177780e-01,2.897654707592467460e-01,2.818672652945605761e-01,2.743362316875412876e-01,2.671463880580998707e-01,2.602720710595495257e-01,2.536888374288729930e-01,2.473732178358193090e-01,2.413035646990241423e-01,2.354602947959840153e-01,2.298274537507046800e-01,2.243945654516999455e-01,2.191606387156418700e-01,2.141402230656761219e-01,2.093740376695298611e-01,2.049469222506165866e-01,2.010165622760831938e-01,1.978652020668941192e-01,1.959316161855774729e-01,1.959316161855774729e-01
0.000000000000000000e+00,-1.249643588946273420e-01,-2.105268120615694516e-01,-2.519244850799253199e-01,-2.530534235415715094e-01,-2.224279145448644912e-01,-1.700327678835375500e-01,-1.052736442100485476e-01,-3.595870374674993430e-02,3.197859058607486343e-02,9.436635538114300503e-02,1.485579764713813589e-01,1.931979982616340852e-01,2.280005412299876966e-01,2.535128500022904574e-01,2.708489777293238698e-01,2.814148440230463954e-01,2.866610177359387723e-01,2.878997319734644678e-01,2.861986964279014112e-01,2.823478609359926783e-01,2.768760866947335142e-01,2.700967193292983515e-01,2.621588415110082115e-01,2.530948592511388928e-01,2.428551357261026777e-01,2.313328527387446265e-01,2.183770406390817265e-01,2.038009451611158818e-01,1.873839783118707858e-01,1.688743326188988647e-01,1.479891513423217397e-01,1.244192270581026549e-01,9.783453533318842155e-02,6.789942946738351803e-02,3.429782645823750697e-02,-3.210749735014891987e-03,-4.468247555266541271e-02,-8.978590303917304005e-02,-1.374800220515706994e-01,-1.856420308118928442e-01,-2.306987842534717614e-01,-2.677027714992334384e-01,-2.903140982775468393e-01,-2.927758660743515762e-01,-2.709623368415526312e-01,-2.348610380207267478e-01,-1.755787933443673232e-01,-1.184342546282984715e-01,-7.458454491234883799e-02,-3.927325930800623643e-02,-4.337401120313252693e-03,3.688080640530795595e-02,8.070651184027302638e-02,1.282965344539027941e-01,1.785019130968466261e-01,2.301061344087554639e-01,2.804588732501253623e-01,3.269619374763043651e-01,3.679295040599530053e-01,4.024654998113066928e-01,4.300663409645524848e-01,4.505376466873582952e-01,4.639912810278871147e-01,4.708480034624396571e-01,4.718288548997490173e-01,4.678847729241381037e-01,4.600953603290314220e-01,4.495427967689443749e-01,4.372102861942586682e-01,4.239094983267961969e-01,4.102579072788486991e-01,3.966852947314282729e-01,3.834672721361032099e-01,3.707614886347068150e-01,3.586458957597793429e-01,3.471459765792890839e-01,3.362571087048469853e-01,3.259567673706501578e-01,3.162141350517193583e-01,3.069938515275437152e-01,2.982597451714809611e-01,2.899754627041571386e-01,2.821060693624263815e-01,2.746177984100872660e-01,2.674788961309908508e-01,2.606592236310136812e-01,2.541308756238800926e-01,2.478680296655484117e-01,2.418478841611778341e-01,2.360514987509521878e-01,2.304662493486371033e-01,2.250894165606323605e-01,2.199348946170505414e-01,2.150438190455571941e-01,2.105033781339428756e-01,2.064759193203144494e-01,2.032512260367515533e-01,2.012775808664681032e-01,2.012775808664681032e-01
0.000000000000000000e+00,-1.278375713651459800e-01,-2.151805793785830090e-01,-2.572069069490713900e-01,-2.579837661388007519e-01,-2.262762749399518103e-01,-1.723175495717586270e-01,-1.057260109266070641e-01,-3.447935285692337037e-02,3.536129652867396611e-02,9.953289041380072866e-02,1.553299677559563108e-01,2.013659403571484707e-01,2.373485567055084178e-01,2.638381500141018243e-01,2.819765566412790747e-01,2.932047853458138453e-01,2.990107648925538486e-01,3.007403667241038137e-01,2.994894500970761708e-01,2.960680198771701299e-01,2.910184049948325580e-01,2.846600548994859814e-01,2.771433635168495391e-01,2.684961980569200990e-01,2.586606141927488833e-01,2.475154542896839394e-01,2.348905254810594589e-01,2.205713175490335576e-01,2.043009859516600746e-01,1.857775462290187640e-01,1.646520362373304625e-01,1.405242607649346831e-01,1.129415306555108384e-01,8.139917710677187224e-02,4.535865240786272207e-02,4.309710283339955247e-03,-4.205440692101430206e-02,-9.347317328091690747e-02,-1.485089428925082389e-01,-2.039058070083726304e-01,-2.540910869452309151e-01,-2.917919577768133266e-01,-3.080767995311201046e-01,-2.958278947367068423e-01,-2.521286375543486113e-01,-2.071656473193878856e-01,-1.374430892242863023e-01,-8.083726499839390123e-02,-5.145370866617139660e-02,-3.459171945151168909e-02,-1.674978379481095736e-02,1.173647817417036894e-02,4.377839743295018626e-02,8.319050355387594409e-02,1.294592208876917672e-01,1.839515705548578905e-01,2.420708315824496859e-01,2.986659374168598169e-01,3.502711493677335142e-01,3.949851666785196835e-01,4.315834501066665996e-01,4.594540021377762073e-01,4.785359286135753565e-01,4.892729701880924598e-01,4.925444052181107701e-01,4.895586890951462156e-01,4.816969307963406277e-01,4.703534815863725793e-01,4.567902852374595701e-01,4.420484495442041362e-01,4.269098894292400193e-01,4.119127908938536864e-01,3.973907963419855971e-01,3.835271773626210412e-01,3.704017031411794836e-01,3.580311573063948982e-01,3.463952921083214287e-01,3.354557702661070673e-01,3.251654791516889742e-01,3.154753422254004680e-01,3.063364306186396879e-01,2.977022084996170381e-01,2.895284723492595469e-01,2.817741824939317685e-01,2.744009469928075928e-01,2.673734466218370964e-01,2.606590063251965628e-01,2.542280958830696047e-01,2.480544932022749893e-01,2.421166653811855363e-01,2.363997136753321904e-01,2.308994878905593351e-01,2.256291140431567754e-01,2.206302804415244123e-01,2.159922722128240491e-01,2.118818096786688476e-01,2.085952769728503242e-01,2.065889335498472812e-01,2.065889335498472812e-01
0.000000000000000000e+00,-1.306381404029302862e-01,-2.196982916051415102e-01,-2.623033143743527806e-01,-2.626922545339411275e-01,-2.298791632701969456e-01,-1.743414602364009858e-01,-1.059061149855235057e-01,-3.271623501130063727e-02,3.904191856207558237e-02,1.050159897112960400e-01,1.624418592215467472e-01,2.099019872060393088e-01,2.470968325974339797e-01,2.745997625495743000e-01,2.935797128907451925e-01,3.055135790794049067e-01,3.119269047220077362e-01,3.142011596742350643e-01,3.134614986804165615e-01,3.105408507635309956e-01,3.059967313958804613e-01,3.001582313180778394e-01,2.931792437775050941e-01,2.850873406118696329e-01,2.758190650472163719e-01,2.652440113394460841e-01,2.531762295153507369e-01,2.393791670545983297e-01,2.235630889488653406e-01,2.053801319098536304e-01,1.844139807781376705e-01,1.601667966486685635e-01,1.320392367079433471e-01,9.930958020223958072e-02,6.113081368868942406e-02,1.661075691796174217e-02,-3.488820576644623139e-02,-9.306595275028653469e-02,-1.555427875030036544e-01,-2.168141424147456420e-01,-2.678405920220495173e-01,-2.983926619741108510e-01,-2.971610478013610446e-01,-2.566098190681636027e-01,-1.785939155360109221e-01,-1.090286484060891958e-01,0.000000000000000000e+00,0.000000000000000000e+00,0.000000000000000000e+00,0.000000000000000000e+00,0.000000000000000000e+00,0.000000000000000000e+00,-1.495245630273712815e-02,7.968057570352668484e-03,4.683142841427072323e-02,1.025342303496829116e-01,1.698075028112902285e-01,2.399374247366405644e-01,3.066834497850760566e-01,3.665122367452347540e-01,4.168172103078247592e-01,4.561535533800706865e-01,4.841437819367256923e-01,5.012610015236516059e-01,5.086488093696208690e-01,5.078990907084341977e-01,5.008304461485141301e-01,4.892614671791322700e-01,4.748316453055007602e-01,4.588808940109844192e-01,4.424101223261072136e-01,4.260976762562046494e-01,4.103582941348454804e-01,3.954106130259799068e-01,3.813436749919579261e-01,3.681665358243490505e-01,3.558453596112350348e-01,3.443248724000687044e-01,3.335424762119340580e-01,3.234343069921426506e-01,3.139393736794216516e-01,3.050002830495087691e-01,2.965642704915773531e-01,2.885826506509441280e-01,2.810110612097266869e-01,2.738088122805045765e-01,2.669390454627484921e-01,2.603684363878942531e-01,2.540678314104167779e-01,2.480130738700970505e-01,2.421873735712864462e-01,2.365851290283569053e-01,2.312189438107263295e-01,2.261309583732874495e-01,2.214125180663068793e-01,2.172342339862629035e-01,2.138982107774513586e-01,2.118669816921414928e-01,2.118669816921414928e-01
0.000000000000000000e+00,-1.333657634208770537e-01,-2.240812767171180553e-01,-2.672181100917673247e-01,-2.671872861400348964e-01,-2.332490610635498673e-01,-1.761210718937785691e-01,-1.058340234983397715e-01,-3.069262728764925868e-02,4.299482453041253427e-02,1.107879533940098887e-01,1.698647748391992618e-01,2.187761835263373755e-01,2.572151125048531273e-01,2.857669315347484695e-01,3.056278311876581832e-01,3.183103065495491157e-01,3.253788616079330565e-01,3.282513948234817569e-01,3.280849069431563403e-01,3.257369795558915371e-01,3.217837959402147785e-01,3.165665292213098447e-01,3.102469673814972073e-01,3.028557261616350860e-01,2.943294717927251170e-01,2.845332295243369058e-01,2.732725470013042668e-01,2.602950634203079483e-01,2.452865148372921633e-01,2.278589422951100840e-01,2.075324011552396042e-01,1.837037948642228080e-01,1.555998826985273420e-01,1.222163214844490531e-01,8.228169768424738184e-02,3.437076916657469394e-02,-2.256609520438730004e-02,-8.793556810975788895e-02,-1.574287221787736279e-01,-2.214005253891765113e-01,-2.651294645567711106e-01,-2.755254264760049199e-01,-2.401740205997558997e-01,-1.523179497577555885e-01,0.000000000000000000e+00,0.000000000000000000e+00,0.000000000000000000e+00,0.000000000000000000e+00,0.000000000000000000e+00,0.000000000000000000e+00,0.000000000000000000e+00,0.000000000000000000e+00,0.000000000000000000e+00,0.000000000000000000e+00,-2.337635182580102833e-02,8.524794665145767059e-03,7.297554254008040142e-02,1.528758311482302790e-01,2.356658697914959244e-01,3.143162566570770755e-01,3.829755120678576819e-01,4.382330894276427746e-01,4.788866790273155205e-01,5.053096573235297262e-01,5.189660276235459335e-01,5.219755417029378064e-01,5.167423521307992207e-01,5.056500013068319088e-01,4.908218860562607588e-01,4.739816939658580974e-01,4.564037491650644873e-01,4.389461189587187118e-01,4.221254164731785274e-01,4.062103865557232796e-01,3.913047820699768753e-01,3.774147457253919646e-01,3.644933983959607882e-01,3.524704087077425996e-01,3.412673439004903497e-01,3.308067667879577289e-01,3.210153733490397343e-01,3.118259482563621177e-01,3.031770963361614668e-01,2.950133857831311324e-01,2.872845222795539222e-01,2.799451989557811271e-01,2.729544612574894558e-01,2.662758025030272369e-01,2.598772400498473578e-01,2.537324738645743705e-01,2.478229142941648366e-01,2.421418528776252965e-01,2.367014002793102756e-01,2.315442861039262168e-01,2.267637097986394124e-01,2.225337991652546754e-01,2.191613448979159717e-01,2.171134392714224592e-01,2.171134392714224592e-01
0.000000000000000000e+00,-1.360203158055256489e-01,-2.283311674276082281e-01,-2.719562663594766172e-01,-2.714778886837721505e-01,-2.363994044924780102e-01,-1.776739151586632925e-01,-1.055311940404594778e-01,-2.843321826597975874e-02,4.719235211136248859e-02,1.168189439199830149e-01,1.775668373886587492e-01,2.279553363793186127e-01,2.676687480822467768e-01,2.973040983807455073e-01,3.180839788196337947e-01,3.315570624351507623e-01,3.393270764902481251e-01,3.428502990752341217e-01,3.433170186215169783e-01,3.416126142375208175e-01,3.383343208778109568e-01,3.338395948788818735e-01,3.283015269110329815e-01,3.217593421635651652e-01,3.141548286716194238e-01,3.053560706835546923e-01,2.951675314958113194e-01,2.833313128255244839e-01,2.695184483826388311e-01,2.533116174417132660e-01,2.341727024603895979e-01,2.113873403714922605e-01,1.839741368447969927e-01,1.505610830236576159e-01,1.092964860610896455e-01,5.801242485061523096e-02,-4.869396289489421811e-03,-7.812283350001460180e-02,-1.541530733724744695e-01,-2.166446001366871266e-01,-2.428135010610290023e-01,-2.204677264513580648e-01,-1.442489241779622011e-01,0.000000000000000000e+00,0.000000000000000000e+00,0.000000000000000000e+00,0.000000000000000000e+00,0.000000000000000000e+00,0.000000000000000000e+00,0.000000000000000000e+00,0.000000000000000000e+00,0.000000000000000000e+00,0.000000000000000000e+00,0.000000000000000000e+00,0.000000000000000000e+00,-4.445436700944420394e-02,-1.710377135329212150e-02,5.291595805910910555e-02,1.430812883778116995e-01,2.397265411226307819e-01,3.296042118119369979e-01,4.046711295161992128e-01,4.616833896339087584e-01,5.004337106988280270e-01,5.226412824503497978e-01,5.310463732650235746e-01,5.287906819073380227e-01,5.189603179424452373e-01,5.042802709113411996e-01,4.869391586212443168e-01,4.685442808292387684e-01,4.501680214780635625e-01,4.324528884970696985e-01,4.157291841157497170e-01,4.001240594629481007e-01,3.856438338114692166e-01,3.722321418280007954e-01,3.598044702818152807e-01,3.482686260887894458e-01,3.375340704570983230e-01,3.275167458109749519e-01,3.181400332910517270e-01,3.093351542426227563e-01,3.010403161429527352e-01,2.932002829133901756e-01,2.857654692063034130e-01,2.786915988450733850e-01,2.719392699750156628e-01,2.654742679528024896e-01,2.592683839608921903e-01,2.533016715194990609e-01,2.475664778157579959e-01,2.420746862991118020e-01,2.368696143127290987e-01,2.320462393146427438e-01,2.277817083616700267e-01,2.243864874591119940e-01,2.223304086760641840e-01,2.223304086760641840e-01
0.000000000000000000e+00,-1.386018206714910161e-01,-2.324499662618789708e-01,-2.765232056120717763e-01,-2.755737960669472630e-01,-2.393443313128051919e-01,-1.790185449213656799e-01,-1.050200893336698665e-01,-2.596417898932953938e-02,5.160530218196803659e-02,1.230768793375777437e-01,1.855137404397355361e-01,2.374028379947543954e-01,2.784193212484784574e-01,3.091706174012093244e-01,3.309055440381613034e-01,3.452085106336601483e-01,3.537235958810299730e-01,3.579463364747669241e-01,3.591028487065379138e-01,3.581083626686092369e-01,3.555849017679699187e-01,3.519093456789609831e-01,3.472711573603209367e-01,3.417228573788712032e-01,3.352184795472800682e-01,3.276364386752715907e-01,3.187904220808023825e-01,3.084280139017718803e-01,2.962193225093188720e-01,2.817306159010384281e-01,2.643749965417389602e-01,2.433218008028864843e-01,2.173432982469172825e-01,1.846004396990545415e-01,1.424698694987603931e-01,8.777679098686702597e-02,1.823165000022045415e-02,-6.395228300584925030e-02,-1.463330573581556882e-01,-2.027810475172147076e-01,-2.000674614770036608e-01,-1.379919159862964539e-01,0.000000000000000000e+00,0.000000000000000000e+00,0.000000000000000000e+00,0.000000000000000000e+00,0.000000000000000000e+00,0.000000000000000000e+00,0.000000000000000000e+00,0.000000000000000000e+00,0.000000000000000000e+00,0.000000000000000000e+00,0.000000000000000000e+00,0.000000000000000000e+00,0.000000000000000000e+00,0.000000000000000000e+00,-5.820750308744285229e-02,-3.339670378497572312e-02,4.185625137089630382e-02,1.482607570023628529e-01,2.588240724711916574e-01,3.560632757189528541e-01,4.324773546588006057e-01,4.863062467615688611e-01,5.192328312912679600e-01,5.346309772062609600e-01,5.364903372827005690e-01,5.287308166844225665e-01,5.147827461281496708e-01,4.973790705722763161e-01,4.785090573669468772e-01,4.594928644782191318e-01,4.411164822342663605e-01,4.237843730759340843e-01,4.076529739454959334e-01,3.927342883217600500e-01,3.789649586180918739e-01,3.662495527128042383e-01,3.544836605130947116e-01,3.435659765187476511e-01,3.334028419862656856e-01,3.239099902382284735e-01,3.150121515132603411e-01,3.066424951091675788e-01,2.987415347992478099e-01,2.912563986501425228e-01,2.841400258049069372e-01,2.773508612160967002e-01,2.708528755020385703e-01,2.646164999739544776e-01,2.586207431146079205e-01,2.528573813422991812e-01,2.473382401914804574e-01,2.421073486099631078e-01,2.372613020431472985e-01,2.329798110581787485e-01,2.295759212669405969e-01,2.275203781123467106e-01,2.275203781123467106e-01
0.000000000000000000e+00,-1.411105011563245082e-01,-2.364399812010248292e-01,-2.809248547921224803e-01,-2.794852394319822242e-01,-2.420986998105033872e-01,-1.801741770774653306e-01,-1.043241672321139207e-01,-2.331266289158104646e-02,5.620295483715961188e-02,1.295280458739448970e-01,1.936687445101784311e-01,2.470793707672045703e-01,2.894245990523012235e-01,3.213215398795569722e-01,3.440441315824757651e-01,3.592127298191328810e-01,3.685118756076430913e-01,3.734780618088838766e-01,3.753747072244141836e-01,3.751499458116938079e-01,3.734532324894764832e-01,3.706851920036530745e-01,3.670556704572061069e-01,3.626365827950295828e-01,3.574005000685773759e-01,3.512452363825248058e-01,3.440038175176243773e-01,3.354427822694003303e-01,3.252461755059863346e-01,3.129800389097663893e-01,2.980207645128508109e-01,2.794190689488180723e-01,2.556646794468905304e-01,2.243472273132729178e-01,1.818675955558574642e-01,1.237355415932332448e-01,4.668676096370486667e-02,-4.585153302658258323e-02,-1.350660558984328186e-01,-1.805535319226545810e-01,-1.342704644121152646e-01,0.000000000000000000e+00,0.000000000000000000e+00,0.000000000000000000e+00,0.000000000000000000e+00,0.000000000000000000e+00,0.000000000000000000e+00,0.000000000000000000e+00,0.000000000000000000e+00,0.000000000000000000e+00,0.000000000000000000e+00,0.000000000000000000e+00,0.000000000000000000e+00,0.000000000000000000e+00,0.000000000000000000e+00,0.000000000000000000e+00,0.000000000000000000e+00,-7.238793351932512610e-02,-5.061441454287048114e-02,4.801344766871797065e-02,1.746488302097078948e-01,2.943775663268804466e-01,3.922022959851820256e-01,4.632840707533761315e-01,5.087620626096436283e-01,5.325491034522994438e-01,5.395526280333832192e-01,5.346246576273365747e-01,5.219897507607788034e-01,5.049842626777908405e-01,4.860191128565556351e-01,4.666833503077076339e-01,4.479206757695972652e-01,4.302169307620807293e-01,4.137643923142008684e-01,3.985845871674758567e-01,3.846115984290335299e-01,3.717419156855470419e-01,3.598622448130061047e-01,3.488626739610665162e-01,3.386424021085148728e-01,3.291111130825177256e-01,3.201888245789836218e-01,3.118048404815214614e-01,3.038967044795186090e-01,2.964091253406353488e-01,2.892931819688143724e-01,2.825058159324118634e-01,2.760098530621197810e-01,2.697748516346914482e-01,2.637792479255938738e-01,2.580145804294769474e-01,2.524928799937188884e-01,2.472589760782166746e-01,2.424109567138534593e-01,2.381305934508772260e-01,2.347324053725994009e-01,2.326861987221291450e-01,2.326861987221291450e-01
0.000000000000000000e+00,-1.435467336168631536e-01,-2.403038519802955797e-01,-2.851674846614147829e-01,-2.832229406890604539e-01,-2.446777692974306806e-01,-1.811606291212163600e-01,-1.034674031893325352e-01,-2.050670522366376466e-02,6.095368753856945931e-02,1.361372216206242214e-01,2.019934213938913148e-01,2.569430426785326294e-01,3.006394023592064979e-01,3.337077638339056573e-01,3.574465679456795830e-01,3.735113919818264794e-01,3.836279361893614737e-01,3.893743348534880466e-01,3.920534870087909463e-01,3.926484054243996602e-01,3.918394150060461878e-01,3.900540673610968789e-01,3.875274592063847612e-01,3.843558541215059132e-01,3.805375757548409288e-01,3.759979409305094777e-01,3.706004953817228498e-01,3.641438313214105382e-01,3.563422304051988565e-01,3.467788968733738209e-01,3.348086225919993941e-01,3.193680444171129174e-01,2.986411246752907478e-01,2.695746213568759320e-01,2.274521144134723227e-01,1.662960439350767983e-01,8.187548315808113042e-02,-2.034918045596910419e-02,-1.123015358745445280e-01,-1.305996870194283677e-01,0.000000000000000000e+00,0.000000000000000000e+00,0.000000000000000000e+00,0.000000000000000000e+00,0.000000000000000000e+00,0.000000000000000000e+00,0.000000000000000000e+00,0.000000000000000000e+00,0.000000000000000000e+00,0.000000000000000000e+00,0.000000000000000000e+00,0.000000000000000000e+00,0.000000000000000000e+00,0.000000000000000000e+00,0.000000000000000000e+00,0.000000000000000000e+00,0.000000000000000000e+00,0.000000000000000000e+00,-9.142102827971090862e-02,-4.055143417250699212e-02,8.734221962494237435e-02,2.248446828241348616e-01,3.435940998297640214e-01,4.327768669235511068e-01,4.918815047297829257e-01,5.250118600915386624e-01,5.379342670023437023e-01,5.364674507225206668e-01,5.256719498700962445e-01,5.095190759356688082e-01,4.908569659297213894e-01,4.715524593771090456e-01,4.527105672304018169e-01,4.349026280672118605e-01,4.183599688248066939e-01,4.031181725938322580e-01,3.891125716116607958e-01,3.762358584658268001e-01,3.643692012938066216e-01,3.533974126272415583e-01,3.432150667640893049e-01,3.337281732346553120e-01,3.248538407847155751e-01,3.165191606290336246e-01,3.086599982508545503e-01,3.012197950716937189e-01,2.941487102757899263e-01,2.874029928507684795e-01,2.809450187520255993e-01,2.747440441959315138e-01,2.687784362284223461e-01,2.630398641127403847e-01,2.575408525574209295e-01,2.523271208975791935e-01,2.474981297387915946e-01,2.432371806856371554e-01,2.398591520523014053e-01,2.378310595677528005e-01,2.378310595677528005e-01
0.000000000000000000e+00,-1.459110849098936014e-01,-2.440444610242510359e-01,-2.892577065209801512e-01,-2.867978580725371041e-01,-2.470971217138650811e-01,-1.819978916951578984e-01,-1.024741415744714473e-01,-1.757463256651074085e-02,6.582518177497226342e-02,1.428684185652349392e-01,2.104479138293842422e-01,2.669502844032212718e-01,3.120159316608454581e-01,3.462771127252803893e-01,3.710553331829410384e-01,3.880410748979163937e-01,3.990009669818155302e-01,4.055559350973753641e-01,4.090495194316023375e-01,4.105020821186176616e-01,4.106271297096808492e-01,4.098827752884287023e-01,4.085329662096516823e-01,4.067035821538567131e-01,4.044245052830270915e-01,4.016567139039876611e-01,3.983039605100739955e-01,3.942096349117975573e-01,3.891332102810732829e-01,3.826918198440337204e-01,3.742341180871540662e-01,3.625894076362535245e-01,3.456223623648275733e-01,3.195802825645740475e-01,2.785073317940710558e-01,2.147295632584427238e-01,1.228124646760413025e-01,9.988104284936162591e-03,-8.709819369985621895e-02,-9.704911327154962242e-02,0.000000000000000000e+00,0.000000000000000000e+00,0.000000000000000000e+00,0.000000000000000000e+00,0.000000000000000000e+00,0.000000000000000000e+00,0.000000000000000000e+00,0.000000000000000000e+00,0.000000000000000000e+00,0.000000000000000000e+00,0.000000000000000000e+00,0.000000000000000000e+00,0.000000000000000000e+00,0.000000000000000000e+00,0.000000000000000000e+00,0.000000000000000000e+00,0.000000000000000000e+00,0.000000000000000000e+00,-1.056459246582284045e-01,-1.167156197467906498e-01,1.292777118091472527e-03,1.516401932445893552e-01,2.897057941293454397e-01,3.967548164404912647e-01,4.697313797387752676e-01,5.125884097307225051e-01,5.318462341194665211e-01,5.342646051439097210e-01,5.257333419596272872e-01,5.108490888081097525e-01,4.928860955801826482e-01,4.739781280225216498e-01,4.553851437234436861e-01,4.377612984895966619e-01,4.213782955082678860e-01,4.062888538461261745e-01,3.924339485550987772e-01,3.797067891108209525e-01,3.679871869253665828e-01,3.571582574977861801e-01,3.471130365094400316e-01,3.377564425210317078e-01,3.290047868569427880e-01,3.207847648968605858e-01,3.130319908557607222e-01,3.056899323575416605e-01,2.987088019842183417e-01,2.920450959814998027e-01,2.856614120299169612e-01,2.795273919220013781e-01,2.736217864129074639e-01,2.679368626267382703e-01,2.624858664648489492e-01,2.573155655539526299e-01,2.525266065665294768e-01,2.483033239506804157e-01,2.449597978185386049e-01,2.429584597699230852e-01,2.429584597699230852e-01
0.000000000000000000e+00,-1.482042511693792419e-01,-2.476649241570042792e-01,-2.932022826064513144e-01,-2.902211084536533425e-01,-2.493723006290480548e-01,-1.827059628890603526e-01,-1.013685607725868382e-01,-1.454481333789878379e-02,7.078512597483456459e-02,1.496852154497676501e-01,2.189918121711921795e-01,2.770562830398418663e-01,3.235048478930482307e-01,3.589749192411956780e-01,3.848099130903215870e-01,4.027340898573553707e-01,4.145550620483994253e-01,4.219367797921556029e-01,4.262648548167790041e-01,4.285984277892598282e-01,4.296866724532553139e-01,4.300206661651342910e-01,4.298967415101493939e-01,4.294741374903851550e-01,4.288195796401330639e-01,4.279359042304928251e-01,4.267754438592314403e-01,4.252365459311845952e-01,4.231363770917527245e-01,4.201399515290342723e-01,4.156030542355116375e-01,4.082563840476557959e-01,3.956399693456687516e-01,3.732673531317773352e-01,3.338435316224704907e-01,2.677768484325122600e-01,1.680890534183276108e-01,4.409925022949668511e-02,-5.160573294129281591e-02,0.000000000000000000e+00,0.000000000000000000e+00,0.000000000000000000e+00,0.000000000000000000e+00,0.000000000000000000e+00,0.000000000000000000e+00,0.000000000000000000e+00,0.000000000000000000e+00,0.000000000000000000e+00,0.000000000000000000e+00,0.000000000000000000e+00,0.000000000000000000e+00,0.000000000000000000e+00,0.000000000000000000e+00,0.000000000000000000e+00,0.000000000000000000e+00,0.000000000000000000e+00,0.000000000000000000e+00,0.000000000000000000e+00,0.000000000000000000e+00,-1.532857793023477133e-01,-7.106977456885854583e-02,8.268229181940285610e-02,2.355858495157664156e-01,3.583289150646556953e-01,4.441323040992086746e-01,4.962757131406649314e-01,5.217837300111531906e-01,5.282240816628158697e-01,5.222301130357233090e-01,5.089599969134557256e-01,4.920664310627056448e-01,4.739171916934108442e-01,4.559076335679080327e-01,4.387655237962712618e-01,4.228009450025029259e-01,4.080857624055495014e-01,3.945707003306511140e-01,3.821539681459371618e-01,3.707185365667681198e-01,3.601496023790031198e-01,3.503421146640468553e-01,3.412025263674678399e-01,3.326487797574638194e-01,3.246089138578691635e-01,3.170199956876891823e-01,3.098266711682547414e-01,3.029804262156595152e-01,2.964387779536284406e-01,2.901654351550544964e-01,2.841309470244244850e-01,2.783150858198336630e-01,2.727110328047290255e-01,2.673331265698913328e-01,2.622292114521554418e-01,2.575010288929094893e-01,2.533333503439380019e-01,2.500383726876942436e-01,2.480721609246679393e-01,2.480721609246679393e-01
0.000000000000000000e+00,-1.504270814118734423e-01,-2.511684846517319158e-01,-2.970080743587401595e-01,-2.935036891253163249e-01,-2.515186553174660888e-01,-1.833043902588476215e-01,-1.001744147099677823e-01,-1.144502369854311780e-02,7.580157784726213044e-02,1.565515740613738216e-01,2.275846390026938781e-01,2.872160092826218647e-01,3.350559281603868733e-01,3.717453298806309703e-01,3.986477242672462062e-01,4.175201866570673048e-01,4.302105836470976885e-01,4.384262295164357282e-01,4.435953298826957325e-01,4.468172193703031647e-01,4.488781318084510419e-01,4.503042320640203156e-01,4.514263637904229465e-01,4.524400827797401270e-01,4.534523001977187606e-01,4.545122476145183055e-01,4.556264271109559671e-01,4.567553834383791256e-01,4.577829791075416765e-01,4.584331156967999532e-01,4.580826655903483258e-01,4.553825084265802348e-01,4.475781372633753086e-01,4.294998974396807001e-01,3.925866820360555676e-01,3.253594468254532579e-01,2.188860958970734183e-01,8.215258807006987907e-02,-2.882463383027105905e-02,0.000000000000000000e+00,0.000000000000000000e+00,0.000000000000000000e+00,0.000000000000000000e+00,0.000000000000000000e+00,0.000000000000000000e+00,0.000000000000000000e+00,0.000000000000000000e+00,0.000000000000000000e+00,0.000000000000000000e+00,0.000000000000000000e+00,0.000000000000000000e+00,0.000000000000000000e+00,0.000000000000000000e+00,0.000000000000000000e+00,0.000000000000000000e+00,0.000000000000000000e+00,0.000000000000000000e+00,0.000000000000000000e+00,0.000000000000000000e+00,-1.792549023612236281e-01,-1.241385639518949868e-01,2.595203177808796252e-02,1.870122592957403351e-01,3.211740003722550751e-01,4.173012032907418289e-01,4.773600590278695432e-01,5.084654655961564629e-01,5.187348956649675547e-01,5.153689470419711149e-01,5.039636573538694986e-01,4.884631575149159799e-01,4.714135714545978906e-01,4.543126033521864282e-01,4.379460177425935075e-01,4.226566032944165108e-01,4.085363289152575406e-01,3.955488458301060217e-01,3.836020921169657760e-01,3.725863173724659472e-01,3.623930310692305978e-01,3.529221911094590491e-01,3.440848561018204355e-01,3.358026540088946410e-01,3.280071176592081472e-01,3.206380984284046831e-01,3.136429450921427997e-01,3.069752861048590797e-01,3.005947639500655688e-01,2.944667735046892498e-01,2.885635774066085957e-01,2.828663382495949508e-01,2.773696987210186871e-01,2.720892418101606980e-01,2.670740871895774804e-01,2.624268124323222984e-01,2.583321451798326618e-01,2.550992404957644344e-01,2.531761553310506452e-01,2.531761553310506452e-01
0.000000000000000000e+00,-1.525805054809061534e-01,-2.545584746562801759e-01,-3.006818405434875663e-01,-2.966563467008694333e-01,-2.535509707651507072e-01,-1.838120289383963490e-01,-9.891448814566683456e-02,-8.302090419506578597e-03,8.084369048454691231e-02,1.634323291754135321e-01,2.361867816037531709e-01,2.973848843179061618e-01,3.466192625370888569e-01,3.845322380263667683e-01,4.125056878149105932e-01,4.323279143795440982e-01,4.458863093726902482e-01,4.549311463076203821e-01,4.609336111589850682e-01,4.650337482676966672e-01,4.680558528243686234e-01,4.705621315633166657e-01,4.729191944980580820e-01,4.753602119789988034e-01,4.780339165674441504e-01,4.810379571394937104e-01,4.844355711863297942e-01,4.882530208785067494e-01,4.924455879552568915e-01,4.968036491294607337e-01,5.007386839787089095e-01,5.028500891530534034e-01,5.001490600594029612e-01,4.869018344623233241e-01,4.534731842410407721e-01,3.866779918639616787e-01,2.753625365475512732e-01,1.266558912674060344e-01,-4.185399280794893651e-03,0.000000000000000000e+00,0.000000000000000000e+00,0.000000000000000000e+00,0.000000000000000000e+00,0.000000000000000000e+00,0.000000000000000000e+00,0.000000000000000000e+00,0.000000000000000000e+00,0.000000000000000000e+00,0.000000000000000000e+00,0.000000000000000000e+00,0.000000000000000000e+00,0.000000000000000000e+00,0.000000000000000000e+00,0.000000000000000000e+00,0.000000000000000000e+00,0.000000000000000000e+00,0.000000000000000000e+00,0.000000000000000000e+00,0.000000000000000000e+00,-1.946834787816959234e-01,-1.611198847694274294e-01,-1.802324764668001081e-02,1.462051590571182835e-01,2.875425163074444290e-01,3.909755744848156800e-01,4.570316833623611630e-01,4.926657096002126646e-01,5.062950536901251741e-01,5.054790010165988168e-01,4.960884567099922426e-01,4.822453018002703651e-01,4.665991408165388599e-01,4.507078083973682925e-01,4.353929222893220263e-01,4.210223630341052292e-01,4.077068346691404832e-01,3.954261094727857806e-01,3.841013522775673095e-01,3.736346531732810949e-01,3.639271465207217227e-01,3.548874191703576542e-01,3.464334306563814914e-01,3.384930757630645881e-01,3.310028579753871991e-01,3.239072422518984307e-01,3.171572210738748399e-01,3.107098864681166472e-01,3.045276116341368855e-01,2.985784472969635894e-01,2.928367588266703181e-01,2.872857973795359121e-01,2.819218781002259533e-01,2.767622369848634079e-01,2.718572099815388388e-01,2.673101349175147079e-01,2.633050498842753329e-01,2.601470618204782537e-01,2.582745978599633174e-01,2.582745978599633174e-01
0.000000000000000000e+00,-1.546655466906303733e-01,-2.578382026356625389e-01,-3.042301505956853669e-01,-2.996893015672043581e-01,-2.554832616229814057e-01,-1.842465976782629022e-01,-9.761026998078532746e-02,-5.141273951113360836e-03,8.588217372176595865e-02,1.702939988888099165e-01,2.447601258550654302e-01,3.075198307581780699e-01,3.581461356098522564e-01,3.972806679215389880e-01,4.263214964263531415e-01,4.470865065246409920e-01,4.615013238057866785e-01,4.713585687964035875e-01,4.781721084930018462e-01,4.831227693356492936e-01,4.870730284142748556e-01,4.906212299651994124e-01,4.941697526433712628e-01,4.979890965092785837e-01,5.022694955376272308e-01,5.071562660744871609e-01,5.127687974430972240e-01,5.191982029812985955e-01,5.264715229053078538e-01,5.344485456875220919e-01,5.425874182806652568e-01,5.494698129851827151e-01,5.519536722097767578e-01,5.439055199267075480e-01,5.148773683643433907e-01,4.502186722322792933e-01,3.362528763463834003e-01,1.765296360368098227e-01,2.248232011378920731e-02,0.000000000000000000e+00,0.000000000000000000e+00,0.000000000000000000e+00,0.000000000000000000e+00,0.000000000000000000e+00,0.000000000000000000e+00,0.000000000000000000e+00,0.000000000000000000e+00,0.000000000000000000e+00,0.000000000000000000e+00,0.000000000000000000e+00,0.000000000000000000e+00,0.000000000000000000e+00,0.000000000000000000e+00,0.000000000000000000e+00,0.000000000000000000e+00,0.000000000000000000e+00,0.000000000000000000e+00,0.000000000000000000e+00,0.000000000000000000e+00,-2.068397212019757736e-01,-1.879682228500678676e-01,-5.081295163061028131e-02,1.139697364163671928e-01,2.589040569451483975e-01,3.665201665254397834e-01,4.363501369267298036e-01,4.751590542328182343e-01,4.914712685670299397e-01,4.929848559580640166e-01,4.856641896867053831e-01,4.736756254061892379e-01,4.596882058451536301e-01,4.452696466138836850e-01,4.312532930597265390e-01,4.180210829357078328e-01,4.057010515668956763e-01,3.942901492437120847e-01,3.837266595134522507e-01,3.739274484772480700e-01,3.648071337144931925e-01,3.562852561805069929e-01,3.482895820423027589e-01,3.407558001663839597e-01,3.336274748809571200e-01,3.268546427792561326e-01,3.203934565022447112e-01,3.142050694435051805e-01,3.082557048391011967e-01,3.025164438332167971e-01,2.969645823617875213e-01,2.915856793241340394e-01,2.863782878795790854e-01,2.813613348584710905e-01,2.765865794949108336e-01,2.721577825769959103e-01,2.682578410463431484e-01,2.651867066687026431e-01,2.633717726702169415e-01,2.633717726702169415e-01
0.000000000000000000e+00,-1.566832437288659119e-01,-2.610108942998640713e-01,-3.076591896566339135e-01,-3.026120856963980810e-01,-2.573284296471834987e-01,-1.846243983056368443e-01,-9.628145345514729780e-02,-1.985858098839189071e-03,9.088996768438470375e-02,1.771053557987950500e-01,2.532689407275843241e-01,3.175800655441375353e-01,3.695901929096628291e-01,4.099378989100622706e-01,4.400351929395583950e-01,4.617275291884425648e-01,4.769772399090689285e-01,4.876182119783637470e-01,4.952062359732553043e-01,5.009624000732881832e-01,5.057866782853507326e-01,5.103128227525312033e-01,5.149775926779559532e-01,5.200872330963631773e-01,5.258708007077934621e-01,5.325183284146731699e-01,5.402009509209619864e-01,5.490701975024643300e-01,5.592199400861735947e-01,5.705783363575129830e-01,5.826593849983315865e-01,5.940649682575539492e-01,6.015989228773199748e-01,5.989400235584552146e-01,5.751995678441995663e-01,5.147406544848689425e-01,4.015648017191164043e-01,2.344981945489269526e-01,5.715964746670619545e-02,0.000000000000000000e+00,0.000000000000000000e+00,0.000000000000000000e+00,0.000000000000000000e+00,0.000000000000000000e+00,0.000000000000000000e+00,0.000000000000000000e+00,0.000000000000000000e+00,0.000000000000000000e+00,0.000000000000000000e+00,0.000000000000000000e+00,0.000000000000000000e+00,0.000000000000000000e+00,0.000000000000000000e+00,0.000000000000000000e+00,0.000000000000000000e+00,0.000000000000000000e+00,0.000000000000000000e+00,0.000000000000000000e+00,0.000000000000000000e+00,-2.198178262728677224e-01,-2.066672998834252761e-01,-7.232567794826200158e-02,9.138686948392450715e-02,2.365174620471312827e-01,3.450475130285682313e-01,4.162158322034200664e-01,4.566674518315564923e-01,4.748496937480105040e-01,4.783720284943819290e-01,4.730956366269621904e-01,4.630933343880748732e-01,4.509635473856457022e-01,4.382341613563927596e-01,4.257232083305501069e-01,4.138165436602999625e-01,4.026555259275501619e-01,3.922559118550368318e-01,3.825746656063407913e-01,3.735469318604738298e-01,3.651027683650143740e-01,3.571756610064407145e-01,3.497045758826286543e-01,3.426352371953061415e-01,3.359191452297080049e-01,3.295135639646907255e-01,3.233803345546595875e-01,3.174859086709330702e-01,3.118006741955380301e-01,3.062996743535427724e-01,3.009633159254540002e-01,2.957801472438523760e-01,2.907510183296528328e-01,2.858969462768198300e-01,2.812709466749134801e-01,2.769771317087865170e-01,2.731965820808922030e-01,2.702232145480331083e-01,2.684720086172525666e-01,2.684720086172525666e-01
0.000000000000000000e+00,-1.586346560544572570e-01,-2.640795849038979348e-01,-3.109746528654840914e-01,-3.054332973839850029e-01,-2.590980383218507432e-01,-1.849599311630085174e-01,-9.494558890748738822e-02,1.143383915032212964e-03,9.584273425580201733e-02,1.838381386392874406e-01,2.616805621913675384e-01,3.275280419860224779e-01,3.809084010373428031e-01,4.224547314746742721e-01,4.535905512267705553e-01,4.761866383686294557e-01,4.922402488599673109e-01,5.036250097584401564e-01,5.119375495999552994e-01,5.184379571726813740e-01,5.240625800458487138e-01,5.294786517395044800e-01,5.351552383913308342e-01,5.414308098674353031e-01,5.485693426224160785e-01,5.567995346671704704e-01,5.663376098905751332e-01,5.773863383215405154e-01,5.900977539047189691e-01,6.044610614350937050e-01,6.200505573472503418e-01,6.355204026242778914e-01,6.477169002401146347e-01,6.503474123451904454e-01,6.324931936465111315e-01,5.781739136271568658e-01,4.698099201071507247e-01,3.013675134396806565e-01,1.048189248353238595e-01,0.000000000000000000e+00,0.000000000000000000e+00,0.000000000000000000e+00,0.000000000000000000e+00,0.000000000000000000e+00,0.000000000000000000e+00,0.000000000000000000e+00,0.000000000000000000e+00,0.000000000000000000e+00,0.000000000000000000e+00,0.000000000000000000e+00,0.000000000000000000e+00,0.000000000000000000e+00,0.000000000000000000e+00,0.000000000000000000e+00,0.000000000000000000e+00,0.000000000000000000e+00,0.000000000000000000e+00,0.000000000000000000e+00,0.000000000000000000e+00,-2.266230228968252880e-01,-2.096425716449724086e-01,-7.797581350011149881e-02,8.092725691036488367e-02,2.217535639733284325e-01,3.274407167319428047e-01,3.973162385561769261e-01,4.377941427548127096e-01,4.569837613052528114e-01,4.621438097553745017e-01,4.588319597712023357e-01,4.508887084834568015e-01,4.407589744472673599e-01,4.298821276511036737e-01,4.190380181951897098e-01,4.086046384903955220e-01,3.987342183668972084e-01,3.894602861790700254e-01,3.807608182721998746e-01,3.725902553874923528e-01,3.648967879623397081e-01,3.576288178640248949e-01,3.507387106921225906e-01,3.441828596828174769e-01,3.379223933758872533e-01,3.319221678259837716e-01,3.261510094411222971e-01,3.205808611750950998e-01,3.151872739016150504e-01,3.099493442596519821e-01,3.048513504105483385e-01,2.998848478970237430e-01,2.950535102201104487e-01,2.903803405281831784e-01,2.859197986801936264e-01,2.817759338725265295e-01,2.781276036313938271e-01,2.752616855700907861e-01,2.735796479416804927e-01,2.735796479416804927e-01
0.000000000000000000e+00,-1.605207851080493187e-01,-2.670470494972270181e-01,-3.141815761818891328e-01,-3.081604310418247228e-01,-2.608020324597318806e-01,-1.852656143727067772e-01,-9.361768187661209661e-02,4.228595246078670385e-03,1.007194012838217162e-01,1.904676198350608307e-01,2.699661183582998669e-01,3.373302422074766493e-01,3.920620178760227947e-01,4.347866080417979728e-01,4.669364024079797337e-01,4.904052036789489644e-01,5.072229989880568946e-01,5.193015367727659148e-01,5.282765240717816058e-01,5.354456719569673506e-01,5.417795454978180381e-01,5.479767535717244842e-01,5.545350239846995599e-01,5.618211510140970200e-01,5.701277281623035043e-01,5.797152024005418625e-01,5.908346064779904649e-01,6.037289645581270792e-01,6.185944779071771427e-01,6.354705011152727012e-01,6.539877646893366148e-01,6.728759162810573624e-01,6.891020025694523099e-01,6.965940761093131206e-01,6.847938584370620863e-01,6.380948242651894864e-01,5.385518658872813225e-01,3.766466952638181653e-01,1.722400746756383993e-01,1.069487379452509906e-02,0.000000000000000000e+00,0.000000000000000000e+00,0.000000000000000000e+00,0.000000000000000000e+00,0.000000000000000000e+00,0.000000000000000000e+00,0.000000000000000000e+00,0.000000000000000000e+00,0.000000000000000000e+00,0.000000000000000000e+00,0.000000000000000000e+00,0.000000000000000000e+00,0.000000000000000000e+00,0.000000000000000000e+00,0.000000000000000000e+00,0.000000000000000000e+00,0.000000000000000000e+00,0.000000000000000000e+00,-1.721876666626483143e-01,-2.558202490401409457e-01,-2.009924698599358517e-01,-6.846105210541432451e-02,8.212022655237864732e-02,2.142648686739806740e-01,3.136002113329959817e-01,3.798051470155188736e-01,4.188804158397800848e-01,4.383155630695190763e-01,4.447743671164412493e-01,4.433304321412664395e-01,4.374777185556781300e-01,4.294373938161566984e-01,4.205240259260358271e-01,4.114589082695002675e-01,4.026047676410877130e-01,3.941202976061704555e-01,3.860572789905851177e-01,3.784142165128204782e-01,3.711667944972463218e-01,3.642815269326157290e-01,3.577236222293974643e-01,3.514590213515978445e-01,3.454563610701013032e-01,3.396864681028353705e-01,3.341230578956721486e-01,3.287419308030849474e-01,3.235215319984700577e-01,3.184425192763474799e-01,3.134888412128929436e-01,3.086485678958865719e-01,3.039168636714533744e-01,2.993001019007188734e-01,2.948236244718702714e-01,2.905430520330182786e-01,2.865622983764740672e-01,2.830573194736604181e-01,2.803072428394103310e-01,2.786989509020983968e-01,2.786989509020983968e-01
0.000000000000000000e+00,-1.623425764770130564e-01,-2.699157108632284641e-01,-3.172842269492928136e-01,-3.107996864247220548e-01,-2.624485220580060618e-01,-1.855514980859702123e-01,-9.230987005745425189e-02,7.255227498403853288e-03,1.055026168277194143e-01,1.969731315482831924e-01,2.781011620694970876e-01,3.469578803390068744e-01,4.030174761730340172e-01,4.468945611978598631e-01,4.800278848332800719e-01,5.043316185249904215e-01,5.218664034154990583e-01,5.345798876024623336e-01,5.441452359882901213e-01,5.518955005997224772e-01,5.588335062547006293e-01,5.656858325814255739e-01,5.729754711881810403e-01,5.810917837566390576e-01,5.903499000188149326e-01,6.010324763488036348e-01,6.134151431178358482e-01,6.277666053408961222e-01,6.443129468244188640e-01,6.631277857184232349e-01,6.838923653012305426e-01,7.054247965904341111e-01,7.248781663356763660e-01,7.365606209570426666e-01,7.306165232232870732e-01,6.924531872241439512e-01,6.048853339006068364e-01,4.565006691574289288e-01,2.579019936348301845e-01,6.778544671965880397e-02,0.000000000000000000e+00,0.000000000000000000e+00,0.000000000000000000e+00,0.000000000000000000e+00,0.000000000000000000e+00,0.000000000000000000e+00,0.000000000000000000e+00,0.000000000000000000e+00,0.000000000000000000e+00,0.000000000000000000e+00,0.000000000000000000e+00,0.000000000000000000e+00,0.000000000000000000e+00,0.000000000000000000e+00,0.000000000000000000e+00,0.000000000000000000e+00,0.000000000000000000e+00,0.000000000000000000e+00,-2.042471621325069875e-01,-2.528423287622563742e-01,-1.802484542068061857e-01,-4.994386008332173110e-02,9.024385547650320971e-02,2.113245618374877399e-01,3.022024448888986359e-01,3.632329976098666591e-01,3.999790786281696708e-01,4.191597385235051321e-01,4.266869546898825472e-01,4.270363501010172591e-01,4.232798678653630908e-01,4.173737648917799636e-01,4.104834662784749288e-01,4.032616198163877508e-01,3.960489183856185647e-01,3.890093964551645245e-01,3.822110042196377733e-01,3.756737116006267363e-01,3.693935584288863816e-01,3.633566833002090934e-01,3.575445746661566893e-01,3.519380109413520197e-01,3.465174843990587172e-01,3.412646368868720859e-01,3.361617228612354680e-01,3.311924661359305078e-01,3.263415405430206695e-01,3.215954979501971511e-01,3.169429061039704676e-01,3.123762569506194908e-01,3.078941140666148768e-01,3.035059966669638176e-01,2.992393277884240477e-01,2.951510401805283457e-01,2.913444325400341151e-01,2.879922151244725392e-01,2.853649101563107138e-01,2.838340704874787734e-01,2.838340704874787734e-01
0.000000000000000000e+00,-1.641008454338528100e-01,-2.726875681004822805e-01,-3.202859757717078648e-01,-3.133558098825844906e-01,-2.640435908991031200e-01,-1.858250155392541791e-01,-9.103116067219055307e-02,1.021239263550329131e-02,1.101791016272720414e-01,2.033385540693024573e-01,2.860661422229238693e-01,3.563875785493412218e-01,4.137470126884882360e-01,4.587461506671645095e-01,4.928272903859488574e-01,5.179226112883046351e-01,5.361208064553292241e-01,5.494035447240539494e-01,5.594790314184117097e-01,5.677138409216897497e-01,5.751399911257446540e-01,5.825092873736055221e-01,5.903650936226183532e-01,5.991145025500729249e-01,6.090871335112116869e-01,6.205795842139231189e-01,6.338794056412010436e-01,6.492682045553082038e-01,6.669846828775839453e-01,6.871229225973852772e-01,7.094035129826762320e-01,7.327431909534857235e-01,7.545250204862304910e-01,7.695589568611697073e-01,7.689356404372553744e-01,7.395408179383566871e-01,6.657609566414965929e-01,5.357711170639551934e-01,3.533096927898784489e-01,1.532939372174446369e-01,1.146649047174972541e-02,0.000000000000000000e+00,0.000000000000000000e+00,0.000000000000000000e+00,0.000000000000000000e+00,0.000000000000000000e+00,0.000000000000000000e+00,0.000000000000000000e+00,0.000000000000000000e+00,0.000000000000000000e+00,0.000000000000000000e+00,0.000000000000000000e+00,0.000000000000000000e+00,0.000000000000000000e+00,0.000000000000000000e+00,0.000000000000000000e+00,0.000000000000000000e+00,-1.699717843928820471e-01,-2.532200091296262778e-01,-2.410902479934279863e-01,-1.514186878433554373e-01,-2.546866512973402358e-02,1.023430576964090288e-01,2.107751807306148806e-01,2.920327114191614837e-01,3.471316640833675415e-01,3.811084847400766917e-01,3.998022906192506554e-01,4.082875885551272566e-01,4.103836948590499634e-01,4.087102383073653034e-01,4.049409407617433621e-01,4.000859725662606614e-01,3.947242059643206735e-01,3.891736683528989049e-01,3.836010516938450632e-01,3.780907157405047903e-01,3.726821276709008091e-01,3.673922339644666302e-01,3.622253700536359200e-01,3.571800569246533774e-01,3.522508896152433122e-01,3.474310392584115670e-01,3.427122116866087032e-01,3.380859957554961936e-01,3.335434659662238621e-01,3.290762404189551682e-01,3.246763195991269613e-01,3.203375020417840169e-01,3.160563486765059493e-01,3.118353047146626422e-01,3.076867221873548219e-01,3.036403888139269647e-01,2.997541555044623829e-01,2.961306354041569056e-01,2.929386416080394517e-01,2.904395826577637618e-01,2.889889527864425434e-01,2.889889527864425434e-01
0.000000000000000000e+00,-1.657962793464092532e-01,-2.753641283508168058e-01,-3.231891951999878998e-01,-3.158319744596423395e-01,-2.655911104773313602e-01,-1.860908220983096550e-01,-8.978716452337383302e-02,1.309307307382720498e-02,1.147400145654952630e-01,2.095525940377300222e-01,2.938469046463653700e-01,3.656017349946060757e-01,4.242293507376085349e-01,4.703159439861994140e-01,5.053049897108852218e-01,5.311438716664654835e-01,5.499472406439034344e-01,5.637282083621335538e-01,5.742282477600160195e-01,5.828446622856308101e-01,5.906364999731888998e-01,5.983767810394446940e-01,6.066256584231672910e-01,6.158015451293789022e-01,6.262424164444447827e-01,6.382487049949936431e-01,6.521100676207312041e-01,6.681062845501112291e-01,6.864755891310985181e-01,7.073161635049851625e-01,7.303803956395299446e-01,7.546836188090114694e-01,7.778690798529483974e-01,7.953136037936611169e-01,7.991902432194526451e-01,7.780924516745091335e-01,7.184269778903208392e-01,6.090837220635713090e-01,4.497996131571260214e-01,2.606542590112901348e-01,8.815528330994679140e-02,-1.534603073887806646e-02,0.000000000000000000e+00,0.000000000000000000e+00,0.000000000000000000e+00,0.000000000000000000e+00,0.000000000000000000e+00,0.000000000000000000e+00,0.000000000000000000e+00,0.000000000000000000e+00,0.000000000000000000e+00,0.000000000000000000e+00,0.000000000000000000e+00,0.000000000000000000e+00,0.000000000000000000e+00,0.000000000000000000e+00,-1.525870754701967869e-01,-2.240970911948069744e-01,-2.499623120206581894e-01,-2.075798968295545499e-01,-1.136727936893235369e-01,2.504892954556270281e-03,1.157538758380505239e-01,2.107023176607330239e-01,2.820451966028587609e-01,3.311336245005677692e-01,3.623342331472467759e-01,3.805447342529322263e-01,3.899777839351245001e-01,3.937954676493506390e-01,3.941696204172159268e-01,3.925004497024595085e-01,3.896469767560498676e-01,3.861188192178365286e-01,3.822107714686521773e-01,3.780930858036981035e-01,3.738640967658850567e-01,3.695827294080409886e-01,3.652844753358045482e-01,3.609919795066193760e-01,3.567189957950539503e-01,3.524743224696367805e-01,3.482625024119805346e-01,3.440858423261042298e-01,3.399443042911766133e-01,3.358368876400458225e-01,3.317614334184475489e-01,3.277159344266190044e-01,3.236988712224521114e-01,3.197113444115852743e-01,3.157592486098416140e-01,3.118581136980552171e-01,3.080396892383945318e-01,3.043628542334428921e-01,3.009290130765647220e-01,2.979028198887691548e-01,2.955359001891436077e-01,2.941673216600751428e-01,2.941673216600751428e-01
0.000000000000000000e+00,-1.674293713539476425e-01,-2.779463402000646455e-01,-3.259951815490260141e-01,-3.182296448044766302e-01,-2.670926514703442223e-01,-1.863505973978123176e-01,-8.857999415409670285e-02,1.589438872193622149e-02,1.191810785417561497e-01,2.156091436288131158e-01,3.014348534733782281e-01,3.745890047378695464e-01,4.344499004155917277e-01,4.815861491694517493e-01,5.174396634434311748e-01,5.439708663884539330e-01,5.633176715715184635e-01,5.775228295950201041e-01,5.883584417382219378e-01,5.972507824573414226e-01,6.052826453443961308e-01,6.132457349292290694e-01,6.217120556561809286e-01,6.311071010115036906e-01,6.417695484559838848e-01,6.539968086519475365e-01,6.680693247900294507e-01,6.842552255756996216e-01,7.027777517580608979e-01,7.237292863857153202e-01,7.468824616363781699e-01,7.713526348377934827e-01,7.950492839621735586e-01,8.139421311584853491e-01,8.213096788194513831e-01,8.074930773265031059e-01,7.610166672907116014e-01,6.720679352536474971e-01,5.383543299746588184e-01,3.710816391081848131e-01,1.981118864556149495e-01,5.486492592074465602e-02,-2.539868319844928307e-02,0.000000000000000000e+00,0.000000000000000000e+00,0.000000000000000000e+00,0.000000000000000000e+00,0.000000000000000000e+00,0.000000000000000000e+00,0.000000000000000000e+00,0.000000000000000000e+00,0.000000000000000000e+00,0.000000000000000000e+00,0.000000000000000000e+00,0.000000000000000000e+00,-1.409860823262613916e-01,-2.123595214495744010e-01,-2.460136941299881641e-01,-2.329056395335540042e-01,-1.714769223799738063e-01,-7.750184683365315963e-02,2.788165397132023535e-02,1.269520755920419408e-01,2.092116345437841085e-01,2.713965884493196312e-01,3.150394548345793466e-01,3.438194063298964376e-01,3.617264478356527757e-01,3.721627463103761024e-01,3.776791460611579332e-01,3.800386645205225955e-01,3.803921807603147243e-01,3.794645459995386050e-01,3.777023792002591751e-01,3.753815384034356328e-01,3.726744429308259110e-01,3.696934643974935097e-01,3.665139692546894312e-01,3.631894973087971823e-01,3.597583655545809611e-01,3.562494029913216842e-01,3.526836415250960699e-01,3.490771715805146003e-01,3.454414632734659762e-01,3.417852097728207306e-01,3.381142737255496966e-01,3.344331422662898956e-01,3.307450061246137163e-01,3.270534432940603864e-01,3.233634916027436912e-01,3.196848469855674835e-01,3.160357318651532688e-01,3.124500668840573536e-01,3.089872752379164145e-01,3.057474945434320857e-01,3.028906271217954305e-01,3.006582317814796568e-01,2.993725812926612551e-01,2.993725812926612551e-01
0.000000000000000000e+00,-1.690004252410664820e-01,-2.804345531987421092e-01,-3.287040678962953599e-01,-3.205485336290065379e-01,-2.685473369427928136e-01,-1.866030166482604002e-01,-8.740806973370922328e-02,1.861761193966370020e-02,1.235028315904384971e-01,2.215072866847693778e-01,3.088272775886594101e-01,3.833442915863650713e-01,4.444011740529289489e-01,4.925465654095971257e-01,5.292188072511053720e-01,5.563886927229387824e-01,5.762155727677907846e-01,5.907692696971593715e-01,6.018509758179872993e-01,6.109131611836400300e-01,6.190606010122438052e-01,6.270999234790686216e-01,6.356122409690047048e-01,6.450245136981050953e-01,6.556717003424534784e-01,6.678399593000211576e-01,6.817940260215705761e-01,6.977793431252458101e-01,7.159965238168207735e-01,7.365203401932427507e-01,7.591390395449540973e-01,7.830596046406576027e-01,8.064565632888074376e-01,8.258717206618042539e-01,8.356448129130780167e-01,8.277546274420627404e-01,7.927375749597113108e-01,7.222574999143556163e-01,6.132383612758424141e-01,4.717422878371574368e-01,3.145360542420058692e-01,1.642442026790140175e-01,4.371617600211107069e-02,-2.350726667362086283e-02,0.000000000000000000e+00,0.000000000000000000e+00,0.000000000000000000e+00,0.000000000000000000e+00,0.000000000000000000e+00,0.000000000000000000e+00,0.000000000000000000e+00,0.000000000000000000e+00,0.000000000000000000e+00,0.000000000000000000e+00,-1.273438948521766478e-01,-1.989192086911286128e-01,-2.405028517937047028e-01,-2.417871812355860406e-01,-2.045609835438571555e-01,-1.344442344387909438e-01,-4.490941064970504354e-02,4.887200986167907629e-02,1.347135052121004595e-01,2.056853128614352100e-01,2.599474364641410906e-01,2.990201128410073794e-01,3.259011187381988250e-01,3.437528872729863072e-01,3.552552908520453800e-01,3.624250926823168739e-01,3.666700064246612434e-01,3.689287687120451631e-01,3.698109225209529338e-01,3.697116096901609250e-01,3.688897979373020330e-01,3.675215561011602183e-01,3.657303128662119929e-01,3.636070454111066663e-01,3.612199551994325075e-01,3.586222990665921539e-01,3.558552891663747109e-01,3.529519236613726796e-01,3.499378529766249413e-01,3.468337809634932656e-01,3.436556703384062716e-01,3.404164968596176677e-01,3.371263076594336328e-01,3.337938107928604681e-01,3.304268672732613155e-01,3.270347681946617624e-01,3.236303884009698040e-01,3.202348879384073754e-01,3.168838362620123306e-01,3.136372766647445576e-01,3.105935425207336786e-01,3.079076236021139334e-01,3.058105532946789329e-01,3.046078139673210616e-01,3.046078139673210616e-01
0.000000000000000000e+00,-1.705094992103913243e-01,-2.828284588944132150e-01,-3.313147967122029303e-01,-3.227864930498236529e-01,-2.699518548996711620e-01,-1.868436070180746755e-01,-8.626617540873510181e-02,2.126834262285190111e-02,1.277105257848904496e-01,2.272515131605954419e-01,3.160271955738668259e-01,3.918690069784697139e-01,4.540825450020356535e-01,5.031948741597730423e-01,5.406383351505222867e-01,5.683923587443612258e-01,5.886352508549765883e-01,6.034624756050938066e-01,6.147018574189317963e-01,6.238307800370054279e-01,6.319730886787332524e-01,6.399486664760611898e-01,6.483436842230460018e-01,6.575839717893243730e-01,6.679949896085674022e-01,6.798478220724518684e-01,6.933837357388067391e-01,7.088208116535809067e-01,7.263280023582020517e-01,7.459586849403705422e-01,7.675077657798142772e-01,7.902700662303426826e-01,8.126649820412898961e-01,8.317691629607961712e-01,8.428799901390274796e-01,8.394400503827447180e-01,8.137616247901131583e-01,7.589474343805626688e-01,6.718057541484127038e-01,5.555048136566141936e-01,4.204098844185067407e-01,2.812946222583626588e-01,1.533547632817571782e-01,5.117751497572497338e-02,-1.444903462207287707e-02,-4.648033702672368928e-02,0.000000000000000000e+00,0.000000000000000000e+00,0.000000000000000000e+00,0.000000000000000000e+00,0.000000000000000000e+00,0.000000000000000000e+00,-8.986423989865222062e-02,-1.299119361843224796e-01,-1.843746181847889520e-01,-2.280832472621205642e-01,-2.415162549702734585e-01,-2.211927905186330812e-01,-1.715291443341908917e-01,-1.000879652901119493e-01,-1.774420080222852136e-02,6.465735267553619769e-02,1.388254148074807293e-01,2.002717080830622998e-01,2.480469110382748921e-01,2.835147885145661850e-01,3.090396182114752976e-01,3.270645872502271900e-01,3.396591907336586336e-01,3.483927796332538795e-01,3.543808702929477361e-01,3.583869059224078502e-01,3.609280443489055190e-01,3.623563862321833584e-01,3.629187593452945504e-01,3.627930432830142049e-01,3.621131216364388283e-01,3.609817255035973615e-01,3.594804961262677567e-01,3.576742300067243252e-01,3.556157710861639898e-01,3.533475012906817647e-01,3.509043570996884798e-01,3.483143671055650703e-01,3.456007924348248328e-01,3.427823049136971556e-01,3.398746979496766740e-01,3.368911367959840919e-01,3.338440114637388212e-01,3.307460675072848577e-01,3.276135929967359250e-01,3.244700648144558386e-01,3.213528462497806104e-01,3.183220583402709969e-01,3.154742003533896888e-01,3.129588449773511583e-01,3.109964499407475991e-01,3.098756903510002103e-01,3.098756903510002103e-01
0.000000000000000000e+00,-1.719564137481821853e-01,-2.851270772683596744e-01,-3.338250466889928214e-01,-3.249395409106753951e-01,-2.713003469040270454e-01,-1.870648386457064716e-01,-8.514533142033046953e-02,2.385634420795376340e-02,1.318142679486083158e-01,2.328514707457115529e-01,3.230435081222871596e-01,4.001707062410925220e-01,4.635003961130536032e-01,5.135360926200840392e-01,5.517026768103518997e-01,5.799859313536611660e-01,6.005817919274827332e-01,6.156091165000553422e-01,6.269213452185724567e-01,6.360184222548598276e-01,6.440422887321818335e-01,6.518231509669328849e-01,6.599509076274479025e-01,6.688462874488465548e-01,6.788233517354602675e-01,6.901329046828170721e-01,7.029905024392963941e-01,7.175807619718259645e-01,7.340393466450679805e-01,7.523918942143545951e-01,7.724386662114300917e-01,7.935499646287962339e-01,8.143710407135120732e-01,8.324511314012275065e-01,8.439281634614176353e-01,8.434885079383811490e-01,8.249486404280517160e-01,7.826639991632899918e-01,7.136204154518518417e-01,6.192895366522663814e-01,5.062066599796363198e-01,3.843518655211209945e-01,2.645678257453877302e-01,1.573383432079380195e-01,7.199147666008093305e-02,5.511656365905072928e-03,-2.814708821511262976e-02,-4.762729310763737234e-02,-5.867715270592863130e-02,-6.555792312069941286e-02,-7.360693044171695565e-02,-9.185401593244796326e-02,-1.333940596621286667e-01,-1.704854977898516977e-01,-2.106863630379163521e-01,-2.312129309428188617e-01,-2.249359427644303799e-01,-1.921334952760099246e-01,-1.380796188168299798e-01,-6.992333852434105823e-02,3.956618654245972790e-03,7.584308611182481730e-02,1.400858886886954535e-01,1.937648026138382162e-01,2.364101061094237566e-01,2.691409098423870883e-01,2.937565924687011720e-01,3.121012013400384921e-01,3.257450315481608127e-01,3.358986063517270804e-01,3.434426320495567175e-01,3.490027282449534307e-01,3.530212435428825013e-01,3.558172726637385819e-01,3.576261682054061031e-01,3.586280524217899668e-01,3.589634042637586675e-01,3.587452145767016098e-01,3.580645626629322953e-01,3.569965677925321934e-01,3.556025263157693295e-01,3.539335553083635677e-01,3.520314947551669849e-01,3.499314705729593689e-01,3.476622668439547370e-01,3.452482741653396525e-01,3.427097015358515075e-01,3.400643204055404656e-01,3.373280477431001567e-01,3.345172743866322573e-01,3.316509411810887875e-01,3.287550048242029455e-01,3.258680191116228309e-01,3.230502409384881091e-01,3.203958162672494447e-01,3.180488560709715529e-01,3.162190052041993216e-01,3.151784822038176670e-01,3.151784822038176670e-01
0.000000000000000000e+00,-1.733407053263468778e-01,-2.873287041389964713e-01,-3.362312488071470540e-01,-3.270017716184810408e-01,-2.725845044216704260e-01,-1.872560222353941428e-01,-8.403298245698186120e-02,2.639564355979378760e-02,1.358287248085670584e-01,2.383220532435899597e-01,3.298905679774901123e-01,4.082631488497488470e-01,4.726674954585721178e-01,5.235825636289813678e-01,5.624238503489210617e-01,5.911823668238267437e-01,6.120696478864420254e-01,6.272270892311774260e-01,6.385317493221089880e-01,6.475055563806595416e-01,6.553063589405564437e-01,6.627741622056692039e-01,6.704998823904571026e-01,6.788985225693566772e-01,6.882693671673891789e-01,6.988423974816111439e-01,7.108036560808858040e-01,7.243045112443181610e-01,7.394436373431740872e-01,7.562201849927290276e-01,7.744338365590626161e-01,7.935244261712962599e-01,8.123325497381274074e-01,8.288208569414551308e-01,8.398346455046775683e-01,8.410957968879864133e-01,8.276413991229063516e-01,7.948666567428489538e-01,7.400057538668129986e-01,6.634718710771981831e-01,5.692900912532045110e-01,4.641785160972297652e-01,3.558610743611251848e-01,2.520164184930673845e-01,1.598914356151784344e-01,8.241453109738483551e-02,2.796954260588402699e-02,-1.364364597081132828e-02,-4.529655677134603042e-02,-7.084249105541612357e-02,-9.531776981844880536e-02,-1.244657936708956636e-01,-1.643545356236055244e-01,-1.948626235227313430e-01,-2.158941773524159502e-01,-2.181731726358479839e-01,-1.991360851518263475e-01,-1.604734486860716902e-01,-1.069081426239334026e-01,-4.430820300201698120e-02,2.106770120953330508e-02,8.372658440697086646e-02,1.397704553926201188e-01,1.872435951365742368e-01,2.258907029227852636e-01,2.565544080372439972e-01,2.805559062229036615e-01,2.992543670694432500e-01,3.138265939849434472e-01,3.252003372780252755e-01,3.340744686196827629e-01,3.409652750422824119e-01,3.462573442673624324e-01,3.502412991829974009e-01,3.531434173840682367e-01,3.551428105952892378e-01,3.563851293321612657e-01,3.569892245393790353e-01,3.570540204679388818e-01,3.566612344880391583e-01,3.558795988759416162e-01,3.547661136009930272e-01,3.533690230825176082e-01,3.517284068569818678e-01,3.498784118184328773e-01,3.478475328036113035e-01,3.456604275897344203e-01,3.433382528694630675e-01,3.409005782571314369e-01,3.383665150114071873e-01,3.357578028690054173e-01,3.331021709839241396e-01,3.304394649845426857e-01,3.278295140803532681e-01,3.253641266144640110e-01,3.231815597463867928e-01,3.214808235586945062e-01,3.205179844639735043e-01,3.205179844639735043e-01
0.000000000000000000e+00,-1.746616360053686590e-01,-2.894309188459542881e-01,-3.385285200311227150e-01,-3.289654347345667418e-01,-2.737934769124619749e-01,-1.874034892349901726e-01,-8.291291207547994702e-02,2.890423001135601286e-02,1.397731832549639341e-01,2.436829512176297563e-01,3.365881955769670641e-01,4.161656505027123143e-01,4.816029317364767248e-01,5.333530192702706785e-01,5.728212458883084057e-01,6.020021339503532909e-01,6.231221349056812464e-01,6.383434553793089217e-01,6.495664111531281870e-01,6.583331951966031603e-01,6.658174954245150712e-01,6.728672319769793964e-01,6.800744887527258031e-01,6.878463958005593959e-01,6.964679771442814360e-01,7.061461783622309252e-01,7.170389485340628033e-01,7.292626332301734848e-01,7.428818018070098006e-01,7.578671838835778773e-01,7.740190371984130291e-01,7.908344764519469328e-01,8.073259225470608147e-01,8.218027846266791059e-01,8.317015416294218921e-01,8.335818858692247701e-01,8.234632389207210412e-01,7.975738670537422248e-01,7.534133607126869414e-01,6.907138608341758523e-01,6.118113951620474111e-01,5.211360179376479662e-01,4.241482033818433361e-01,3.265092404385449565e-01,2.336724506047521965e-01,1.492135060551102732e-01,7.808585678690149745e-02,1.812683473544650023e-02,-3.136193471336375799e-02,-7.239186294816028766e-02,-1.079541172185460030e-01,-1.407724301178830406e-01,-1.720150262802835062e-01,-1.926400037547833233e-01,-2.010823133039031374e-01,-1.930373881159495042e-01,-1.681464180122974883e-01,-1.286067210680752748e-01,-7.842819115998139745e-02,-2.226974752000911162e-02,3.518802355296902357e-02,8.997227625746144486e-02,1.393130554013451428e-01,1.818244849165036592e-01,2.173084094592998561e-01,2.463430717071076748e-01,2.698579605602005049e-01,2.888333271529832103e-01,3.041397721457664294e-01,3.164885966699675923e-01,3.264363834911671591e-01,3.344151542338657523e-01,3.407612363520879373e-01,3.457420652424736396e-01,3.495728716021715421e-01,3.524308440308763779e-01,3.544622994846195474e-01,3.557901447397243677e-01,3.565169906198831229e-01,3.567298212167046567e-01,3.565015240541211106e-01,3.558942234908436530e-01,3.549600701374787115e-01,3.537437514002947370e-01,3.522828805650372042e-01,3.506099657906062150e-01,3.487526697435263112e-01,3.467355830882043466e-01,3.445808278263017277e-01,3.423103444135551787e-01,3.399478345981462035e-01,3.375229087600865041e-01,3.350760641848065657e-01,3.326667632239443950e-01,3.303840068747173619e-01,3.283602788261995586e-01,3.267839353754155018e-01,3.258955431525984991e-01,3.258955431525984991e-01
0.000000000000000000e+00,-1.759181548378355997e-01,-2.914305329528849020e-01,-3.407107081388325853e-01,-3.308208498925905849e-01,-2.749140216538342729e-01,-1.874905041359840874e-01,-8.176551781628763060e-02,3.140411585415883028e-02,1.436711209654653043e-01,2.489586589940179506e-01,3.431610505471213712e-01,4.239030039874688849e-01,4.903312136396424936e-01,5.428723604124648938e-01,5.829203331285982559e-01,6.124727525329306532e-01,6.337695575478659027e-01,6.489935648399836055e-01,6.600669443009727910e-01,6.685523130834661876e-01,6.756378248176467816e-01,6.821798725116646755e-01,6.887703370556501614e-01,6.958095682537787097e-01,7.035671261423517286e-01,7.122289767611742484e-01,7.219243973959154070e-01,7.327383591607615765e-01,7.447015443295890158e-01,7.577606364638909131e-01,7.717133795115543871e-01,7.861088303259975429e-01,8.001026379959575996e-01,8.122969820821791531e-01,8.206096595300513830e-01,8.222791177827317721e-01,8.141045867109678591e-01,7.929897740330702494e-01,7.566943121380992343e-01,7.045388977958680909e-01,6.377232185186944013e-01,5.590833786071639500e-01,4.724435505806853786e-01,3.820309835983650704e-01,2.921068892673404083e-01,2.062186877843245336e-01,1.281259833870156961e-01,5.863992584787336426e-02,-1.317866031873841026e-03,-5.191078482485402684e-02,-9.412019888548836533e-02,-1.288221834741015426e-01,-1.559275759078180557e-01,-1.710960053347899967e-01,-1.732214890840654276e-01,-1.608490693605588440e-01,-1.347812965276339037e-01,-9.735698380542098795e-02,-5.195881211620757834e-02,-2.293781597095893507e-03,4.807731740203754350e-02,9.619666150561735629e-02,1.400114899825313508e-01,1.784589428790972487e-01,2.113225722671986662e-01,2.389480172197992192e-01,2.619580602371605060e-01,2.810401984179913271e-01,2.968329929063286965e-01,3.098800872870553502e-01,3.206288949681039280e-01,3.294422920076506278e-01,3.366173025557555598e-01,3.423981609723666941e-01,3.469891617794537697e-01,3.505613306743700086e-01,3.532598789737542155e-01,3.552073533802649896e-01,3.565085121252459244e-01,3.572519820211464414e-01,3.575138349047428665e-01,3.573585096338283140e-01,3.568415509621659099e-01,3.560100971333688413e-01,3.549050184894481097e-01,3.535611791174074758e-01,3.520092167619683354e-01,3.502758816618217752e-01,3.483859110158706862e-01,3.463630982894107535e-01,3.442332021353948224e-01,3.420269729456630881e-01,3.397856424159125810e-01,3.375677586752098835e-01,3.354595919240911939e-01,3.335875886181788319e-01,3.321298396777046524e-01,3.313119915502448776e-01,3.313119915502448776e-01
0.000000000000000000e+00,-1.771089063289820187e-01,-2.933236093864762806e-01,-3.427703198325480760e-01,-3.325565111440675348e-01,-2.759304058183056907e-01,-1.874974896902663335e-01,-8.056773047501999963e-02,3.392095859417718073e-02,1.475502338882959952e-01,2.541779011508964459e-01,3.496385705865027171e-01,4.315046480796670969e-01,4.988820753186647972e-01,5.521704753746864425e-01,5.927522621204365239e-01,6.226271184754488264e-01,6.440484831451118719e-01,6.592186665177637295e-01,6.700819796890208346e-01,6.782204080326744711e-01,6.848372955802278783e-01,6.907965915497985554e-01,6.966913042214996077e-01,7.029143838777310860e-01,7.097222068979370802e-01,7.172798245563751784e-01,7.256916485235835879e-01,7.350124640175080826e-01,7.452445000052987378e-01,7.563113953862181660e-01,7.680111613421142236e-01,7.799353101172343816e-01,7.913627343240453582e-01,8.011353549107329552e-01,8.075655658524747427e-01,8.084348544708036544e-01,8.011697428015662759e-01,7.832241989897931189e-01,7.526191947611680089e-01,7.084584655848824575e-01,6.512078066029489687e-01,5.826128529093301811e-01,5.053303573350045319e-01,4.225403995537134749e-01,3.376456588688653837e-01,2.538889718360563541e-01,1.745271885880402551e-01,1.016275088445189462e-01,3.703725508321856208e-02,-1.818795803330015143e-02,-6.368337062367941670e-02,-9.925648380781100510e-02,-1.244243737404185229e-01,-1.372158191836306551e-01,-1.372200923631905767e-01,-1.243702668030037262e-01,-9.997712113788179145e-02,-6.630975668622568486e-02,-2.624046244424698207e-02,1.723245241538354233e-02,6.131789437644171586e-02,1.037290337534384072e-01,1.428597689128100479e-01,1.778276990635667687e-01,2.083647376835777165e-01,2.346289324468607274e-01,2.570060367786599076e-01,2.759639737863779363e-01,2.919632648883530024e-01,3.054199002274153307e-01,3.166929435834993645e-01,3.260893463481857601e-01,3.338694185975343287e-01,3.402558986929647422e-01,3.454386173670996318e-01,3.495810251278892444e-01,3.528228012151774506e-01,3.552845551259828927e-01,3.570693606862007097e-01,3.582663929635777067e-01,3.589518637325538331e-01,3.591918947694532904e-01,3.590430519163013146e-01,3.585546199875218609e-01,3.577688808046065594e-01,3.567229563604779052e-01,3.554490243627382307e-01,3.539760132656080138e-01,3.523301634124749171e-01,3.505371941637127620e-01,3.486240691207756481e-01,3.466227640806658905e-01,3.445746115696624590e-01,3.425373291236323836e-01,3.405940617250937663e-01,3.388654249107004302e-01,3.375194272447650246e-01,3.367676920099436089e-01,3.367676920099436089e-01
0.000000000000000000e+00,-1.782321955170512451e-01,-2.951054041367952019e-01,-3.446985738842414659e-01,-3.341589839413865448e-01,-2.768245699695950912e-01,-1.874019178804544883e-01,-7.929331824543126017e-02,3.648412966319281719e-02,1.514419463809609234e-01,2.593736164903404084e-01,3.560542377742315079e-01,4.390045233724225171e-01,5.072894239602511179e-01,5.612819152964825253e-01,6.023523872534459755e-01,6.325029186945796411e-01,6.539996864159878243e-01,6.690649305357156962e-01,6.796642989539113389e-01,6.873999199744524891e-01,6.934896642551333645e-01,6.988063888481311769e-01,7.039439040435544470e-01,7.092899963854319978e-01,7.150881973281463244e-01,7.214862436872158113e-01,7.285651551730072395e-01,7.363549184874145226e-01,7.448317868522117413e-01,7.539020937514948617e-01,7.633632770046848703e-01,7.728458041982164684e-01,7.817300511484099879e-01,7.890574504467591233e-01,7.934585735078100166e-01,7.931539359352138829e-01,7.860743549235726935e-01,7.701334991594547263e-01,7.436107143330227265e-01,7.055352785286064243e-01,6.559271650132091347e-01,5.958083390629463905e-01,5.270160702852424439e-01,4.519588730730585979e-01,3.733974061335478267e-01,2.942082311258445992e-01,2.173319985802044385e-01,1.452438951743119377e-01,8.019104487992551045e-02,2.385741997614498552e-02,-2.264395490705029684e-02,-5.855261404616710769e-02,-8.324220461188965026e-02,-9.579135230937847745e-02,-9.622501386216483765e-02,-8.511141914332844005e-02,-6.392442149654196937e-02,-3.477078165331698445e-02,-1.054068401898449977e-04,3.759208705571133458e-02,7.606458995524706390e-02,1.134655024575037391e-01,1.484721419288248800e-01,1.802986895465288064e-01,2.086236860228113665e-01,2.334575214280834587e-01,2.550104049278752449e-01,2.735836111582006236e-01,2.895038473039455718e-01,3.030852809067761666e-01,3.146164045598935366e-01,3.243540141301081703e-01,3.325256276536244782e-01,3.393302000051527934e-01,3.449424677771174563e-01,3.495141967381886206e-01,3.531781614871579711e-01,3.560491877061333632e-01,3.582275848270648488e-01,3.597999138410343800e-01,3.608418546340687039e-01,3.614186942026993976e-01,3.615876652179731976e-01,3.613982090021951032e-01,3.608938770982598743e-01,3.601124800241533586e-01,3.590877220576335627e-01,3.578494768394440140e-01,3.564255415298349661e-01,3.548426023998292878e-01,3.531289080819286497e-01,3.513169338503716044e-01,3.494482014917357771e-01,3.475790993546129526e-01,3.457897948512725916e-01,3.441949433704892258e-01,3.429530411257067923e-01,3.422624867593396236e-01,3.422624867593396236e-01
0.000000000000000000e+00,-1.792859910190423567e-01,-2.967703837309755288e-01,-3.464853067911409235e-01,-3.356130021477345404e-01,-2.775759917652055875e-01,-1.871785273222315582e-01,-7.791276529999510703e-02,3.912632939669739157e-02,1.553814614605557309e-01,2.645823455040240968e-01,3.624455068930852453e-01,4.464401644171130390e-01,5.155911007530495915e-01,5.702446116554200639e-01,6.117598094583728274e-01,6.421408684485252483e-01,6.636673949962677010e-01,6.785810531244452770e-01,6.888696571023166237e-01,6.961549860465584549e-01,7.016707049911728999e-01,7.062983693663114071e-01,7.106346253417599179e-01,7.150624798882707633e-01,7.198158242374393945e-01,7.250264772418199000e-01,7.307569038908808823e-01,7.370149861195658403e-01,7.437572373414815807e-01,7.508751660474703993e-01,7.581691220719681823e-01,7.653022382136605017e-01,7.717418757045231281e-01,7.766916756212424167e-01,7.790415898155935714e-01,7.773645388379640808e-01,7.700019073880054465e-01,7.552532556433224631e-01,7.316505879853705263e-01,6.982447359427478295e-01,6.548090657847178697e-01,6.019022130818632021e-01,5.407885113088289897e-01,4.733013173000606977e-01,4.016843956496178314e-01,3.284362000695941752e-01,2.561898473477894345e-01,1.874381409991851544e-01,1.245059352223192306e-01,6.932790954292575303e-02,2.336631298971396375e-02,-1.233072270728880794e-02,-3.706719907189481161e-02,-5.035371243086583098e-02,-5.241873157968432451e-02,-4.405207684292152676e-02,-2.669879784772942466e-02,-2.245450514341934458e-03,2.720258964482438063e-02,5.956458014190618711e-02,9.296069497997128117e-02,1.258475055058514980e-01,1.570849360198370293e-01,1.859465550014113011e-01,2.120636494193305355e-01,2.353397740991996778e-01,2.558538895094825683e-01,2.737847316009601739e-01,2.893542274776448320e-01,3.027967964551461222e-01,3.143396922813887495e-01,3.241963137503953152e-01,3.325609343599822409e-01,3.396093946108879047e-01,3.454979586511417455e-01,3.503658628243598860e-01,3.543353726863310849e-01,3.575146578589926127e-01,3.599981429820891532e-01,3.618691789850835283e-01,3.632003525338532435e-01,3.640557810019879881e-01,3.644912933699251401e-01,3.645563427209857488e-01,3.642940872867916902e-01,3.637430039105970514e-01,3.629369951169509334e-01,3.619069263093153688e-01,3.606811002788111176e-01,3.592872476546102312e-01,3.577540884118550757e-01,3.561146870715951596e-01,3.544101650181661345e-01,3.526957037151655094e-01,3.510481915859737789e-01,3.495766488350768864e-01,3.484304178567246835e-01,3.477957510374001249e-01,3.477957510374001249e-01
0.000000000000000000e+00,-1.802678882170513919e-01,-2.983121488184507508e-01,-3.481190092254098367e-01,-3.369013198148638755e-01,-2.781618167865382851e-01,-1.867991506829513870e-01,-7.639354085895255775e-02,4.188371646692358452e-02,1.594072881221571536e-01,2.698442508713870813e-01,3.688530579949503285e-01,4.538525598054283239e-01,5.238277903263732771e-01,5.790995378310683783e-01,6.210158708779552894e-01,6.515841346211922458e-01,6.730972773679970711e-01,6.878173790788947306e-01,6.977541347268730876e-01,7.045501628194980048e-01,7.094547553941370488e-01,7.133599316030715398e-01,7.168654755794175992e-01,7.203523443884948252e-01,7.240459374422320016e-01,7.280662637867217901e-01,7.324596012545152579e-01,7.372174045067820813e-01,7.422797223117326704e-01,7.475289435203541499e-01,7.527687796716008295e-01,7.576931318225796907e-01,7.618413187894819139e-01,7.645513764987714733e-01,7.649220327048893431e-01,7.618112313890389453e-01,7.538938093725041645e-01,7.397950154804294742e-01,7.182863273525058601e-01,6.884982396847856290e-01,6.500914974373886990e-01,6.033370801196499267e-01,5.491052193626468902e-01,4.887907382944852164e-01,4.242138785976540816e-01,3.575004556762562125e-01,2.909681107788948395e-01,2.269391106081287690e-01,1.676430974151940922e-01,1.150344854862683508e-01,7.068971279531874319e-02,3.576807062254599989e-02,1.100381476210385637e-02,-3.271262747656181798e-03,-7.329585172871433754e-03,-1.976014888921324465e-03,1.147984619489913691e-02,3.138978582804479583e-02,5.595771928420735508e-02,8.341822513911947845e-02,1.121793168200873186e-01,1.409148117525202137e-01,1.686179579426085873e-01,1.946026137572411385e-01,2.184707078387772561e-01,2.400485676959593639e-01,2.593226216135950390e-01,2.763781939128825416e-01,2.913576014814576176e-01,3.044283127341894657e-01,3.157663790928076364e-01,3.255437617320361410e-01,3.339240309272899498e-01,3.410577521329663520e-01,3.470827995243951913e-01,3.521228384188668237e-01,3.562892108862562024e-01,3.596805565909460545e-01,3.623850499591100283e-01,3.644803585318941441e-01,3.660357558987368809e-01,3.671121241541421276e-01,3.677637992728160499e-01,3.680385449152176469e-01,3.679791301784766655e-01,3.676233110067010923e-01,3.670052484699691808e-01,3.661556803345785149e-01,3.651035011175370881e-01,3.638765988414308095e-01,3.625042597919063136e-01,3.610194672300314211e-01,3.594630554515633736e-01,3.578885736453030209e-01,3.563698533905838017e-01,3.550102814772598814e-01,3.539507618201069850e-01,3.533663575558454450e-01,3.533663575558454450e-01
0.000000000000000000e+00,-1.811751013099696661e-01,-2.997234339029030692e-01,-3.495866882237403939e-01,-3.380047624095996461e-01,-2.785566459127033490e-01,-1.862328660026915661e-01,-7.469988732928962982e-02,4.479558708441664511e-02,1.635613693635731281e-01,2.752025460220208219e-01,3.753207719435781020e-01,4.612852583220293790e-01,5.320428027356578493e-01,5.878894374962051472e-01,6.301637244079540956e-01,6.608766363418969725e-01,6.823357833053320665e-01,6.968237116807741716e-01,7.063732165228174820e-01,7.126476617245814937e-01,7.169134835255387417e-01,7.200733392416999168e-01,7.227323968725060110e-01,7.252703983545567556e-01,7.279076112231605000e-01,7.307540917442266748e-01,7.338446954270796407e-01,7.371574491011633201e-01,7.406216882812441948e-01,7.441134297342756332e-01,7.474430425677780487e-01,7.503313082550894242e-01,7.523796146892466341e-01,7.530353700632553826e-01,7.515668507406304544e-01,7.470608898038839651e-01,7.384635469518113782e-01,7.246734162309399485e-01,7.046808615173156820e-01,6.777276625841539559e-01,6.434436640775988980e-01,6.019337248269498453e-01,5.537956865449710220e-01,5.000946070371627972e-01,4.422954990607003145e-01,3.821830175957731113e-01,3.217549399730035287e-01,2.630908747393065905e-01,2.082301963356439634e-01,1.590272325128522513e-01,1.170298861275836516e-01,8.340856073662748782e-02,5.890109380480935269e-02,4.379953962670560252e-02,3.786190674795231886e-02,4.037006768615231805e-02,5.018954474136670674e-02,6.591584042503510765e-02,8.602385873725038046e-02,1.090159722501371498e-01,1.335283831534588295e-01,1.584099925405251796e-01,1.827581703483389108e-01,2.059277440774607004e-01,2.275047591141524106e-01,2.472673743202679908e-01,2.651348577523039429e-01,2.811250630186232224e-01,2.953160189620946396e-01,3.078215095032033055e-01,3.187711136783521471e-01,3.283002758906423124e-01,3.365414141811777227e-01,3.436212678958152633e-01,3.496572079200153116e-01,3.547576682647679558e-01,3.590206833594760116e-01,3.625354181517986829e-01,3.653815714779121149e-01,3.676311433121309258e-01,3.693481390068096282e-01,3.705902475445747579e-01,3.714086426594061519e-01,3.718494765561181636e-01,3.719537299741118574e-01,3.717585413224845925e-01,3.712971746071564993e-01,3.706003528955576498e-01,3.696966245269961981e-01,3.686141459855966640e-01,3.673820347898103522e-01,3.660333076302098032e-01,3.646079937118765768e-01,3.631581802260354097e-01,3.617544418621263524e-01,3.604949607186917482e-01,3.595127027064765612e-01,3.589727374804117521e-01,3.589727374804117521e-01
0.000000000000000000e+00,-1.820044174762926736e-01,-3.009959986067705651e-01,-3.508738573098285074e-01,-3.389020004773296013e-01,-2.787325813732541291e-01,-1.854457130918139296e-01,-7.279298735089667627e-02,4.790461809524775016e-02,1.678886994824313195e-01,2.807036031791531050e-01,3.818950439757673454e-01,4.687842817232475978e-01,5.402810258160875012e-01,5.966585253758656116e-01,6.392468977960253929e-01,6.700625457783233596e-01,6.914283047010678640e-01,7.056486302055610116e-01,7.147795296815214749e-01,7.205064938976618594e-01,7.241131868836099272e-01,7.265147157463508476e-01,7.283221505011598929e-01,7.299166807341417318e-01,7.315147643584809511e-01,7.332203206603645773e-01,7.350591469277476531e-01,7.370008063784347918e-01,7.389669386251171979e-01,7.408319178936005889e-01,7.424135742963438034e-01,7.434585264995809961e-01,7.436202617532732262e-01,7.424368257226023893e-01,7.393128719958921291e-01,7.335192826973390146e-01,7.242215336999353603e-01,7.105449329324295960e-01,6.916749769669612302e-01,6.669737546474628909e-01,6.360911416611345626e-01,5.990414636066265786e-01,5.562417385740304754e-01,5.085054098420990210e-01,4.570096329845806937e-01,4.032318733954697310e-01,3.488714105147442401e-01,2.957386432259068720e-01,2.456482267913127349e-01,2.002863208832562081e-01,1.610999803228518046e-01,1.292029825913169339e-01,1.053140153324640810e-01,8.971919433883174255e-02,8.224111211716476910e-02,8.227951805545989650e-02,8.888807565550070622e-02,1.008887178196161416e-01,1.170015540237312329e-01,1.359566859797796678e-01,1.565876538790938743e-01,1.778894681685025125e-01,1.990554641947598624e-01,2.194819197112179154e-01,2.387569207441599117e-01,2.566288102308689756e-01,2.729733753445147126e-01,2.877569246257895008e-01,3.010088353847562570e-01,3.127965556315670526e-01,3.232107191540594116e-01,3.323518814029801649e-01,3.403245166194489579e-01,3.472307122003940871e-01,3.531687400663141574e-01,3.582301706897180194e-01,3.625004194296810867e-01,3.660573788434442477e-01,3.689726639737337943e-01,3.713108844293551702e-01,3.731310421897728324e-01,3.744860785417903348e-01,3.754242153965781092e-01,3.759886387116916362e-01,3.762187247108170207e-01,3.761498415659345618e-01,3.758145200690500842e-01,3.752425079902609317e-01,3.744621509203146514e-01,3.735010960590521845e-01,3.723884214191882647e-01,3.711565901366927211e-01,3.698449762908702643e-01,3.685038675731887592e-01,3.672008746272757973e-01,3.660290955983045436e-01,3.651143788162736770e-01,3.646128564894539625e-01,3.646128564894539625e-01
0.000000000000000000e+00,-1.827521707387325112e-01,-3.021205899826034380e-01,-3.519643286430008677e-01,-3.395695100604885774e-01,-2.786588926566678781e-01,-1.844007150613487522e-01,-7.063060812539978528e-02,5.125668006724052456e-02,1.724375791263162427e-01,2.863964885195486310e-01,3.886248450421201373e-01,4.763973046209243889e-01,5.485887585031080649e-01,6.054512873585581323e-01,6.483089210800643265e-01,6.791847238507556783e-01,7.004186490154284961e-01,7.143375915601869464e-01,7.230222206002975271e-01,7.281802744145682293e-01,7.311141375691895261e-01,7.327516192206646739e-01,7.337117421788446059e-01,7.343779700703735314e-01,7.349659007346405204e-01,7.355749936807499667e-01,7.362259626644978017e-01,7.368824192054314048e-01,7.374628183137570403e-01,7.378420965496204076e-01,7.378480101788578160e-01,7.372505208083294237e-01,7.357485094521755142e-01,7.329542642035873357e-01,7.283827752535423361e-01,7.214521482792441986e-01,7.115040269639487658e-01,6.978503794920870584e-01,6.798440169120323340e-01,6.569661964601505311e-01,6.289104861456356055e-01,5.956527570207569289e-01,5.574888484419560086e-01,5.150478639287457971e-01,4.692716026203493374e-01,4.213771174072717396e-01,3.727892829364580218e-01,3.250595526457238371e-01,2.797645316821210648e-01,2.383991049549081809e-01,2.022663358680335532e-01,1.723908815337282796e-01,1.494468436022151347e-01,1.337242668000597212e-01,1.251096545969739848e-01,1.231277385431129856e-01,1.270057816263827910e-01,1.357746135712541713e-01,1.483676437336614029e-01,1.637180709916619958e-01,1.808293880891652106e-01,1.988305069711421846e-01,2.170023905075998405e-01,2.347905733810902729e-01,2.517948988095342622e-01,2.677525015433556699e-01,2.825096677561772518e-01,2.959974212031990515e-01,3.082055525170913635e-01,3.191650011144588905e-01,3.289312000118116974e-01,3.375749894966373343e-01,3.451736222059498260e-01,3.518072651077093216e-01,3.575544521722209268e-01,3.624914205111228194e-01,3.666897780869796675e-01,3.702170603908742641e-01,3.731354376649200777e-01,3.755027171390538654e-01,3.773715483270398963e-01,3.787905346975297127e-01,3.798036996192391546e-01,3.804515712415790785e-01,3.807708164094812386e-01,3.807952768438512825e-01,3.805557995650300507e-01,3.800813528602723923e-01,3.793992850617406987e-01,3.785368940542315763e-01,3.775225871764054109e-01,3.763884250140056564e-01,3.751726969550557844e-01,3.739241114152551670e-01,3.727072156899277622e-01,3.716105357422579969e-01,3.707534077445640563e-01,3.702842796810484338e-01,3.702842796810484338e-01
0.000000000000000000e+00,-1.834141778717188476e-01,-3.030867825919295044e-01,-3.528401202139280768e-01,-3.399812263132084289e-01,-2.783019168753040340e-01,-1.830574279877616728e-01,-6.816709595822872947e-02,5.490124670504640397e-02,1.772593858629465946e-01,2.923331938270373187e-01,3.955611437997299529e-01,4.841736363639386753e-01,5.570127402842960374e-01,6.143122236703725259e-01,6.573919899362657970e-01,6.882842967388779210e-01,7.093474036166886876e-01,7.229324354526805996e-01,7.311451012497858226e-01,7.357167568311822059e-01,7.379686107078188284e-01,7.388427322473364312e-01,7.389664964424131899e-01,7.387278380411398393e-01,7.383425410662409760e-01,7.379086376693074767e-01,7.374435655980556836e-01,7.369087097875055559e-01,7.362215099736366675e-01,7.352607568049346343e-01,7.338646397151902256e-01,7.318255899653846042e-01,7.288812767656578373e-01,7.247057217185458589e-01,7.189028292555378341e-01,7.110080614768736762e-01,7.005040916860809652e-01,6.868535266052366861e-01,6.695508587343190765e-01,6.481846870896814661e-01,6.225046543127812360e-01,5.924757631770229960e-01,5.583189365859259068e-01,5.205252446876970085e-01,4.798529891242659384e-01,4.372976181222996694e-01,3.940468257375448480e-01,3.514093004370744677e-01,3.107355918593059929e-01,2.733200498164197745e-01,2.403101237235894805e-01,2.126191301966529057e-01,1.908657291955911661e-01,1.753343548681384478e-01,1.659703540034814517e-01,1.624078096371777968e-01,1.640314963003391691e-01,1.700522168605201889e-01,1.795932348062423412e-01,1.917628183282098775e-01,2.057186383747132419e-01,2.207086701340851276e-01,2.361008347283181374e-01,2.513909200550120127e-01,2.662022521442917733e-01,2.802703488446936508e-01,2.934265945655901708e-01,3.055758740823078523e-01,3.166795319463048264e-01,3.267373916496198460e-01,3.357766797473304421e-01,3.438408303606580452e-01,3.509840580376093477e-01,3.572651225210553005e-01,3.627453520704527201e-01,3.674852254532512408e-01,3.715441159031094287e-01,3.749783249587216871e-01,3.778415883233434136e-01,3.801838585846248897e-01,3.820521120933940140e-01,3.834895425927177248e-01,3.845364560182659708e-01,3.852297142200783453e-01,3.856036309594838007e-01,3.856896168116289991e-01,3.855171058115627880e-01,3.851135037045433918e-01,3.845053701223664633e-01,3.837190042408485935e-01,3.827823144537371158e-01,3.817264707408739022e-01,3.805888681568094234e-01,3.794163912683789497e-01,3.782708774666372897e-01,3.772365018920235680e-01,3.764269733863719880e-01,3.759841565074548697e-01,3.759841565074548697e-01
0.000000000000000000e+00,-1.839856842990137409e-01,-3.038828777816506288e-01,-3.534811416183301080e-01,-3.401083563793392828e-01,-2.776245448507480007e-01,-1.813717585130606436e-01,-6.535281591364891507e-02,5.889141010324427244e-02,1.824089977602004753e-01,2.985683228461354921e-01,4.027570650260774432e-01,4.921634921220273129e-01,5.656000204402672482e-01,6.232847194759658649e-01,6.665366195099278190e-01,6.973992159131732205e-01,7.182514998056743760e-01,7.314697544014471253e-01,7.391862590842278591e-01,7.431561442098038039e-01,7.447206820043071884e-01,7.448362784229000111e-01,7.441402272673451890e-01,7.430254309293554682e-01,7.417100650941265139e-01,7.402918562788586287e-01,7.387878130144568400e-01,7.371587313529780472e-01,7.353240341607176767e-01,7.331676472113052290e-01,7.305395338976008457e-01,7.272527034700039250e-01,7.230788470943527724e-01,7.177430964922311141e-01,7.109211612210338815e-01,7.022421250817640903e-01,6.913000939037333703e-01,6.776790625663485779e-01,6.609889441760246065e-01,6.409131092523929762e-01,6.172563601759588625e-01,5.899916461095342513e-01,5.592916485913133062e-01,5.255495726983043792e-01,4.893772690421482330e-01,4.515908374555738791e-01,4.131715178493478025e-01,3.752151363048568666e-01,3.388602582986143252e-01,3.052122175721886932e-01,2.752585709943732306e-01,2.497990006842422950e-01,2.293850314895708176e-01,2.142909549173239725e-01,2.045045397098744222e-01,1.997553658710369273e-01,1.995592336725430516e-01,2.032843639745823550e-01,2.102146472090554441e-01,2.196140721636409832e-01,2.307741298104384331e-01,2.430539880528956032e-01,2.559015128209273793e-01,2.688669560425888672e-01,2.816006712079319740e-01,2.938473286119688277e-01,3.054306438279467129e-01,3.162402577404017645e-01,3.262150855849418329e-01,3.353320447877082278e-01,3.435937553567107727e-01,3.510217703135549705e-01,3.576489338991054590e-01,3.635161894801032245e-01,3.686680843171649125e-01,3.731516594388157859e-01,3.770137548635420499e-01,3.803009531551646560e-01,3.830578806751433474e-01,3.853276487813450668e-01,3.871507272294889557e-01,3.885656014088384458e-01,3.896079964061573975e-01,3.903116103812784843e-01,3.907075822042688773e-01,3.908252609428647384e-01,3.906919252047863500e-01,3.903336937287695263e-01,3.897756959213350414e-01,3.890434432311100088e-01,3.881638286740525245e-01,3.871673212754372373e-01,3.860900868869689972e-01,3.849774516926708912e-01,3.838885365328434385e-01,3.829037364019634571e-01,3.821318062608293209e-01,3.817092856379220578e-01,3.817092856379220578e-01
0.000000000000000000e+00,-1.844612689867640709e-01,-3.044956654152260467e-01,-3.538649688483543887e-01,-3.399188538672286986e-01,-2.765858973140787880e-01,-1.792952742579111136e-01,-6.213389384259002113e-02,6.328451194681772307e-02,1.879447694532562496e-01,3.051594627082103162e-01,4.102674312608280971e-01,5.004180181928177262e-01,5.743970410054426434e-01,6.324107756730604768e-01,6.757803630836084485e-01,7.065638395814670680e-01,7.271627227753562073e-01,7.399804986924980454e-01,7.471765252326558748e-01,7.505308837901808472e-01,7.514048281180442102e-01,7.507701812800008367e-01,7.492741926158872356e-01,7.473162269504083355e-01,7.451173605612986250e-01,7.427770508008513239e-01,7.403128853826809186e-01,7.376874268623160313e-01,7.348232143977005970e-01,7.316111108517202588e-01,7.279127625050075823e-01,7.235606373549254844e-01,7.183558808873223844e-01,7.120662683172467311e-01,7.044257192868500494e-01,6.951373968837732953e-01,6.838838599035885757e-01,6.703444903658911658e-01,6.542232952235282895e-01,6.352816833050460854e-01,6.133769258575240135e-01,5.884954669551502038e-01,5.607829313510704905e-01,5.305591925840639211e-01,4.983247152980241346e-01,4.647469336854361255e-01,4.306361754077027149e-01,3.969002801453533902e-01,3.644917376973123568e-01,3.343390402940559780e-01,3.072817730050533269e-01,2.840050724901765911e-01,2.649941933351355750e-01,2.505031483170507833e-01,2.405527581967406014e-01,2.349466889548512127e-01,2.333123055094584730e-01,2.351471189973447229e-01,2.398744798136487055e-01,2.468898652170736785e-01,2.556049747897407021e-01,2.654763806833105311e-01,2.760289730845003064e-01,2.868644104209811529e-01,2.976655816514693909e-01,3.081898699222475613e-01,3.182622348525123157e-01,3.277623162141118929e-01,3.366149965765088403e-01,3.447785112318253464e-01,3.522373313804023631e-01,3.589937342948700816e-01,3.650637407484799701e-01,3.704717275444209812e-01,3.752485427372846405e-01,3.794281104550435990e-01,3.830468035170636609e-01,3.861412437713348522e-01,3.887483442679089407e-01,3.909038325850610618e-01,3.926426344862435913e-01,3.939978528237289002e-01,3.950013123897100908e-01,3.956828443083347802e-01,3.960709044595343564e-01,3.961921072353065121e-01,3.960719362029085366e-01,3.957346145146070082e-01,3.952041084328722365e-01,3.945046239822136425e-01,3.936622511504639377e-01,3.927063728423422773e-01,3.916721530894605174e-01,3.906032048897765674e-01,3.895563319879598030e-01,3.886084492581187710e-01,3.878642691437833578e-01,3.874561057208283366e-01,3.874561057208283366e-01
0.000000000000000000e+00,-1.848347478716188541e-01,-3.049102233218530245e-01,-3.539663691397885725e-01,-3.393770041652676706e-01,-2.751405465629769842e-01,-1.767747208931665925e-01,-5.845137366433898057e-02,6.814243227493925470e-02,1.939291573853640649e-01,3.121670390089462122e-01,4.181489924999237662e-01,5.089886173448494588e-01,5.834494692225645762e-01,6.417298777268877208e-01,6.851573949710868527e-01,7.158075277395375968e-01,7.361072563527376600e-01,7.484885080444699801e-01,7.551391847035067162e-01,7.578643334633968776e-01,7.580459834976969180e-01,7.566710693017983935e-01,7.543976908838098128e-01,7.516316432464902331e-01,7.485982210052358754e-01,7.453990203329470265e-01,7.420538772142819539e-01,7.385278082915470721e-01,7.347480335684977160e-01,7.306126735217094437e-01,7.259952976348975628e-01,7.207460802370253550e-01,7.146919145735119994e-01,7.076362475022750509e-01,6.993599586857882633e-01,6.896254006479339838e-01,6.781840186851124663e-01,6.647908211710431559e-01,6.492233256277266662e-01,6.313076156804484640e-01,6.109445031113269753e-01,5.881379215818539619e-01,5.630154688572256427e-01,5.358453638254189189e-01,5.070389452189710822e-01,4.771460400829117265e-01,4.468321061762924318e-01,4.168475851424008338e-01,3.879800472412651691e-01,3.610037927218721632e-01,3.366210486117319767e-01,3.154133926582738390e-01,2.977983403734416612e-01,2.840084958820037198e-01,2.740837431352052822e-01,2.678884435733288050e-01,2.651376419024840669e-01,2.654383561789077084e-01,2.683281448132338043e-01,2.733169859339441565e-01,2.799181723329823290e-01,2.876769155325207272e-01,2.961860157151224859e-01,3.050984127223564379e-01,3.141284131902628562e-01,3.230516477724325042e-01,3.316973977693807307e-01,3.399426539028894134e-01,3.477021723537547238e-01,3.549222091995118955e-01,3.615721765240828001e-01,3.676402852765155993e-01,3.731276395605355733e-01,3.780457983841393199e-01,3.824128137694891016e-01,3.862520999316523262e-01,3.895897687521716057e-01,3.924542798829983581e-01,3.948746130101560281e-01,3.968803626456449685e-01,3.985004594446123205e-01,3.997635072809229695e-01,4.006968764664111671e-01,4.013271657613686205e-01,4.016795704427167935e-01,4.017784316618421836e-01,4.016468854053683590e-01,4.013075969641822782e-01,4.007828743664011428e-01,4.000958718783591550e-01,3.992714735430792361e-01,3.983381992924255877e-01,3.973299686864288915e-01,3.962889825272463695e-01,3.952698002451860426e-01,3.943464612732592300e-01,3.936203432938544244e-01,3.932207563862950561e-01,3.932207563862950561e-01
0.000000000000000000e+00,-1.850990284000307573e-01,-3.051095575305936003e-01,-3.537568693299537048e-01,-3.384426269896185779e-01,-2.732378541989808340e-01,-1.737509870671592738e-01,-5.424060481655842286e-02,7.353250684199325038e-02,2.004289410837026275e-01,3.196548150199678973e-01,4.264600491135098759e-01,5.179269340429686341e-01,5.928012377461560067e-01,6.512785897926355316e-01,6.946971623325260969e-01,7.251540920134195156e-01,7.451042074788292169e-01,7.570100735001850101e-01,7.630886153739205868e-01,7.651706456837504833e-01,7.646585024035618128e-01,7.625546585333609073e-01,7.595275611079486122e-01,7.559901087316049928e-01,7.521716642960020183e-01,7.481769837237227661e-01,7.440283333388231224e-01,7.396942945229905142e-01,7.351069444998969971e-01,7.301721952252306913e-01,7.247748365154338401e-01,7.187812599165259719e-01,7.120406944338344424e-01,7.043862785706639373e-01,6.956372408263380436e-01,6.856024571744790963e-01,6.740878585649991983e-01,6.609064603932813808e-01,6.458941138830288642e-01,6.289267919500668436e-01,6.099423071127272333e-01,5.889589355162541118e-01,5.660944851567640823e-01,5.415763657224441641e-01,5.157481454807185672e-01,4.890623809302815928e-01,4.620675654660624798e-01,4.353793438855730891e-01,4.096472470545154954e-01,3.855092530332852041e-01,3.635495112353967495e-01,3.442538356910402886e-01,3.279795703154681497e-01,3.149330308277787926e-01,3.051676566606795205e-01,2.985915115803474129e-01,2.949920103626911816e-01,2.940627048209698557e-01,2.954380187876367581e-01,2.987216318977163887e-01,3.035158748669024575e-01,3.094408923879039541e-01,3.161523047054040081e-01,3.233485100109130816e-01,3.307767281128125569e-01,3.382307808641580871e-01,3.455494832909907221e-01,3.526097747016548323e-01,3.593223936446867661e-01,3.656245594697558055e-01,3.714760294325256673e-01,3.768531963110421934e-01,3.817464478828603847e-01,3.861558802643084154e-01,3.900898151737021147e-01,3.935617719233552303e-01,3.965897819130151936e-01,3.991942463906080762e-01,4.013977554370464773e-01,4.032235597301772612e-01,4.046956948690406120e-01,4.058378825791848499e-01,4.066738307282449227e-01,4.072264452303027693e-01,4.075182362208591424e-01,4.075707951261295925e-01,4.074053304365802819e-01,4.070424973388314105e-01,4.065032547395594498e-01,4.058093105685138258e-01,4.049845865716960036e-01,4.040564523888765525e-01,4.030578389111497128e-01,4.020294606025886508e-01,4.010240612771163171e-01,4.001131609215697327e-01,3.993957080734895082e-01,3.989990716208687282e-01,3.989990716208687282e-01
0.000000000000000000e+00,-1.852459472377375183e-01,-3.050742434603773701e-01,-3.532040310324242038e-01,-3.370703084358046553e-01,-2.708207921723191913e-01,-1.701581788342606261e-01,-4.943000618937218316e-02,7.952817088664226874e-02,2.075160713146503577e-01,3.276898932358418559e-01,4.352606704733094634e-01,5.272841208054013240e-01,6.024941892860270487e-01,6.610892631967916211e-01,7.044237255943678333e-01,7.346202610155746493e-01,7.541649668969252485e-01,7.655524684322901896e-01,7.710299350369670401e-01,7.724536055121364875e-01,7.712462804884736567e-01,7.684250928745175457e-01,7.646689300244441378e-01,7.603971111499701063e-01,7.558434714905624130e-01,7.511155991485305439e-01,7.462387996161078396e-01,7.411850621496166580e-01,7.358917222066734265e-01,7.302720143726976199e-01,7.242213234158824120e-01,7.176204766470221097e-01,7.103379036924629686e-01,7.022316740999298146e-01,6.931517926940841123e-01,6.829444485672709897e-01,6.714574044696712818e-01,6.585491978532055368e-01,6.440995268178638655e-01,6.280239742582708340e-01,6.102878289762606601e-01,5.909225061632750187e-01,5.700369660176083375e-01,5.478287160498871433e-01,5.245853586563113957e-01,5.006829824135602403e-01,4.765718563072715019e-01,4.527581089344290821e-01,4.297728999644759296e-01,4.081410453500289859e-01,3.883427192012048890e-01,3.707828008544946097e-01,3.557619019380410808e-01,3.434628133542276807e-01,3.339435696994461633e-01,3.271471506951773578e-01,3.229153055552160256e-01,3.210133238253548016e-01,3.211523469867744729e-01,3.230158880652904685e-01,3.262790748428921472e-01,3.306283760607560129e-01,3.357725560114863672e-01,3.414531131228100702e-01,3.474467010332636385e-01,3.535677525735047011e-01,3.596651381226048660e-01,3.656204731581575995e-01,3.713425963411514652e-01,3.767647233645516902e-01,3.818391210499192390e-01,3.865346938339523364e-01,3.908326977704912886e-01,3.947251315296238516e-01,3.982115100094685833e-01,4.012979511564207513e-01,4.039947973723779784e-01,4.063162045727846117e-01,4.082783978821168946e-01,4.098995977302766214e-01,4.111987415159548687e-01,4.121956236377380955e-01,4.129099604264208634e-01,4.133616622981515221e-01,4.135701693836303927e-01,4.135548340202881978e-01,4.133345441099286477e-01,4.129283191222293259e-01,4.123554028958827389e-01,4.116363382860429021e-01,4.107937853769246805e-01,4.098542098599665118e-01,4.088493947546229523e-01,4.078188921318923188e-01,4.068137666669759400e-01,4.059036345774000298e-01,4.051857294814965593e-01,4.047866333565448005e-01,4.047866333565448005e-01
0.000000000000000000e+00,-1.852660436512789943e-01,-3.047818719756985040e-01,-3.522706889874887004e-01,-3.352081741237382118e-01,-2.678247568887223706e-01,-1.659220681354380833e-01,-4.393995348255270994e-02,8.621024308570794659e-02,2.152681563492733763e-01,3.363432816658890601e-01,4.446122826532103445e-01,5.371106100143836493e-01,6.125668763775361514e-01,6.711892773975243198e-01,7.143541317851882511e-01,7.442147951847548626e-01,7.632915577148539077e-01,7.741132928397128632e-01,7.789576348897642166e-01,7.797064378422944309e-01,7.778018798796473288e-01,7.742753533918446118e-01,7.698149874929548497e-01,7.648463131400983217e-01,7.596067832165294131e-01,7.542069034358411805e-01,7.486744587131354267e-01,7.429849543882768304e-01,7.370804117838865022e-01,7.308809980654024097e-01,7.242915342874454154e-01,7.172055157421175497e-01,7.095078377604381314e-01,7.010770453286172543e-01,6.917883573512759732e-01,6.815169810717554011e-01,6.701437403837773310e-01,6.575612143498782425e-01,6.436832251655837389e-01,6.284540355097401054e-01,6.118606534717796475e-01,5.939424853684960315e-01,5.748024337923729465e-01,5.546119485667833082e-01,5.336152702568330852e-01,5.121243403844544240e-01,4.905112554515906331e-01,4.691897806662555515e-01,4.485952525769951738e-01,4.291556704355631302e-01,4.112659980646658497e-01,3.952596494208276967e-01,3.813900259926069070e-01,3.698150699292049870e-01,3.605956609117354494e-01,3.536980414812056495e-01,3.490080970928595150e-01,3.463457609269045001e-01,3.454860957478699257e-01,3.461758942304209996e-01,3.481527887141367406e-01,3.511574681300305700e-01,3.549465027384757776e-01,3.592979893906323996e-01,3.640175772349206196e-01,3.689384148328709867e-01,3.739222431057590001e-01,3.788560897494491764e-01,3.836510117148289600e-01,3.882378459963060635e-01,3.925654467846826923e-01,3.965967569902469347e-01,4.003073423702531719e-01,4.036821791830383366e-01,4.067146645237034730e-01,4.094041180810318870e-01,4.117552195679473059e-01,4.137761087615436928e-01,4.154781497816413816e-01,4.168745025215498390e-01,4.179801170543620548e-01,4.188106671794613600e-01,4.193826976499143155e-01,4.197128396986805066e-01,4.198180683596194340e-01,4.197151748327890286e-01,4.194211717809224194e-01,4.189531206488169568e-01,4.183288797857246388e-01,4.175675392192942925e-01,4.166907584396920550e-01,4.157238984708624407e-01,4.146978670246043164e-01,4.136510477380100914e-01,4.126332675533000427e-01,4.117126302192935516e-01,4.109855299766417835e-01,4.105787644019889826e-01,4.105787644019889826e-01
0.000000000000000000e+00,-1.851482928738417966e-01,-3.042064312518590885e-01,-3.509138099198852445e-01,-3.327965472652660850e-01,-2.641757533928992263e-01,-1.609584941989622431e-01,-3.768097874471959541e-02,9.366802248777870987e-02,2.237695271239757977e-01,3.456899477061515236e-01,4.545776939006178075e-01,5.474550867723789738e-01,6.230537477760548226e-01,6.815993135529115898e-01,7.244972490777787932e-01,7.539365812761993357e-01,7.724756030133848039e-01,7.826788125617442082e-01,7.868550032938677052e-01,7.869106489637948121e-01,7.843065692530389876e-01,7.800867439780616586e-01,7.749477110319398232e-01,7.693197848261279503e-01,7.634435500384831874e-01,7.574314071563912343e-01,7.513133517806913630e-01,7.450675811550042660e-01,7.386403678918069815e-01,7.319578031669922158e-01,7.249329712763743494e-01,7.174702483342489945e-01,7.094682517443868797e-01,7.008225981390626691e-01,6.914284402003120222e-01,6.811842874861958608e-01,6.699958624496389348e-01,6.577822742672976286e-01,6.444819022217381788e-01,6.300610205404393316e-01,6.145208836018386522e-01,5.979069817736286652e-01,5.803145065419419435e-01,5.618945812821412034e-01,5.428539911542192842e-01,5.234541281596643003e-01,5.040012826273525537e-01,4.848356957285516744e-01,4.663119636697337089e-01,4.487804201742460752e-01,4.325631394203828251e-01,4.179357924821897052e-01,4.051090774475659129e-01,3.942204976657021076e-01,3.853285589759367080e-01,3.784180370013382477e-01,3.734064187864601925e-01,3.701583833645455957e-01,3.684980016277784043e-01,3.682251955234291940e-01,3.691271972758984887e-01,3.709918573584190526e-01,3.736149285321722080e-01,3.768082757415605055e-01,3.804023716583991299e-01,3.842498279488284485e-01,3.882243112828073772e-01,3.922210693169218554e-01,3.961540758222677483e-01,3.999552456761167329e-01,4.035711845858354074e-01,4.069621330700035067e-01,4.100989975562820966e-01,4.129624595713854429e-01,4.155405017608884699e-01,4.178277979107515860e-01,4.198237416059604210e-01,4.215321059114381375e-01,4.229595113378206150e-01,4.241153032380479138e-01,4.250103795862559819e-01,4.256572279826558725e-01,4.260690411640346009e-01,4.262598685314121782e-01,4.262439758413401059e-01,4.260361109668007740e-01,4.256511428379852746e-01,4.251045581241564841e-01,4.244125698469320973e-01,4.235931057082526485e-01,4.226666132734800962e-01,4.216576052819590026e-01,4.205960257465022334e-01,4.195194234837782976e-01,4.184765722169974667e-01,4.175346713041023228e-01,4.167899767816890533e-01,4.163705720468970362e-01,4.163705720468970362e-01
0.000000000000000000e+00,-1.848797439285262412e-01,-3.033174229640318020e-01,-3.490831675610475138e-01,-3.297659980060070883e-01,-2.597883591039876761e-01,-1.551710018916485356e-01,-3.055193462678400598e-02,1.020010375794497548e-01,2.331119606265842636e-01,3.558092903799717766e-01,4.652203891321066154e-01,5.583637190851989951e-01,6.339833536267273084e-01,6.923318928133322947e-01,7.348515399093632494e-01,7.637731378871159826e-01,7.816962638100883876e-01,7.912229052657131501e-01,7.946925917935524497e-01,7.940356378977114771e-01,7.907294765405264991e-01,7.858292242590689813e-01,7.800377612332108912e-01,7.737890421356792281e-01,7.673252045820705414e-01,7.607598057203799335e-01,7.541238725160075429e-01,7.473976641835592405e-01,7.405306194539155173e-01,7.334537922552158973e-01,7.260871297609373665e-01,7.183440339675990494e-01,7.101345895700420519e-01,7.013680522660610261e-01,6.919558191946896253e-01,6.818141553235459451e-01,6.708684195749936574e-01,6.590569066174417623e-01,6.463368042086791165e-01,6.326890768138412335e-01,6.181255118119555192e-01,6.026932998830518695e-01,5.864811339496006637e-01,5.696208756527275652e-01,5.522896606961150701e-01,5.347055710749079038e-01,5.171229374079485686e-01,4.998202093584683259e-01,4.830881117350999121e-01,4.672115842722380230e-01,4.524548884130931703e-01,4.390438502931309217e-01,4.271551548215717364e-01,4.169060018967868930e-01,4.083529569419797611e-01,4.014918080159717850e-01,3.962656333284855226e-01,3.925719508316077300e-01,3.902753145510604593e-01,3.892165689801397876e-01,3.892250952855374480e-01,3.901262896286151749e-01,3.917506742327298563e-01,3.939379636376194593e-01,3.965423526965232703e-01,3.994333059366931282e-01,4.024977503733881967e-01,4.056386938713057444e-01,4.087755811702636910e-01,4.118419433250417594e-01,4.147849648155220170e-01,4.175629662319109703e-01,4.201447845928319991e-01,4.225074760492437131e-01,4.246357761214963333e-01,4.265201571787444190e-01,4.281564566623096146e-01,4.295443033104792141e-01,4.306869195595210420e-01,4.315898800638952593e-01,4.322610614138714391e-01,4.327096813444087919e-01,4.329463620615534025e-01,4.329824058818920185e-01,4.328299566048957603e-01,4.325015096566601769e-01,4.320102280546991858e-01,4.313698021295482854e-01,4.305951268808451693e-01,4.297027662513143165e-01,4.287122183338992198e-01,4.276470183652240631e-01,4.265364230988076266e-01,4.254171947809497478e-01,4.243374939231487342e-01,4.233640261030893748e-01,4.225937406131190510e-01,4.221569391660636716e-01,4.221569391660636716e-01
0.000000000000000000e+00,-1.844450739953580054e-01,-3.020787922829303862e-01,-3.467194770700411377e-01,-3.260350163467100049e-01,-2.545628338730603346e-01,-1.484481717278882118e-01,-2.243735950196983422e-02,1.113207039266067983e-01,2.433958773921774399e-01,3.667849991710503965e-01,4.766039847937413310e-01,5.698783900635017163e-01,6.453766076506745053e-01,7.033887734345140030e-01,7.454030078563699258e-01,7.736980210553642268e-01,7.909185773357005900e-01,7.997050224360798820e-01,8.024272989138466761e-01,8.010374381643237118e-01,7.970274936358801021e-01,7.914609605176737839e-01,7.850451450330501180e-01,7.782153691451192401e-01,7.712139803731129506e-01,7.641540340634830342e-01,7.570666329844296660e-01,7.499327930325231373e-01,7.427041582584195112e-01,7.353154437765825335e-01,7.276920472623145120e-01,7.197547101236444478e-01,7.114226269807160108e-01,7.026162018606019188e-01,6.932593074225614771e-01,6.832823921705122316e-01,6.726251532052484050e-01,6.612407278922040055e-01,6.490990335241595410e-01,6.361919399352702342e-01,6.225367168908143567e-01,6.081811731264921139e-01,5.932057273036063227e-01,5.777265954131975967e-01,5.618943190367030605e-01,5.458927251679061010e-01,5.299319697344864188e-01,5.142419523307145690e-01,4.990598174328272907e-01,4.846192355725211232e-01,4.711355689784098577e-01,4.587955758003744999e-01,4.477456670875292755e-01,4.380871715861645588e-01,4.298717217218790965e-01,4.231041060611735460e-01,4.177447199363997776e-01,4.137179536733820440e-01,4.109184679412262176e-01,4.092213301806929548e-01,4.084885659276764613e-01,4.085780473318654238e-01,4.093481487922498996e-01,4.106639769425830533e-01,4.123994681751945723e-01,4.144408877460498131e-01,4.166867723924070344e-01,4.190494037639377334e-01,4.214534413632022303e-01,4.238362322650154335e-01,4.261458960020264031e-01,4.283411159018636893e-01,4.303891567669618778e-01,4.322655096387837959e-01,4.339520822621755203e-01,4.354368765464337598e-01,4.367124442183003552e-01,4.377756661790798143e-01,4.386264875477947078e-01,4.392678112671407065e-01,4.397044903484759182e-01,4.399433230092785196e-01,4.399922694174410731e-01,4.398605339345720844e-01,4.395579896103121720e-01,4.390953688271963529e-01,4.384839509923791345e-01,4.377359961380012376e-01,4.368649023559103561e-01,4.358861503728817532e-01,4.348181466806659290e-01,4.336837009010904298e-01,4.325113501286230733e-01,4.313374008782127622e-01,4.302096196114234550e-01,4.291948068538374295e-01,4.283912848577746679e-01,4.279325585339781579e-01,4.279325585339781579e-01
0.000000000000000000e+00,-1.838259833512927988e-01,-3.004474460520502044e-01,-3.437520645832002342e-01,-3.215067705144820098e-01,-2.483816220697559474e-01,-1.406599291376365302e-01,-1.320457718439563104e-02,1.217526232000829128e-01,2.547311346662607945e-01,3.787050388574225712e-01,4.887906878573930469e-01,5.820347717454618097e-01,6.572437852441477268e-01,7.147582375518671816e-01,7.561219106101262355e-01,7.836683770060883791e-01,8.000907332558849783e-01,8.080685907444142835e-01,8.100005727700898550e-01,8.078581103124889973e-01,8.031444349582899100e-01,7.969286108864117590e-01,7.899192228628117984e-01,7.825508188021875755e-01,7.750636418799283778e-01,7.675688019597274314e-01,7.600958100601580281e-01,7.526253187573083148e-01,7.451098002238774054e-01,7.374864071011659750e-01,7.296845516494585571e-01,7.216305762731575202e-01,7.132509634872219451e-01,7.044746339642208310e-01,6.952354686975190656e-01,6.854743497869806301e-01,6.751422089061124288e-01,6.642023760113512365e-01,6.526343557959137787e-01,6.404363241704214005e-01,6.276291770369963885e-01,6.142583839554194292e-01,6.003971938861090152e-01,5.861464690576094760e-01,5.716354547921378426e-01,5.570180247725352585e-01,5.424696133765648520e-01,5.281790747698676958e-01,5.143417788478390484e-01,5.011483034687332916e-01,4.887760429238037219e-01,4.773781861074241073e-01,4.670777296957052682e-01,4.579605636871907914e-01,4.500747718009692755e-01,4.434294232499709776e-01,4.379991407959756833e-01,4.337272824640792668e-01,4.305334643895155633e-01,4.283184762777678123e-01,4.269721111221685961e-01,4.263775850261427025e-01,4.264179310878492002e-01,4.269787730645837054e-01,4.279526369956783149e-01,4.292399046718131106e-01,4.307512181828933029e-01,4.324070385574639852e-01,4.341387055348503998e-01,4.358871934687897909e-01,4.376033972436260133e-01,4.392465676691696963e-01,4.407842341835473965e-01,4.421906224835145949e-01,4.434464588529439255e-01,4.445375280282217179e-01,4.454544857893721344e-01,4.461916218815035196e-01,4.467467348134577798e-01,4.471201117122743374e-01,4.473144792221872001e-01,4.473341868449375869e-01,4.471852310907877825e-01,4.468746262249187473e-01,4.464105089549910699e-01,4.458017163792861171e-01,4.450580470723601856e-01,4.441901814327151587e-01,4.432103240865922777e-01,4.421327347875487757e-01,4.409749751933764172e-01,4.397590537426901425e-01,4.385130547757531416e-01,4.372729178118832660e-01,4.360864438521190323e-01,4.350209496266966291e-01,4.341769173074290222e-01,4.336919249917082220e-01,4.336919249917082220e-01
0.000000000000000000e+00,-1.830004234628029303e-01,-2.983713414762992344e-01,-3.400956470937491760e-01,-3.160649779568819318e-01,-2.411045561421627514e-01,-1.316531062028662713e-01,-2.699832178619404523e-03,1.334388393639065196e-01,2.672380264014402318e-01,3.916607009054836608e-01,5.018393894024431034e-01,5.948589690161645294e-01,6.695810606320593550e-01,7.264109210258926641e-01,7.669592871477193263e-01,7.936212747225840358e-01,8.091415561120621769e-01,8.162384722008716453e-01,8.173371397085954504e-01,8.144244044433238683e-01,8.090108931481760912e-01,8.021670111973181472e-01,7.945994265903353337e-01,7.867386939626137554e-01,7.788207938593552093e-01,7.709526752048589948e-01,7.631608068580290061e-01,7.554238768365159062e-01,7.476939734712835239e-01,7.399093123366812241e-01,7.320019313797533345e-01,7.239023114447992180e-01,7.155423142118597646e-01,7.068575897144864228e-01,6.977893609002382425e-01,6.882867423776578564e-01,6.783084738265735547e-01,6.678256942842137889e-01,6.568237466204758235e-01,6.453052736079072371e-01,6.332916984785377235e-01,6.208260234359097574e-01,6.079731550315897737e-01,5.948213759978089321e-01,5.814804054923272680e-01,5.680804074293217543e-01,5.547668884382738197e-01,5.416967001284836991e-01,5.290299429453589886e-01,5.169238772527000592e-01,5.055236805365674879e-01,4.949567405937860265e-01,4.853251710720197787e-01,4.767031894610979648e-01,4.691335616680250009e-01,4.626292035336517783e-01,4.571736748250339044e-01,4.527260842213035597e-01,4.492240842478541496e-01,4.465901462272022227e-01,4.447351614949654475e-01,4.435643700531023415e-01,4.429802325960268128e-01,4.428870393195522004e-01,4.431924827039153136e-01,4.438107006703091439e-01,4.446625894194511375e-01,4.456775161487678827e-01,4.467927269105894106e-01,4.479541419537470537e-01,4.491152610434923087e-01,4.502374221325766146e-01,4.512885172844207093e-01,4.522429875103174401e-01,4.530805483881954476e-01,4.537860895957629426e-01,4.543485174787945113e-01,4.547606508164930839e-01,4.550182259249044847e-01,4.551198305877676153e-01,4.550660811470572109e-01,4.548596089027807099e-01,4.545044030655775447e-01,4.540058572452972951e-01,4.533702830597077238e-01,4.526050568926984208e-01,4.517183797485717633e-01,4.507196789109818025e-01,4.496198421988976124e-01,4.484321597645530288e-01,4.471732539391908290e-01,4.458645632705995343e-01,4.445337259464221535e-01,4.432166311090325328e-01,4.419613583595761730e-01,4.408363077161240318e-01,4.399447866579057620e-01,4.394293655298246448e-01,4.394293655298246448e-01
0.000000000000000000e+00,-1.819415385165085997e-01,-2.957868512238328584e-01,-3.356460656112847940e-01,-3.095682177847369765e-01,-2.325627264956611207e-01,-1.212455252081625634e-01,9.256124055474587720e-03,1.465405817853502601e-01,2.810475473211375697e-01,4.057451309577783105e-01,5.158021321880794652e-01,6.083632654657636918e-01,6.823652403692340718e-01,7.382949970633090331e-01,7.778419815364723267e-01,8.034699130995770489e-01,8.179769053827946612e-01,8.241187747436220512e-01,8.243429830243885759e-01,8.206470666688124860e-01,8.145435445305033717e-01,8.070996023383569806e-01,7.990155308104712750e-01,7.907147012292007338e-01,7.824258050824488553e-01,7.742496261239627531e-01,7.662075932516875243e-01,7.582750645838700621e-01,7.504022888496096888e-01,7.425273263398788348e-01,7.345835540569328748e-01,7.265041503047409144e-01,7.182249832382620047e-01,7.096865161459497973e-01,7.008357239001347105e-01,6.916274683946498358e-01,6.820265524656170530e-01,6.720090405488015062e-01,6.615645852033277263e-01,6.506975554355822755e-01,6.394293182378592011e-01,6.277986851842740634e-01,6.158635083589091286e-01,6.036997070853470371e-01,5.914013586808576362e-01,5.790775556400415969e-01,5.668503601055544516e-01,5.548492299687068918e-01,5.432069910813362990e-01,5.320526336867801298e-01,5.215066355963132727e-01,5.116740127480494671e-01,5.026410407219414900e-01,4.944705784873632548e-01,4.872017102649154885e-01,4.808482585753102723e-01,4.754014368711650396e-01,4.708310048829802974e-01,4.670898235822041333e-01,4.641163241080404345e-01,4.618395470131141378e-01,4.601816657480440331e-01,4.590624418224723002e-01,4.584010284639055133e-01,4.581193206371125815e-01,4.581427837164859795e-01,4.584026456230334001e-01,4.588358618548205037e-01,4.593863681727578530e-01,4.600044524703912341e-01,4.606473640258851310e-01,4.612783664388288574e-01,4.618669636281407809e-01,4.623878432756383661e-01,4.628209074631204345e-01,4.631502413198313461e-01,4.633640674910816104e-01,4.634538138902679072e-01,4.634140591792688113e-01,4.632417318382410776e-01,4.629360797161614638e-01,4.624980086419143155e-01,4.619300919444991882e-01,4.612360521009327696e-01,4.604208346498612769e-01,4.594902712376204845e-01,4.584513122904233517e-01,4.573120286275670354e-01,4.560822510554886078e-01,4.547742015659956283e-01,4.534037753236049850e-01,4.519917973152353108e-01,4.505657013547014200e-01,4.491614407041551460e-01,4.478277851372702290e-01,4.466346514196993245e-01,4.456889340292174428e-01,4.451390360881835595e-01,4.451390360881835595e-01
0.000000000000000000e+00,-1.806162751669871946e-01,-2.926151833846130090e-01,-3.302743471292847177e-01,-3.018423039754575821e-01,-2.225501643817232589e-01,-1.092186230124969765e-01,2.287354121134306528e-02,1.612407365904957313e-01,2.963011110946944804e-01,4.210500464661818820e-01,5.307191436996135936e-01,6.225395513358763511e-01,6.955471941113762213e-01,7.503293779622365323e-01,7.886670427099993219e-01,8.130984688634748103e-01,8.264761555680690819e-01,8.315898280366706974e-01,8.309038760061439044e-01,8.264196265889183213e-01,8.196452195615469005e-01,8.116384876717136487e-01,8.030886880308059084e-01,7.944077956590800405e-01,7.858143417064941127e-01,7.774003152696766783e-01,7.691803916559102339e-01,7.611249183031424392e-01,7.531811104367638343e-01,7.452856382103618671e-01,7.373720806732063648e-01,7.293751980561414827e-01,7.212334840675719283e-01,7.128910397391023945e-01,7.042988157398548665e-01,6.954161595307786214e-01,6.862117990202271089e-01,6.766655530276410868e-01,6.667691652533460633e-01,6.565280803348133576e-01,6.459618603801243752e-01,6.351056382864936900e-01,6.240096362846210276e-01,6.127397347314048615e-01,6.013755330115639897e-01,5.900094899534658044e-01,5.787431601847349283e-01,5.676847383585870155e-01,5.569437017140618229e-01,5.466273480491019576e-01,5.368349091432172981e-01,5.276544128291804636e-01,5.191578120339768176e-01,5.113995777813438171e-01,5.044140091691583505e-01,4.982161949816275581e-01,4.928016625561741360e-01,4.881493173384637285e-01,4.842227135966814533e-01,4.809739947803594040e-01,4.783457862397693661e-01,4.762751619088760324e-01,4.746953531168331963e-01,4.735390936236415493e-01,4.727397092358821551e-01,4.722335778517433025e-01,4.719605062304100263e-01,4.718653352795485478e-01,4.718977249443618849e-01,4.720130852535986410e-01,4.721719689085757676e-01,4.723405408901513725e-01,4.724897683523640035e-01,4.725956112270281451e-01,4.726381527298137430e-01,4.726016436850065672e-01,4.724736663315359242e-01,4.722451182718243046e-01,4.719094610209242924e-01,4.714626937064420598e-01,4.709027096255727352e-01,4.702292869645857132e-01,4.694435628371381175e-01,4.685480625960538603e-01,4.675463120678666762e-01,4.664429612428964700e-01,4.652436295289453794e-01,4.639553003239608175e-01,4.625866543367408990e-01,4.611490474770846282e-01,4.596575748817867124e-01,4.581326379372060442e-01,4.566014891175558810e-01,4.551004345332052003e-01,4.536791960081530961e-01,4.524097623221033926e-01,4.514032975144993687e-01,4.508149441435168603e-01,4.508149441435168603e-01
0.000000000000000000e+00,-1.789834426089361163e-01,-2.887573490853361236e-01,-3.238184086055093114e-01,-2.926696648177145033e-01,-2.108127881368191403e-01,-9.530787862581784065e-02,3.839985324748466239e-02,1.777460634019964181e-01,3.131483945690929360e-01,4.376603971895650091e-01,5.466108204414465987e-01,6.373504980521996766e-01,7.090425207162873722e-01,7.623955182650400397e-01,7.992942628009038764e-01,8.223565878900630510e-01,8.344876430535421719e-01,8.385055549469744296e-01,8.368833915734430473e-01,8.316179568137034295e-01,8.242046814000073551e-01,8.156853448313081678e-01,8.067322427084037129e-01,7.977417682674581290e-01,7.889186918350463706e-01,7.803438833231521876e-01,7.720231780999623483e-01,7.639205927774914695e-01,7.559790211808401494e-01,7.481327929893203388e-01,7.403147362431944378e-01,7.324602135252477053e-01,7.245094676404022493e-01,7.164090123165317570e-01,7.081128785818004978e-01,6.995833774118731530e-01,6.907923126331003694e-01,6.817215690833619002e-01,6.723644249055112931e-01,6.627258766196257866e-01,6.528238380439860267e-01,6.426888946445223905e-01,6.323650106996379083e-01,6.219083112352555842e-01,6.113868759528857666e-01,6.008782068039201230e-01,5.904678484951614292e-01,5.802455102434820322e-01,5.703026905686148229e-01,5.607279748179221368e-01,5.516044209572221746e-01,5.430050649738014101e-01,5.349911425847296842e-01,5.276088741499418422e-01,5.208893263772698123e-01,5.148470058484133638e-01,5.094814630748668582e-01,5.047774897450953979e-01,5.007079393287513502e-01,4.972348703366901157e-01,4.943128246780270629e-01,4.918902116727604801e-01,4.899123973001655585e-01,4.883228252318077556e-01,4.870655332409469240e-01,4.860857756741310265e-01,4.853318458283853998e-01,4.847551838046672557e-01,4.843115646733718305e-01,4.839607997572362708e-01,4.836674336290459064e-01,4.834001850369816777e-01,4.831323076000205163e-01,4.828409033767219194e-01,4.825070778463217969e-01,4.821152256710388162e-01,4.816530754616493160e-01,4.811110122225363828e-01,4.804820748209919778e-01,4.797613513543242392e-01,4.789459676545631539e-01,4.780345736112543986e-01,4.770273479103245839e-01,4.759255909754921410e-01,4.747317822671796028e-01,4.734493336087212678e-01,4.720828111368642888e-01,4.706380302179775654e-01,4.691227193110248384e-01,4.675472813060517763e-01,4.659261648119303878e-01,4.642793053069896869e-01,4.626339662724054391e-01,4.610269249375841816e-01,4.595092446444761225e-01,4.581554457043305328e-01,4.570817493694934730e-01,4.564509281719243972e-01,4.564509281719243972e-01
0.000000000000000000e+00,-1.769910594122305614e-01,-2.840869018875825658e-01,-3.160711299281452891e-01,-2.817744035043909800e-01,-1.970333654390242495e-01,-7.919079461039200962e-02,5.612655978010639563e-02,1.962878474653453886e-01,3.317425113387285629e-01,4.556449990367722469e-01,5.634660835255680400e-01,6.527167173985573001e-01,7.227195944863885613e-01,7.743264863686917243e-01,8.095376444865702847e-01,8.310524568389343614e-01,8.418242350938446306e-01,8.446902575096515431e-01,8.421216679124393645e-01,8.360996235043005598e-01,8.280973584425838085e-01,8.191322276108067291e-01,8.098534286969922835e-01,8.006367051164702264e-01,7.916697551828457691e-01,7.830195837174377393e-01,7.746815544334682002e-01,7.666118996516679829e-01,7.587483300253713425e-01,7.510219841092047321e-01,7.433642795831225669e-01,7.357105464160565989e-01,7.280020085022214094e-01,7.201869979552539824e-01,7.122216253636457495e-01,7.040705986512315606e-01,6.957076004812455805e-01,6.871161770415058490e-01,6.782899400197678341e-01,6.692334664002402844e-01,6.599621455094760725e-01,6.505028403143993110e-01,6.408930929125261633e-01,6.311812318220874074e-01,6.214246525318442016e-01,6.116891140371951696e-01,6.020459651138031498e-01,5.925706102244273632e-01,5.833388887349206797e-01,5.744250829083106247e-01,5.658980682501978388e-01,5.578195826855578687e-01,5.502409790577529325e-01,5.432024921607662149e-01,5.367312279331218905e-01,5.308417860019918333e-01,5.255356228401509844e-01,5.208028703861359299e-01,5.166227478601972400e-01,5.129660799252940828e-01,5.097962304899399388e-01,5.070717671158114781e-01,5.047474366689080894e-01,5.027765563054991116e-01,5.011117226698247329e-01,4.997067086933231206e-01,4.985167856523560759e-01,4.975000805499013579e-01,4.966175291609604692e-01,4.958337596396731328e-01,4.951167661468666714e-01,4.944384304692492349e-01,4.937740234354944802e-01,4.931024786690661466e-01,4.924058160644964044e-01,4.916692626229312579e-01,4.908806678040603111e-01,4.900305411609146011e-01,4.891115047988033870e-01,4.881182946489340813e-01,4.870472761584709875e-01,4.858964399932315104e-01,4.846649978293331995e-01,4.833534015234895453e-01,4.819630507258435559e-01,4.804964039895535666e-01,4.789569116168768126e-01,4.773494195770430215e-01,4.756806162446590158e-01,4.739600813978409599e-01,4.722015312504551088e-01,4.704245509671401981e-01,4.686564159272175734e-01,4.669346075400050422e-01,4.653117970568911299e-01,4.638656011961415637e-01,4.627180712576547394e-01,4.620406241078525156e-01,4.620406241078525156e-01
0.000000000000000000e+00,-1.745724537969280954e-01,-2.784391256999667608e-01,-3.067626261200600002e-01,-2.688008717859796670e-01,-1.808110284019144309e-01,-6.047198701915998398e-02,7.639572456352294871e-02,2.171195337628032962e-01,3.522299442927627200e-01,4.750415474793599491e-01,5.812247222509452360e-01,6.684993299823017709e-01,7.363833823541181545e-01,7.858937681201817460e-01,8.191547347676078061e-01,8.389455202328999217e-01,8.482581468054128937e-01,8.499360997163577514e-01,8.464340490229761427e-01,8.397043050804650077e-01,8.311861094716072040e-01,8.218634096295965863e-01,8.123550458759545290e-01,8.030112642197796413e-01,7.939989105353448817e-01,7.853689261382702513e-01,7.771044388429251271e-01,7.691530253423111141e-01,7.614464232897606433e-01,7.539121967230563159e-01,7.464799449136019227e-01,7.390846118348668448e-01,7.316680913167497025e-01,7.241800032677722099e-01,7.165782391369370785e-01,7.088291628404984612e-01,7.009081098463253445e-01,6.927994414490894481e-01,6.844971255788137032e-01,6.760045870795722278e-01,6.673352215128856013e-01,6.585118381710428626e-01,6.495668714486523276e-01,6.405411883811190643e-01,6.314837729906005448e-01,6.224497443731205060e-01,6.134994130862665429e-01,6.046955526200300524e-01,5.961019730780842130e-01,5.877803792557725338e-01,5.797888919259435170e-01,5.721790665166323064e-01,5.649949321316849460e-01,5.582707502618217132e-01,5.520310005867181680e-01,5.462891890305088261e-01,5.410488611605156484e-01,5.363033953473123061e-01,5.320377919013001833e-01,5.282291258029819803e-01,5.248487016239592462e-01,5.218627716337647104e-01,5.192346674579284560e-01,5.169254645141642124e-01,5.148958237839155183e-01,5.131064183536255818e-01,5.115193635082390111e-01,5.100983493045420092e-01,5.088096529442850402e-01,5.076220082286980739e-01,5.065072619524660924e-01,5.054400519941634196e-01,5.043981947581029912e-01,5.033622506275223785e-01,5.023157274090420676e-01,5.012446003632056168e-01,5.001374014887334241e-01,4.989847433172638347e-01,4.977793455070259609e-01,4.965155943376998171e-01,4.951895422428388427e-01,4.937985230593568420e-01,4.923411522138342322e-01,4.908170196026256371e-01,4.892267341184955431e-01,4.875717603300855907e-01,4.858546365541067114e-01,4.840791632429462532e-01,4.822511086563315286e-01,4.803791224193479925e-01,4.784762488839571226e-01,4.765616323954693367e-01,4.746626538628988534e-01,4.728175714641000837e-01,4.710810086789452011e-01,4.695341834445712625e-01,4.683058964833935467e-01,4.675773262944909470e-01,4.675773262944909470e-01
0.000000000000000000e+00,-1.716403163917022689e-01,-2.715938894680238747e-01,-2.955330381106932580e-01,-2.532819958094677526e-01,-1.616333078275932200e-01,-3.866539053876138360e-02,9.960424705373224774e-02,2.405080432537778090e-01,3.747321822400152547e-01,4.958325678483521681e-01,5.997520302440565443e-01,6.844758372873590568e-01,7.497550643504401480e-01,7.967907648379691787e-01,8.278348869252856179e-01,8.457382122276025926e-01,8.535164381430935254e-01,8.540006637465510364e-01,8.496110511359504791e-01,8.422545505240706110e-01,8.333233422209295194e-01,8.237574729007229868e-01,8.141382353468633593e-01,8.047850015481905483e-01,7.958406276054499351e-01,7.873377076877710046e-01,7.792461360193921882e-01,7.715040710977162375e-01,7.640371560269458850e-01,7.567692227541229499e-01,7.496281179912535064e-01,7.425483980559157704e-01,7.354725599018248072e-01,7.283514988781776278e-01,7.211445911029976674e-01,7.138198380031560708e-01,7.063537500704448746e-01,6.987315958137777505e-01,6.909471897686266795e-01,6.830031981958862852e-01,6.749106962615873950e-01,6.666893545741844340e-01,6.583665798022944049e-01,6.499773909114716641e-01,6.415629909474283021e-01,6.331702053184059542e-01,6.248494474702770418e-01,6.166537408646095564e-01,6.086362341213682470e-01,6.008490351572689514e-01,5.933406373777345699e-01,5.861549580915841329e-01,5.793291319809721340e-01,5.728931445146733248e-01,5.668683455700695983e-01,5.612678783308131525e-01,5.560960155684953055e-01,5.513493198556174146e-01,5.470166569140482160e-01,5.430808300718408255e-01,5.395189921123149102e-01,5.363044380113131115e-01,5.334071319511740628e-01,5.307953919554180278e-01,5.284363246512775447e-01,5.262972365201823433e-01,5.243458697918638167e-01,5.225514777957480650e-01,5.208848413362912044e-01,5.193190212495777391e-01,5.178291885985389920e-01,5.163931088082872600e-01,5.149908420030071543e-01,5.136050264004625721e-01,5.122205065501159726e-01,5.108244796563353729e-01,5.094060996489104820e-01,5.079565381471334851e-01,5.064685989384469789e-01,5.049367318826415429e-01,5.033566805993465731e-01,5.017254776234953972e-01,5.000411435251603809e-01,4.983026944593243468e-01,4.965099307063514100e-01,4.946635344642200671e-01,4.927650785183451121e-01,4.908174418625403934e-01,4.888253688323795365e-01,4.867966117773259160e-01,4.847433967870436455e-01,4.826844104747239350e-01,4.806470401608921028e-01,4.786704229475341466e-01,4.768113506516845068e-01,4.751552278105822813e-01,4.738386084129052600e-01,4.730538177593447968e-01,4.730538177593447968e-01
0.000000000000000000e+00,-1.680769109375397363e-01,-2.632476842827861097e-01,-2.818894696869643224e-01,-2.345926824833631519e-01,-1.388387944417194819e-01,-1.317580701137212665e-02,1.262010500480138797e-01,2.667127898711990075e-01,3.993130179715340122e-01,5.179080420526174233e-01,6.188020537522265219e-01,7.003080879252236990e-01,7.624459149222053700e-01,8.066136538510059184e-01,8.351857750449435125e-01,8.510680218308841471e-01,8.572765732011925488e-01,8.566059278887329098e-01,8.514188343734478970e-01,8.435580440431521554e-01,8.343534738832535380e-01,8.246905659237542263e-01,8.151052539869620972e-01,8.058814039897668202e-01,7.971347642169060999e-01,7.888782984884369354e-01,7.810678970957369849e-01,7.736324555750955234e-01,7.664916805471297945e-01,7.595662130759809338e-01,7.527825304788845484e-01,7.460752410139785962e-01,7.393877764618215220e-01,7.326724782602663799e-01,7.258904433664377098e-01,7.190112214695958404e-01,7.120127208491070503e-01,7.048808788587185292e-01,6.976097179425027051e-01,6.902009278072116505e-01,6.826639449119178416e-01,6.750152914467811849e-01,6.672785130499633288e-01,6.594831294967141710e-01,6.516642974334020399e-01,6.438612973728465860e-01,6.361168793846357916e-01,6.284753372893427947e-01,6.209816369315396267e-01,6.136792853751674715e-01,6.066094852526877634e-01,5.998091232378209847e-01,5.933102561543707187e-01,5.871385390713428354e-01,5.813132740536350873e-01,5.758464605498558875e-01,5.707434609724205687e-01,5.660026618137412591e-01,5.616166317272652808e-01,5.575722313924953433e-01,5.538520390124280768e-01,5.504346887379368836e-01,5.472963304521162309e-01,5.444109992152443844e-01,5.417519314822778487e-01,5.392918339802948990e-01,5.370039573158300605e-01,5.348622055450529267e-01,5.328419396331532942e-01,5.309199257675467631e-01,5.290748900972931379e-01,5.272873369547378397e-01,5.255399010920547287e-01,5.238170793162589822e-01,5.221054327461956968e-01,5.203932739625545256e-01,5.186707670651449220e-01,5.169296041940135700e-01,5.151630416456930428e-01,5.133655897433371251e-01,5.115330136956388607e-01,5.096620537694861452e-01,5.077504159599660616e-01,5.057965450870158808e-01,5.037996512468774224e-01,5.017596098719523390e-01,4.996771675524908085e-01,4.975542042617908667e-01,4.953944765419706076e-01,4.932046821634046840e-01,4.909961511078675955e-01,4.887868920498382730e-01,4.866041882208969049e-01,4.844879536557442634e-01,4.824973422109512522e-01,4.807224651396310167e-01,4.793088616476212649e-01,4.784617295952246496e-01,4.784617295952246496e-01
0.000000000000000000e+00,-1.637153421484406346e-01,-2.529627988637794256e-01,-2.651334910793914368e-01,-2.118773639569719036e-01,-1.115669234114815417e-01,1.671780317611264166e-02,1.566703995331004406e-01,2.959449406342888333e-01,4.259256180611833420e-01,5.410107663366001685e-01,6.379686836277431716e-01,7.155023974195771075e-01,7.739280296654812430e-01,8.148413460104656503e-01,8.407218386963880574e-01,8.545017585665950488e-01,8.591657288850894636e-01,8.574401776253347540e-01,8.516035809271109702e-01,8.434125394846471169e-01,8.341188196564939261e-01,8.245417791854067202e-01,8.151650354897722606e-01,8.062325132360455004e-01,7.978310487549125085e-01,7.899531487999656987e-01,7.825411782385924830e-01,7.755153611573293304e-01,7.687906060207221337e-01,7.622852696802245864e-01,7.559255102700023210e-01,7.496467716316680407e-01,7.433941233624933309e-01,7.371219200146872375e-01,7.307933187311431711e-01,7.243798360550089965e-01,7.178608515891227171e-01,7.112233810156021185e-01,7.044616128013548861e-01,6.975768248838892793e-01,6.905768244494180363e-01,6.834758601504039577e-01,6.762938241276092999e-01,6.690560261362574757e-01,6.617920626364557357e-01,6.545353780145465317e-01,6.473217908507270524e-01,6.401888636786091658e-01,6.331741908246700801e-01,6.263147108502984395e-01,6.196449675326759499e-01,6.131965789609471473e-01,6.069967266960977215e-01,6.010679901596681640e-01,5.954272637299515836e-01,5.900860673178267568e-01,5.850499619914614202e-01,5.803193095507752641e-01,5.758891224059672354e-01,5.717501352981846363e-01,5.678889415445457223e-01,5.642891951938712181e-01,5.609318683323931687e-01,5.577964175709219097e-01,5.548610286318121920e-01,5.521036318715547564e-01,5.495020532935087632e-01,5.470348228716008787e-01,5.446812023413146742e-01,5.424217789801822898e-01,5.402383773941856759e-01,5.381144626796111607e-01,5.360349632300043243e-01,5.339865216103257817e-01,5.319572613516303505e-01,5.299369260190636144e-01,5.279166201386494839e-01,5.258888720213482637e-01,5.238473720605839601e-01,5.217869872321986291e-01,5.197035128720269848e-01,5.175936607110319665e-01,5.154548386872335186e-01,5.132851402836310362e-01,5.110831903736049453e-01,5.088482167754989627e-01,5.065801043277382565e-01,5.042797998929811065e-01,5.019499498737458598e-01,4.995961210500268201e-01,4.972284885324647075e-01,4.948641428954178578e-01,4.925299110602090469e-01,4.902662566775758402e-01,4.881346535142305765e-01,4.862304054949994625e-01,4.847094690801950767e-01,4.837922088668189513e-01,4.837922088668189513e-01
0.000000000000000000e+00,-1.583072393750805107e-01,-2.400824856623034187e-01,-2.442494149359885902e-01,-1.839537181630979956e-01,-7.870936057451119461e-02,5.185234353535798923e-02,1.914740340958946685e-01,3.282816903753938420e-01,4.543193196639996323e-01,5.646501754102397630e-01,6.566139470127392297e-01,7.293550012823307727e-01,7.834953187785158590e-01,8.208100580197423835e-01,8.438485410216980398e-01,8.555274737129143769e-01,8.587569968024324485e-01,8.561576228229821339e-01,8.498921144762141555e-01,8.416075466309966835e-01,8.324606270959971077e-01,8.231941285420820709e-01,8.142328669152489873e-01,8.057781398034166154e-01,7.978869072632699400e-01,7.905321022451645696e-01,7.836437774916945598e-01,7.771354328594262117e-01,7.709188365309690427e-01,7.649119107582785793e-01,7.590419074306132829e-01,7.532464654313203445e-01,7.474733078367032935e-01,7.416796414324354769e-01,7.358313786276938773e-01,7.299024348152933772e-01,7.238741906745780330e-01,7.177349243245596533e-01,7.114795250547979455e-01,7.051089601734255030e-01,6.986301034241566565e-01,6.920550944510136526e-01,6.854011456484817577e-01,6.786896853013383302e-01,6.719460494005683460e-01,6.651983619962609229e-01,6.584770866518477872e-01,6.518136812471634345e-01,6.452400683468825227e-01,6.387871900773562928e-01,6.324845321600979231e-01,6.263587633332835525e-01,6.204334764585284212e-01,6.147280921735022163e-01,6.092579402972245761e-01,6.040335356560714297e-01,5.990610315558790866e-01,5.943418729306882975e-01,5.898735572823374795e-01,5.856495843882811858e-01,5.816603990486011178e-01,5.778935152683211118e-01,5.743345020999658379e-01,5.709671633898060206e-01,5.677744524802172954e-01,5.647386199323329858e-01,5.618419853197410552e-01,5.590670055556653528e-01,5.563968748609088300e-01,5.538155013211653044e-01,5.513079388480397469e-01,5.488602828887431118e-01,5.464599576455126950e-01,5.440955531088247366e-01,5.417569985722705539e-01,5.394353652141903321e-01,5.371229565843668174e-01,5.348130974424829542e-01,5.325001670044336999e-01,5.301793888923974629e-01,5.278468267915502610e-01,5.254991857943492883e-01,5.231337883941272748e-01,5.207484044895819286e-01,5.183412485220736388e-01,5.159109107770425418e-01,5.134565233446488630e-01,5.109780452574934628e-01,5.084769940168532010e-01,5.059575992697060709e-01,5.034286361949618094e-01,5.009058248199507180e-01,4.984150303065518206e-01,4.959966825966297121e-01,4.937142495996457159e-01,4.916684399635218861e-01,4.900273196089895977e-01,4.890294459626886026e-01,4.890294459626886026e-01
0.000000000000000000e+00,-1.514314827050354251e-01,-2.235350142367027448e-01,-2.176755479549424277e-01,-1.491332292080313204e-01,-3.882799342104852058e-02,9.316611454899054179e-02,2.309717961069388259e-01,3.635617882546416380e-01,4.839404830535696256e-01,5.880253466364206982e-01,6.738189108021152007e-01,7.409289648695016606e-01,7.902624037596746032e-01,8.237280295739238811e-01,8.438889756766032590e-01,8.535879307304886643e-01,8.556077341073470288e-01,8.524184649758396182e-01,8.460332493507167761e-01,8.379648897435332255e-01,8.292592676378429672e-01,8.205729557577392530e-01,8.122678517719128521e-01,8.045013841633515961e-01,7.973020470856521102e-01,7.906253220993600950e-01,7.843920480020396546e-01,7.785117694226079132e-01,7.728960763143566393e-01,7.674647784430366215e-01,7.621484454860194546e-01,7.568885536165290695e-01,7.516369339970030428e-01,7.463547236014679287e-01,7.410114421390976425e-01,7.355841268280918221e-01,7.300566126610428253e-01,7.244190142893049966e-01,7.186671640466000266e-01,7.128023181025237021e-01,7.068306047742678455e-01,7.007628111226059664e-01,6.946137186589200763e-01,6.884018631305720559e-01,6.821486868903823275e-01,6.758782178523273787e-01,6.696160323745479204e-01,6.633888634129940787e-01,6.572234380580260771e-01,6.511460885671153109e-01,6.451815867971758545e-01,6.393528721988728236e-01,6.336800263124665600e-01,6.281802270937374422e-01,6.228669768414349939e-01,6.177503412693243767e-01,6.128364765836091799e-01,6.081281391990838170e-01,6.036244843530647053e-01,5.993217713460400331e-01,5.952133559541772367e-01,5.912904867951970234e-01,5.875423976755690392e-01,5.839570943448416651e-01,5.805214650015365629e-01,5.772219822371997822e-01,5.740447769335134121e-01,5.709762134867035765e-01,5.680029014400710397e-01,5.651121321356871174e-01,5.622918254769433410e-01,5.595308373902184718e-01,5.568188531486634174e-01,5.541465865137621405e-01,5.515056367547181981e-01,5.488886038227285269e-01,5.462889258681211668e-01,5.437009328752673287e-01,5.411196775951376825e-01,5.385409452119197526e-01,5.359610855378289518e-01,5.333769915682492480e-01,5.307859394538598785e-01,5.281855542100769574e-01,5.255736864075452042e-01,5.229484366190764177e-01,5.203082058422607847e-01,5.176520335346470603e-01,5.149802215539356354e-01,5.122955300832527925e-01,5.096049698118660931e-01,5.069223576353460992e-01,5.042717719080159755e-01,5.016926325812313125e-01,4.992494776618602303e-01,4.970480992726792890e-01,4.952704355933135183e-01,4.941771519913658040e-01,4.941771519913658040e-01
0.000000000000000000e+00,-1.423978306616796030e-01,-2.016248287447705845e-01,-1.831294104638125642e-01,-1.052051524246565839e-01,9.671303632256985500e-03,1.413846484578318019e-01,2.750473355804801123e-01,4.010172986877000301e-01,5.136070070226037565e-01,6.097532227502667768e-01,6.881609150403587005e-01,7.488704725020942643e-01,7.930079083859414846e-01,8.225374362580600840e-01,8.399556842667600387e-01,8.479580879318028286e-01,8.491381649143994181e-01,8.457673723366360141e-01,8.396736153833739280e-01,8.322121585974503466e-01,8.243038410566430052e-01,8.165126963739310906e-01,8.091359487891416347e-01,8.022892505942840202e-01,7.959760682253345099e-01,7.901391924875508233e-01,7.846946680594039103e-01,7.795526419449689826e-01,7.746281783634293427e-01,7.698463838392168856e-01,7.651436719767994443e-01,7.604675975629939799e-01,7.557756985471603128e-01,7.510343932916718757e-01,7.462178004834283396e-01,7.413068400044038331e-01,7.362884696384203176e-01,7.311550552432692918e-01,7.259039341207228491e-01,7.205369040099132150e-01,7.150599579897177760e-01,7.094827530722433995e-01,7.038183959824954039e-01,6.980828020621260288e-01,6.922944591828331662e-01,6.864736424105609691e-01,6.806421344982064303e-01,6.748223182054667868e-01,6.690368832710475999e-01,6.633078693425741301e-01,6.576564297529351455e-01,6.521019286326330544e-01,6.466618452547827633e-01,6.413510252737462114e-01,6.361817878149709227e-01,6.311633931988626101e-01,6.263023676815021590e-01,6.216021958659023738e-01,6.170638270800982150e-01,6.126855531463132332e-01,6.084636259485551868e-01,6.043922553377201190e-01,6.004642576019879607e-01,5.966711060501413977e-01,5.930035412421136298e-01,5.894516211673710426e-01,5.860052467609229154e-01,5.826541797476296747e-01,5.793884615933559967e-01,5.761983869974662831e-01,5.730748145864563714e-01,5.700090983564087832e-01,5.669933014727356335e-01,5.640200956844937386e-01,5.610828957121457572e-01,5.581757387746005827e-01,5.552933577483945005e-01,5.524310511372879651e-01,5.495847102227559011e-01,5.467506856306415530e-01,5.439257787594434790e-01,5.411071066767894067e-01,5.382920653450907755e-01,5.354781987515272457e-01,5.326631599731032063e-01,5.298446402330062588e-01,5.270204562382492242e-01,5.241887757373765444e-01,5.213487244052058545e-01,5.185014526056132000e-01,5.156518983116467059e-01,5.128113044033761891e-01,5.100008960945610070e-01,5.072575111696993044e-01,5.046449698277156726e-01,5.022726572002174095e-01,5.003377627025403784e-01,4.991275712161085676e-01,4.991275712161085676e-01
0.000000000000000000e+00,-1.295326026191879754e-01,-1.709152398925073424e-01,-1.365361355806164190e-01,-4.865697493118902733e-02,6.902880390375419617e-02,1.973611885274217381e-01,3.234428552525590583e-01,4.396867708140042574e-01,5.420241287851063072e-01,6.284759843984626393e-01,6.983902806702643185e-01,7.521317048583018305e-01,7.909277546670916426e-01,8.166843411398858610e-01,8.317300528055715514e-01,8.385279680684298853e-01,8.394154612283895034e-01,8.364154473239732157e-01,8.311371850126798577e-01,8.247577650116670878e-01,8.180634261130921292e-01,8.115231167890195607e-01,8.053724352553088828e-01,7.996906482975862929e-01,7.944634256400551209e-01,7.896277839178071911e-01,7.851018933687945456e-01,7.808021397854015833e-01,7.766521561343092683e-01,7.725861360245006582e-01,7.685496173057488889e-01,7.644985339258966173e-01,7.603980813223024660e-01,7.562212961967091918e-01,7.519479957772351453e-01,7.475637831815162837e-01,7.430593379487400174e-01,7.384298355015551651e-01,7.336744523788210071e-01,7.287960365149055431e-01,7.238006714290922128e-01,7.186974631413651782e-01,7.134980586348007581e-01,7.082164638721097916e-01,7.028684634400957920e-01,6.974714286989940337e-01,6.920436327470811388e-01,6.866040491972282833e-01,6.811715992758624605e-01,6.757649770336138229e-01,6.704018967038013477e-01,6.650990002077940000e-01,6.598711828604776342e-01,6.547316355361849638e-01,6.496913109363324779e-01,6.447591267050991615e-01,6.399415997696402680e-01,6.352432000258499967e-01,6.306661420435696330e-01,6.262108474148734283e-01,6.218758555689508638e-01,6.176583368396063589e-01,6.135540734715100308e-01,6.095579664400194719e-01,6.056640420260649416e-01,6.018659084724304886e-01,5.981567564834264772e-01,5.945297398146237589e-01,5.909779530936132286e-01,5.874947274483408588e-01,5.840735815645353712e-01,5.807084360801739731e-01,5.773935418070609282e-01,5.741236239163994837e-01,5.708937947310609440e-01,5.676996412827925997e-01,5.645371299495605122e-01,5.614026498882530580e-01,5.582929140581019967e-01,5.552049672972039218e-01,5.521360837647861786e-01,5.490837433567201664e-01,5.460455221479334487e-01,5.430190417614487730e-01,5.400018638136844240e-01,5.369914581678448817e-01,5.339852044490398519e-01,5.309805913164759028e-01,5.279756805379428597e-01,5.249700528741756411e-01,5.219663591758983978e-01,5.189726801835868875e-01,5.160061488214121583e-01,5.130989169946512662e-01,5.103111091920488063e-01,5.077522163581585923e-01,5.056345175867792419e-01,5.042756068014719872e-01,5.042756068014719872e-01
0.000000000000000000e+00,-1.107596763788209621e-01,-1.274664226215710405e-01,-7.431077046483593185e-02,2.208214644237920660e-02,1.383423396607034450e-01,2.581599477428658251e-01,3.719510596520539947e-01,4.747786079034297946e-01,5.642872250976227466e-01,6.394468339905787779e-01,7.000489129609053229e-01,7.465912132139918000e-01,7.802350975135202704e-01,8.026880398490264801e-01,8.159965828331980919e-01,8.223021450684567801e-01,8.236186253434578664e-01,8.216742379692618670e-01,8.178305131196538236e-01,8.130722465857470604e-01,8.080471170916225798e-01,8.031330194611716600e-01,7.985117955519237531e-01,7.942368429239090588e-01,7.902863713389489675e-01,7.866017744256601496e-01,7.831117103428684167e-01,7.797461399076414112e-01,7.764427153122577252e-01,7.731492713863629129e-01,7.698236088879013561e-01,7.664326327505024405e-01,7.629508868647438824e-01,7.593594283498681374e-01,7.556446765632437446e-01,7.517976520306561827e-01,7.478132871462604969e-01,7.436899482344945245e-01,7.394290548938872165e-01,7.350347214116184080e-01,7.305135414686895201e-01,7.258742336024029962e-01,7.211274986018960664e-01,7.162856053757797881e-01,7.113622701192320319e-01,7.063721603055588272e-01,7.013307785314142340e-01,6.962538971040682645e-01,6.911574578998563867e-01,6.860569774792625308e-01,6.809674940850819480e-01,6.759029980382851299e-01,6.708764624387792974e-01,6.658993510074000532e-01,6.609817579171357593e-01,6.561320265586787492e-01,6.513570012440563772e-01,6.466617639248979366e-01,6.420499764078236860e-01,6.375237185130397943e-01,6.330838831662867205e-01,6.287300859912344775e-01,6.244610711573106432e-01,6.202746602440667445e-01,6.161681325294930955e-01,6.121381870529123415e-01,6.081812726617973341e-01,6.042935468886889705e-01,6.004711438401556522e-01,5.967101228617638364e-01,5.930066729794728486e-01,5.893570511254787592e-01,5.857577288799924453e-01,5.822053236491018247e-01,5.786966968394369193e-01,5.752288821718634093e-01,5.717991447510384351e-01,5.684049092828850069e-01,5.650437873688736179e-01,5.617135051126163070e-01,5.584119016524796697e-01,5.551368508458024431e-01,5.518862291961292854e-01,5.486578251408426032e-01,5.454492827205222882e-01,5.422580236841363366e-01,5.390812473661776849e-01,5.359160319206641709e-01,5.327596886060680381e-01,5.296104764221131189e-01,5.264688561195821626e-01,5.233394292447447471e-01,5.202341614332163244e-01,5.171780777954048114e-01,5.142233042895112405e-01,5.114726572056109699e-01,5.091492222758862152e-01,5.075988588780072641e-01,5.075988588780072641e-01
0.000000000000000000e+00,-7.441996254463584259e-02,-5.506433335734539636e-02,1.827951917513140692e-02,1.180898731813059682e-01,2.256113979108057277e-01,3.302291613371531875e-01,4.267972866118797115e-01,5.130797241339185577e-01,5.880758867565952785e-01,6.513015858414132886e-01,7.026681976352647796e-01,7.425650107095151942e-01,7.719075476957674153e-01,7.920668724571187091e-01,8.047019792822579509e-01,8.115535562191689145e-01,8.142579986006753812e-01,8.142155815314746636e-01,8.125254833360299189e-01,8.099788038169395410e-01,8.070935720444289974e-01,8.041706683745492024e-01,8.013553115601198540e-01,7.986916226122422469e-01,7.961659948482936455e-01,7.937369752750820240e-01,7.913544498788209758e-01,7.889698058512649714e-01,7.865409529834669344e-01,7.840335411353824835e-01,7.814209135777102633e-01,7.786829719100175629e-01,7.758052465685343346e-01,7.727777619073011861e-01,7.695943436037343544e-01,7.662519015007789314e-01,7.627500229389611031e-01,7.590905774512416437e-01,7.552774528364739615e-01,7.513163471382054981e-01,7.472145343663235684e-01,7.429807540420512169e-01,7.386249422174637758e-01,7.341581671497131589e-01,7.295922973169870485e-01,7.249399587206137863e-01,7.202141387895384383e-01,7.154281616624930118e-01,7.105952483125431707e-01,7.057285218175789465e-01,7.008405582176627791e-01,6.959434415772424165e-01,6.910483438289418689e-01,6.861656469425077010e-01,6.813045824029096975e-01,6.764734262575130552e-01,6.716792134680575899e-01,6.669279963262390032e-01,6.622246322588604128e-01,6.575730835631022897e-01,6.529762651953242569e-01,6.484363581033528723e-01,6.439546986124221606e-01,6.395320792470069460e-01,6.351686626543664449e-01,6.308642504305862486e-01,6.266182093902898931e-01,6.224296973931207066e-01,6.182975953844603856e-01,6.142206869849010653e-01,6.101975942204792558e-01,6.062269132806800132e-01,6.023071544768925367e-01,5.984368397472528134e-01,5.946144481795889725e-01,5.908384818151730666e-01,5.871074174125013867e-01,5.834197462668212486e-01,5.797739309880215464e-01,5.761684224880835314e-01,5.726016171745440531e-01,5.690718498116706936e-01,5.655773421665520884e-01,5.621161673328063380e-01,5.586861851309541382e-01,5.552849941630072506e-01,5.519099040723204341e-01,5.485579979513390825e-01,5.452263592029573669e-01,5.419125683381705860e-01,5.386155803436279976e-01,5.353370937358812309e-01,5.320840039507579444e-01,5.288730424089322923e-01,5.257446898792097478e-01,5.227864075474277783e-01,5.202226844540140949e-01,5.184123391082385846e-01,5.184123391082385846e-01
0.000000000000000000e+00,-2.722202088529372330e-02,2.923920615973660958e-02,1.113620537094305724e-01,1.991281005851941732e-01,2.842984778473813812e-01,3.637811392416573919e-01,4.365132228700246420e-01,5.020260397372393602e-01,5.598738142367815085e-01,6.095937894022428472e-01,6.508952063835127255e-01,6.838511185108776536e-01,7.089764143503054505e-01,7.271786482519067008e-01,7.396209744196995395e-01,7.475561755125235130e-01,7.521773123009921624e-01,7.545138157591024797e-01,7.553790045727236668e-01,7.553637272725348684e-01,7.548607512127686325e-01,7.541059341695295348e-01,7.532222575691874811e-01,7.522596751092384126e-01,7.512256335128765228e-01,7.501067645318314492e-01,7.488819514861069226e-01,7.475298989890176715e-01,7.460322788116561243e-01,7.443750331088170302e-01,7.425481125184788533e-01,7.405451268762133221e-01,7.383625623673346627e-01,7.359993535922804142e-01,7.334563204070443376e-01,7.307359167458813420e-01,7.278419161972826679e-01,7.247792679627080847e-01,7.215539430678911126e-01,7.181728137974160431e-01,7.146435932268786484e-01,7.109746881667621254e-01,7.071751923776176119e-01,7.032546895550000343e-01,6.992232786247145615e-01,6.950913216064884548e-01,6.908694918338805779e-01,6.865684754345664498e-01,6.821990427344652996e-01,6.777717222147047194e-01,6.732969012669389741e-01,6.687844964056179897e-01,6.642440904718563965e-01,6.596846214423857102e-01,6.551145588967918210e-01,6.505416269040668054e-01,6.459730151369399431e-01,6.414151421330979153e-01,6.368738893246359556e-01,6.323544030474020916e-01,6.278613358124613963e-01,6.233986809553261343e-01,6.189700056329012767e-01,6.145783111165049606e-01,6.102262453527368402e-01,6.059159833740905832e-01,6.016494120748192564e-01,5.974280274635219712e-01,5.932530889658522710e-01,5.891255321072602635e-01,5.850460931932932596e-01,5.810152369739486344e-01,5.770332546718291988e-01,5.731002062489074511e-01,5.692159955916252789e-01,5.653803264189083411e-01,5.615927582637119109e-01,5.578526740186791066e-01,5.541593192959076708e-01,5.505117779808987866e-01,5.469089953477908050e-01,5.433497553316241069e-01,5.398326844084934129e-01,5.363562221055261370e-01,5.329186040245431633e-01,5.295178299362329755e-01,5.261516586468759638e-01,5.228176473503226562e-01,5.195132972951184147e-01,5.162363552384139354e-01,5.129853208650085872e-01,5.097601648298862864e-01,5.065636933576860290e-01,5.034040807870325818e-01,5.003061662033163604e-01,4.973275823634111248e-01,4.946660734048227148e-01,4.926274621266745757e-01,4.926274621266745757e-01
0.000000000000000000e+00,1.838892998624149233e-01,2.760225174852120045e-01,3.459622345536553789e-01,4.116417125636447905e-01,4.766144120604534073e-01,5.404798007937282600e-01,6.021497711948760045e-01,6.604430517988054694e-01,7.141850199890765749e-01,7.623285074950250095e-01,8.041213173759573785e-01,8.392315108575255644e-01,8.677811429579745939e-01,8.902847696338932471e-01,9.075279919313922194e-01,9.204254068845630909e-01,9.298944081664000105e-01,9.367628301379614664e-01,9.417179596397294850e-01,9.452904952940776040e-01,9.478649481374229468e-01,9.497036510500345141e-01,9.509763795579064816e-01,9.517876485916404450e-01,9.521997105754584911e-01,9.522489166004969308e-01,9.519572603829956625e-01,9.513390443860270107e-01,9.504051429870438161e-01,9.491648404880822509e-01,9.476270797321462158e-01,9.458006745005489435e-01,9.436946624139939122e-01,9.413181728700819040e-01,9.386805760098964058e-01,9.357913546421136042e-01,9.326601963998191192e-01,9.292969269413516864e-01,9.257115553027703836e-01,9.219142647436988636e-01,9.179154023028884835e-01,9.137255168396827276e-01,9.093552872945721566e-01,9.048155986705731513e-01,9.001174093814996446e-01,8.952718578344130984e-01,8.902900750065176894e-01,8.851833164275052512e-01,8.799627312117661582e-01,8.746395161287977560e-01,8.692246557741686308e-01,8.637290961818250290e-01,8.581634717018148395e-01,8.525382947005913925e-01,8.468636828968568731e-01,8.411495595356800470e-01,8.354053914182015816e-01,8.296403918047031700e-01,8.238632757364435788e-01,8.180824571163705095e-01,8.123058253424114694e-01,8.065409290214493598e-01,8.007947766556102742e-01,7.950740018146889021e-01,7.893846901332708388e-01,7.837325235707665039e-01,7.781226355817428830e-01,7.725597344913128772e-01,7.670479879350788899e-01,7.615911269358760505e-01,7.561923595036320611e-01,7.508544576988313013e-01,7.455796988522008784e-01,7.403699379726254026e-01,7.352265736997408707e-01,7.301506081498185807e-01,7.251426336899902125e-01,7.202028819281065530e-01,7.153312267757981902e-01,7.105272238506249449e-01,7.057901250166515039e-01,7.011189090967457904e-01,6.965123036197391482e-01,6.919688093807668805e-01,6.874867314747964420e-01,6.830642149638270766e-01,6.786993193372398148e-01,6.743901388046112944e-01,6.701350390281728409e-01,6.659330305537204397e-01,6.617843691594664790e-01,6.576913710775698085e-01,6.536599615889606696e-01,6.497019058403755709e-01,6.458458650247145272e-01,6.421450881011223633e-01,6.388037203103721362e-01,6.360559182328221484e-01,6.360559182328221484e-01
0.000000000000000000e+00,0.000000000000000000e+00,0.000000000000000000e+00,0.000000000000000000e+00,0.000000000000000000e+00,0.000000000000000000e+00,0.000000000000000000e+00,0.000000000000000000e+00,0.000000000000000000e+00,0.000000000000000000e+00,0.000000000000000000e+00,0.000000000000000000e+00,0.000000000000000000e+00,0.000000000000000000e+00,0.000000000000000000e+00,0.000000000000000000e+00,0.000000000000000000e+00,0.000000000000000000e+00,0.000000000000000000e+00,0.000000000000000000e+00,0.000000000000000000e+00,0.000000000000000000e+00,0.000000000000000000e+00,0.000000000000000000e+00,0.000000000000000000e+00,0.000000000000000000e+00,0.000000000000000000e+00,0.000000000000000000e+00,0.000000000000000000e+00,0.000000000000000000e+00,0.000000000000000000e+00,0.000000000000000000e+00,0.000000000000000000e+00,0.000000000000000000e+00,0.000000000000000000e+00,0.000000000000000000e+00,0.000000000000000000e+00,0.000000000000000000e+00,0.000000000000000000e+00,0.000000000000000000e+00,0.000000000000000000e+00,0.000000000000000000e+00,0.000000000000000000e+00,0.000000000000000000e+00,0.000000000000000000e+00,0.000000000000000000e+00,0.000000000000000000e+00,0.000000000000000000e+00,0.000000000000000000e+00,0.000000000000000000e+00,0.000000000000000000e+00,0.000000000000000000e+00,0.000000000000000000e+00,0.000000000000000000e+00,0.000000000000000000e+00,0.000000000000000000e+00,0.000000000000000000e+00,0.000000000000000000e+00,0.000000000000000000e+00,0.000000000000000000e+00,0.000000000000000000e+00,0.000000000000000000e+00,0.000000000000000000e+00,0.000000000000000000e+00,0.000000000000000000e+00,0.000000000000000000e+00,0.000000000000000000e+00,0.000000000000000000e+00,0.000000000000000000e+00,0.000000000000000000e+00,0.000000000000000000e+00,0.000000000000000000e+00,0.000000000000000000e+00,0.000000000000000000e+00,0.000000000000000000e+00,0.000000000000000000e+00,0.000000000000000000e+00,0.000000000000000000e+00,0.000000000000000000e+00,0.000000000000000000e+00,0.000000000000000000e+00,0.000000000000000000e+00,0.000000000000000000e+00,0.000000000000000000e+00,0.000000000000000000e+00,0.000000000000000000e+00,0.000000000000000000e+00,0.000000000000000000e+00,0.000000000000000000e+00,0.000000000000000000e+00,0.000000000000000000e+00,0.000000000000000000e+00,0.000000000000000000e+00,0.000000000000000000e+00,0.000000000000000000e+00,0.000000000000000000e+00,0.000000000000000000e+00,0.000000000000000000e+00,0.000000000000000000e+00,0.000000000000000000e+00
